lane	path	line	col	nth	name	type	verdict	decision	note
S2-UA	src/adapter/document-codec/json-codec.ts	222	8	0	rows	unknown	undecided		
S2-UA	src/adapter/document-codec/json-codec.ts	223	65	0	rows	unknown	undecided		
S2-UA	src/adapter/document-codec/json-codec.ts	224	17	0	row	unknown	undecided		
S2-UA	src/adapter/document-codec/json-codec.ts	224	52	1	row	unknown	undecided		
S2-UA	src/adapter/document-codec/json-codec.ts	224	77	2	row	Record<string, unknown>	undecided		
S2-UA	src/adapter/document-codec/json-codec.ts	225	7	0	rows	any[]	undecided		
S2-UA	src/adapter/document-codec/json-codec.ts	226	21	0	rows	any[]	undecided		
S2-UA	src/adapter/document-codec/json-codec.ts	226	31	0	row	unknown	undecided		
S2-UA	src/adapter/document-codec/json-codec.ts	227	14	0	row	unknown	undecided		
S2-UA	src/adapter/document-codec/json-codec.ts	227	37	1	row	Record<string, unknown>	undecided		
S2-UA	src/adapter/document-codec/json-codec.ts	227	43	2	row	unknown	undecided		
S2-UA	src/adapter/document-codec/json-codec.ts	227	54	3	row	Record<string, unknown>	undecided		
S2-UA	src/adapter/document-codec/json-codec.ts	249	10	0	rows	unknown	undecided		
S2-UA	src/adapter/document-codec/json-codec.ts	250	19	0	row	unknown	undecided		
S2-UA	src/adapter/document-codec/json-codec.ts	250	54	1	row	unknown	undecided		
S2-UA	src/adapter/document-codec/json-codec.ts	250	90	2	row	Record<string, unknown>	undecided		
S2-UA	src/adapter/document-codec/json-codec.ts	251	23	0	rows	unknown	undecided		
S2-UA	src/adapter/document-codec/json-codec.ts	251	33	1	rows	any[]	undecided		
S2-UA	src/adapter/document-codec/json-codec.ts	252	19	0	rows	any[]	undecided		
S2-UA	src/adapter/document-codec/json-codec.ts	252	29	0	row	unknown	undecided		
S2-UA	src/adapter/document-codec/json-codec.ts	253	12	0	row	unknown	undecided		
S2-UA	src/adapter/document-codec/json-codec.ts	253	29	1	row	unknown	undecided		
S2-UA	src/adapter/document-codec/json-codec.ts	253	96	2	row	Record<string, unknown>	undecided		
S2-UA	src/adapter/document-codec/json-codec.ts	253	104	3	row	unknown	undecided		
S2-UA	src/adapter/document-codec/json-codec.ts	297	10	0	rows	unknown	undecided		
S2-UA	src/adapter/document-codec/json-codec.ts	298	23	0	rows	unknown	undecided		
S2-UA	src/adapter/document-codec/json-codec.ts	299	9	0	rows	any[]	undecided		
S2-UA	src/adapter/document-codec/json-codec.ts	299	20	0	row	any	undecided		
S2-UA	src/adapter/document-codec/json-codec.ts	299	37	1	row	any	undecided		
S2-UA	src/adapter/document-codec/json-codec.ts	299	76	2	row	Record<string, unknown>	undecided		
S2-UA	src/adapter/document-codec/json-codec.ts	300	21	0	rows	any[]	undecided		
S2-UA	src/adapter/document-codec/json-codec.ts	300	31	0	row	unknown	undecided		
S2-UA	src/adapter/document-codec/json-codec.ts	301	20	0	row	unknown	undecided		
S2-UA	src/adapter/document-codec/json-codec.ts	301	33	1	row	unknown	undecided		
S2-UA	src/adapter/document-codec/json-codec.ts	302	47	0	row	Record<string, unknown>	undecided		
S2-UA	src/adapter/document-codec/mspdi-codec.ts	283	10	0	rows	unknown	undecided		
S2-UA	src/adapter/document-codec/mspdi-codec.ts	284	15	0	row	any	undecided		
S2-UA	src/adapter/document-codec/mspdi-codec.ts	284	36	0	rows	unknown	undecided		
S2-UA	src/adapter/document-codec/mspdi-codec.ts	284	44	1	rows	any[]	undecided		
S2-UA	src/adapter/document-codec/mspdi-codec.ts	284	78	1	row	any	undecided		
S2-UA	src/adapter/document-codec/mspdi-codec.ts	285	25	0	rows	unknown	undecided		
S2-UA	src/adapter/document-codec/mspdi-codec.ts	285	33	1	rows	any[]	undecided		
S2-UA	src/adapter/input-command-translator/field-commit.ts	291	32	0	rows	readonly RowPlacement[]	manual		
S2-UA	src/adapter/input-command-translator/frame-drags.ts	86	31	0	rows	readonly RowPlacement[]	manual		
S2-UA	src/adapter/input-command-translator/input-command-translator.ts	1290	20	0	rows	readonly RowPlacement[]	manual		
S2-UA	src/adapter/input-command-translator/input-command-translator.ts	500	16	0	rows	readonly RowPlacement[]	manual		
S2-UA	src/adapter/input-command-translator/input-command-translator.ts	510	27	0	rows	readonly RowPlacement[]	manual		
S2-UA	src/adapter/input-command-translator/item-grab.ts	559	8	0	rows	readonly RowPlacement[] | undefined	manual		
S2-UA	src/adapter/input-command-translator/item-grab.ts	560	68	1	rows	readonly RowPlacement[]	manual		
S2-UA	src/adapter/input-command-translator/item-grab.ts	560	9	0	rows	readonly RowPlacement[] | undefined	manual		
S2-UA	src/adapter/input-command-translator/item-grab.ts	643	11	0	rows	readonly RowPlacement[]	manual		
S2-UA	src/adapter/input-command-translator/item-grab.ts	663	10	0	rows	readonly RowPlacement[]	manual		
S2-UA	src/adapter/input-command-translator/item-grab.ts	666	46	0	rows	readonly RowPlacement[]	manual		
S2-UA	src/adapter/input-command-translator/item-grab.ts	671	14	0	rows	readonly RowPlacement[]	manual		
S2-UA	src/adapter/input-command-translator/item-grab.ts	672	14	0	rows	readonly RowPlacement[]	manual		
S2-UA	src/adapter/input-command-translator/item-grab.ts	682	36	0	rows	readonly RowPlacement[]	manual		
S2-UA	src/adapter/input-command-translator/item-grab.ts	682	52	1	rows	readonly RowPlacement[]	manual		
S2-UA	src/adapter/input-command-translator/item-grab.ts	683	36	0	rows	readonly RowPlacement[]	manual		
S2-UA	src/adapter/input-command-translator/item-grab.ts	683	60	1	rows	readonly RowPlacement[]	manual		
S2-UA	src/adapter/input-command-translator/item-grab.ts	685	37	0	rows	readonly RowPlacement[]	manual		
S2-UA	src/adapter/input-command-translator/item-grab.ts	685	57	1	rows	readonly RowPlacement[]	manual		
S2-UA	src/adapter/input-command-translator/item-grab.ts	686	37	0	rows	readonly RowPlacement[]	manual		
S2-UA	src/adapter/input-command-translator/item-grab.ts	686	53	1	rows	readonly RowPlacement[]	manual		
S2-UA	src/adapter/input-command-translator/item-grab.ts	703	8	0	rows	readonly RowPlacement[]	manual		
S2-UA	src/adapter/input-command-translator/item-grab.ts	704	70	0	rows	readonly RowPlacement[]	manual		
S2-UA	src/adapter/input-command-translator/item-grab.ts	719	37	0	rows	readonly RowPlacement[]	manual		
S2-UA	src/adapter/input-command-translator/item-grab.ts	720	12	0	rows	readonly RowPlacement[]	manual		
S2-UA	src/adapter/input-command-translator/item-grab.ts	721	12	0	rows	readonly RowPlacement[]	manual		
S2-UA	src/adapter/input-command-translator/item-grab.ts	727	19	0	rows	readonly RowPlacement[]	manual		
S2-UA	src/adapter/input-command-translator/item-grab.ts	741	34	0	rows	readonly RowPlacement[]	manual		
S2-UA	src/adapter/input-command-translator/item-grab.ts	742	33	0	rows	readonly RowPlacement[]	manual		
S2-UA	src/adapter/input-command-translator/item-grab.ts	742	53	1	rows	readonly RowPlacement[]	manual		
S2-UA	src/adapter/input-command-translator/row-tree-entrances.ts	162	32	0	rows	readonly RowPlacement[]	manual		
S2-UA	src/adapter/input-command-translator/row-tree-entrances.ts	187	36	0	rows	readonly RowPlacement[]	manual		
S2-UA	src/adapter/screen-renderer/app-header-items.ts	183	85	1	Row	any	undecided		
S2-UA	src/adapter/screen-renderer/app-header-items.ts	183	102	2	Row	any	undecided		
S2-UA	src/adapter/screen-renderer/app-header-items.ts	185	34	0	Row	any	undecided		
S2-UA	src/adapter/screen-renderer/app-header-items.ts	185	39	1	Row	any	undecided		
S2-UA	src/adapter/screen-renderer/row-title-panel.ts	460	16	0	rows	readonly RowPlacement[]	manual		
S2-UA	src/adapter/screen-renderer/screen-frame.ts	168	27	0	rows	readonly RowPlacement[]	manual		
S2-UA	src/adapter/screen-renderer/screen-frame.ts	189	27	0	rows	readonly RowPlacement[]	manual		
S2-UA	src/adapter/screen-renderer/search-table-filters.ts	142	45	1	Row	any	undecided		
S2-UA	src/adapter/screen-renderer/search-table-filters.ts	166	47	1	Row	any	undecided		
S2-UA	src/adapter/screen-renderer/search-table-filters.ts	171	26	0	Row	any	undecided		
S2-UA	src/adapter/screen-renderer/search-table-filters.ts	172	24	0	Row	any	undecided		
S2-UA	src/adapter/screen-renderer/search-table-filters.ts	172	32	1	Row	any	undecided		
S2-UA	src/adapter/screen-renderer/search-table-filters.ts	183	48	1	Row	any	undecided		
S2-UA	src/adapter/screen-renderer/search-table-filters.ts	183	89	2	Row	any	undecided		
S2-UA	src/adapter/screen-renderer/search-table-filters.ts	191	23	0	Row	any	undecided		
S2-UA	src/adapter/screen-renderer/search-table-filters.ts	197	40	1	Row	any	undecided		
S2-UA	src/adapter/screen-renderer/search-table-filters.ts	197	66	2	Row	any	undecided		
S2-UA	src/adapter/screen-renderer/search-table-filters.ts	197	118	3	Row	any	undecided		
S2-UA	src/adapter/screen-renderer/search-table-filters.ts	214	26	1	Row	any	undecided		
S2-UA	src/adapter/screen-renderer/search-table-filters.ts	214	79	2	Row	any	undecided		
S2-UA	src/adapter/screen-renderer/search-table-filters.ts	225	17	0	Row	any	undecided		
S2-UA	src/adapter/screen-renderer/search-table-filters.ts	226	22	0	Row	any	undecided		
S2-UA	src/adapter/screen-renderer/search-table-filters.ts	229	12	0	Row	any	undecided		
S2-UA	src/adapter/screen-renderer/search-table-filters.ts	252	54	1	Row	any	undecided		
S2-UA	src/adapter/screen-renderer/search-table-filters.ts	252	81	2	Row	any	undecided		
S2-UA	src/adapter/screen-renderer/search-table-filters.ts	64	60	0	Row	any	undecided		
S2-UA	src/adapter/screen-renderer/search-table-filters.ts	65	59	0	Row	any	undecided		
S2-UA	src/adapter/svg-renderer/schedule-grid.ts	312	39	0	rows	readonly RowPlacement[]	manual		
S2-UA	src/adapter/svg-renderer/schedule-grid.ts	312	24	0	row	RowPlacement	manual		
S2-UA	src/adapter/svg-renderer/schedule-grid.ts	313	25	0	row	RowPlacement	manual		
S2-UA	src/adapter/svg-renderer/schedule-grid.ts	313	32	1	row	RowPlacement	manual		
S2-UA	src/adapter/svg-renderer/schedule-grid.ts	314	28	0	row	RowPlacement	manual		
S2-UA	src/adapter/svg-renderer/schedule-grid.ts	314	36	1	row	RowPlacement	manual		
S2-UA	src/adapter/svg-renderer/schedule-grid.ts	316	42	0	row	RowPlacement	manual		
S2-UA	src/adapter/svg-renderer/schedule-grid.ts	316	92	1	row	RowPlacement	manual		
S2-UA	src/adapter/svg-renderer/schedule-grid.ts	317	26	1	row	RowPlacement	manual		
S2-ENT	src/entity/layout-engine/item-hit-area/drawn-selection.ts	52	33	0	rows	readonly RowPlacement[]	manual		
S2-ENT	src/entity/layout-engine/schedule-geometry/comment-box.ts	31	21	0	rows	readonly RowPlacement[]	manual		
S2-ENT	src/entity/layout-engine/schedule-geometry/highlight-box.ts	47	17	0	row	RowPlacement	manual		
S2-ENT	src/entity/layout-engine/schedule-geometry/highlight-box.ts	49	10	0	row	RowPlacement | undefined	manual		
S2-ENT	src/entity/layout-engine/schedule-geometry/highlight-box.ts	50	40	1	row	RowPlacement	manual		
S2-ENT	src/entity/layout-engine/schedule-geometry/highlight-box.ts	50	8	0	row	RowPlacement | undefined	manual		
S2-ENT	src/entity/layout-engine/schedule-geometry/highlight-box.ts	85	33	0	rows	readonly RowPlacement[]	manual		
S2-ENT	src/entity/layout-engine/schedule-geometry/highlight-box.ts	94	58	0	rows	readonly RowPlacement[]	manual		
S2-ENT	src/entity/layout-engine/schedule-geometry/progress-line.ts	33	23	0	rows	readonly RowPlacement[]	manual		
S2-ENT	src/entity/layout-engine/schedule-geometry/progress-line.ts	34	22	0	rows	readonly RowPlacement[]	manual		
S2-ENT	src/entity/layout-engine/schedule-geometry/progress-line.ts	34	34	1	rows	readonly RowPlacement[]	manual		
S2-ENT	src/entity/layout-engine/schedule-geometry/progress-line.ts	50	27	0	rows	readonly RowPlacement[]	manual		
S2-ENT	src/entity/layout-engine/schedule-geometry/schedule-geometry.ts	309	35	0	rows	readonly RowPlacement[]	manual		
S2-ENT	src/entity/layout-engine/schedule-geometry/schedule-geometry.ts	360	24	0	rows	readonly RowPlacement[]	manual		
S2-ENT	src/entity/layout-engine/schedule-geometry/schedule-geometry.ts	370	37	0	rows	readonly RowPlacement[]	manual		
S2-ENT	src/entity/layout-engine/schedule-geometry/schedule-geometry.ts	383	11	0	row	RowPlacement | null	manual		
S2-ENT	src/entity/layout-engine/schedule-geometry/schedule-geometry.ts	397	39	0	row	null	manual		
S2-ENT	src/entity/layout-engine/schedule-geometry/schedule-geometry.ts	398	10	0	row	RowPlacement | undefined	manual		
S2-ENT	src/entity/layout-engine/schedule-geometry/schedule-geometry.ts	399	36	1	row	RowPlacement	manual		
S2-ENT	src/entity/layout-engine/schedule-geometry/schedule-geometry.ts	399	8	0	row	RowPlacement | undefined	manual		
S2-ENT	src/entity/layout-engine/schedule-geometry/schedule-geometry.ts	422	12	0	row	RowPlacement | null	manual		
S2-ENT	src/entity/layout-engine/schedule-geometry/schedule-geometry.ts	424	66	0	row	RowPlacement	manual		
S2-ENT	src/entity/layout-engine/schedule-geometry/schedule-geometry.ts	426	22	0	row	RowPlacement	manual		
S2-ENT	src/entity/layout-engine/schedule-geometry/schedule-geometry.ts	528	34	0	rows	readonly RowPlacement[]	manual		
S2-ENT	src/entity/layout-engine/schedule-geometry/schedule-geometry.ts	600	35	0	rows	readonly RowPlacement[]	manual		
S2-ENT	src/entity/layout-engine/schedule-layout/fit-zoom.ts	182	14	0	rows	readonly RowPlacement[]	manual		
S2-ENT	src/entity/layout-engine/schedule-layout/fit-zoom.ts	205	13	0	rows	readonly RowPlacement[]	manual		
S2-ENT	src/entity/layout-engine/schedule-layout/pinned-band.ts	114	54	0	rows	readonly RowPlacement[]	manual		
S2-ENT	src/entity/layout-engine/schedule-layout/schedule-layout.ts	158	11	0	rows	readonly RowPlacement[]	manual		
S2-ENT	src/entity/layout-engine/schedule-layout/schedule-layout.ts	692	4	0	rows	readonly RowPlacement[]	manual		
S2-ENT	src/entity/layout-engine/schedule-layout/schedule-layout.ts	724	4	0	rows	readonly RowPlacement[]	manual		
S2-FW	src/framework/single-html-shell/frame-loop.ts	1005	30	0	rows	readonly RowPlacement[]	manual		
S2-FW	src/framework/single-html-shell/frame-loop.ts	1006	23	0	rows	readonly RowPlacement[]	manual		
S2-FW	src/framework/single-html-shell/frame-loop.ts	1040	36	0	rows	readonly RowPlacement[]	manual		
S2-FW	src/framework/single-html-shell/frame-loop.ts	1340	31	0	rows	readonly RowPlacement[]	manual		
S2-FW	src/framework/single-html-shell/interaction-record.ts	185	26	1	rows	readonly RowPlacement[]	manual		
S2-UA	src/use-case/edit-document/deletion-confirmations.ts	34	29	1	rows	readonly TaskGroup[]	manual		
S2-UA	src/use-case/edit-document/edit-task-group.ts	104	8	0	rows	TaskGroup[]	manual		
S2-UA	src/use-case/edit-document/edit-task-group.ts	111	6	0	rows	TaskGroup[]	manual		
S2-UA	src/use-case/edit-document/edit-task-group.ts	117	11	0	rows	TaskGroup[]	manual		
S2-UA	src/use-case/edit-document/edit-task-group.ts	178	27	0	rows	readonly TaskGroup[]	manual		
S2-UA	src/use-case/edit-document/edit-task-group.ts	227	41	0	rows	readonly TaskGroup[]	manual		
S2-UA	src/use-case/edit-document/edit-task-group.ts	240	56	0	rows	readonly TaskGroup[]	manual		
S2-UA	src/use-case/edit-document/edit-task-group.ts	288	40	0	rows	readonly TaskGroup[]	manual		
S2-UA	src/use-case/edit-document/edit-task-group.ts	96	11	0	rows	readonly TaskGroup[]	manual		
S2-UA	src/use-case/edit-document/search-jump.ts	90	93	0	rows	readonly RowPlacement[]	manual		
S2-UA	src/use-case/edit-document/search-jump.ts	92	109	0	rows	readonly RowPlacement[]	manual		
S2-UA	src/use-case/edit-document/task-group-order.ts	145	43	0	rows	readonly TaskGroup[]	manual		
S3-CON	tests/contract/cr-541-wheel-escape-select-all-and-display-scale.test.ts	60	30	0	rows	readonly RowPlacement[]	manual		
S3-CON	tests/contract/cr-541-wheel-escape-select-all-and-display-scale.test.ts	61	40	0	rows	readonly RowPlacement[]	manual		
S3-CON	tests/contract/cr-541-wheel-escape-select-all-and-display-scale.test.ts	63	47	0	rows	readonly RowPlacement[]	manual		
S3-CON	tests/contract/cr-561-the-delay-diagnostics-report.contract.test.ts	228	62	0	Row	any	undecided		
S3-CON	tests/contract/cr-576-two-hint-waits-and-the-dismissed-hint.contract.test.ts	260	10	0	row	Readonly<Record<string, { readonly to: string; readonly guard?: unknown; }>>	undecided		
S3-CON	tests/contract/cr-576-two-hint-waits-and-the-dismissed-hint.contract.test.ts	261	23	0	row	Readonly<Record<string, { readonly to: string; readonly guard?: unknown; }>>	undecided		
S3-CON	tests/contract/cr-576-two-hint-waits-and-the-dismissed-hint.contract.test.ts	262	11	0	row	Readonly<Record<string, { readonly to: string; readonly guard?: unknown; }>>	undecided		
S3-CON	tests/contract/cr-576-two-hint-waits-and-the-dismissed-hint.contract.test.ts	266	10	0	row	Readonly<Record<string, { readonly to: string; readonly guard?: unknown; }>>	undecided		
S3-CON	tests/contract/cr-576-two-hint-waits-and-the-dismissed-hint.contract.test.ts	267	23	0	row	Readonly<Record<string, { readonly to: string; readonly guard?: unknown; }>>	undecided		
S3-CON	tests/contract/cr-576-two-hint-waits-and-the-dismissed-hint.contract.test.ts	268	11	0	row	Readonly<Record<string, { readonly to: string; readonly guard?: unknown; }>>	undecided		
S3-CON	tests/contract/cr-577-a-row-zoom-in-below-the-floor-always-changes-the-picture.test.ts	427	72	0	rows	readonly RowPlacement[]	manual		
S3-CON	tests/contract/cr-577-a-row-zoom-in-below-the-floor-always-changes-the-picture.test.ts	483	86	1	rows	readonly RowPlacement[]	manual		
S3-CON	tests/contract/cr-577-a-row-zoom-in-below-the-floor-always-changes-the-picture.test.ts	484	50	0	rows	readonly RowPlacement[]	manual		
S3-CON	tests/contract/cr-582-the-min-height-field-reads-the-current-height.test.ts	401	38	0	rows	readonly RowPlacement[]	manual		
S3-CON	tests/contract/cr-582-the-min-height-field-reads-the-current-height.test.ts	610	10	0	row	Record<string, unknown> | undefined	undecided		
S3-CON	tests/contract/cr-582-the-min-height-field-reads-the-current-height.test.ts	611	11	0	row	Record<string, unknown> | undefined	undecided		
S3-CON	tests/contract/cr-588-the-pre-change-plan-outline.contract.test.ts	143	18	0	Rows	any	undecided		
S3-CON	tests/contract/cr-588-the-pre-change-plan-outline.contract.test.ts	166	53	0	Rows	any	undecided		
S3-CON	tests/contract/cr-596-a-click-on-the-mark-jumps-and-marks-the-landing.contract.test.ts	367	26	0	Row	any	undecided		
S3-CON	tests/contract/cr-596-a-click-on-the-mark-jumps-and-marks-the-landing.contract.test.ts	450	69	0	Row	any	undecided		
S3-CON	tests/contract/cr-596-a-click-on-the-mark-jumps-and-marks-the-landing.contract.test.ts	476	47	0	Row	any	undecided		
S3-CON	tests/contract/cr-608-an-added-row-opens-until-the-view-shrinks.test.ts	133	41	0	rows	readonly RowPlacement[] | undefined	manual		
S3-CON	tests/contract/cr-608-delete-all-opens-level-zero.test.ts	126	41	0	rows	readonly RowPlacement[] | undefined	manual		
S3-CON	tests/contract/cr-608-delete-all-opens-level-zero.test.ts	188	23	1	rows	readonly RowPlacement[]	manual		
S3-CON	tests/contract/cr-608-the-row-createtaskgroup-makes.test.ts	214	58	0	rows	readonly RowPlacement[] | undefined	manual		
S3-CON	tests/contract/cr-610-sx-1-sx-2-a-grs-json-write-is-a-save.test.ts	32	49	0	rows	any	undecided		
S3-CON	tests/contract/cr-633-delay-diagnostics-judges-by-the-link-ends.contract.test.ts	48	55	0	Row	any	undecided		
S3-CON	tests/contract/cr-661-only-the-checked-tasks-are-laid-and-drawn.contract.test.ts	121	19	0	row	(id: string, parentId: string | null, label: string, order: number, treeState: string) => Record<string, unknown>	undecided		
S3-CON	tests/contract/cr-661-only-the-checked-tasks-are-laid-and-drawn.contract.test.ts	121	58	1	row	(id: string, parentId: string | null, label: string, order: number, treeState: string) => Record<string, unknown>	undecided		
S3-CON	tests/contract/cr-661-only-the-checked-tasks-are-laid-and-drawn.contract.test.ts	121	93	2	row	(id: string, parentId: string | null, label: string, order: number, treeState: string) => Record<string, unknown>	undecided		
S3-CON	tests/contract/cr-661-only-the-checked-tasks-are-laid-and-drawn.contract.test.ts	170	61	0	rows	readonly RowPlacement[]	manual		
S3-CON	tests/contract/cr-661-only-the-checked-tasks-are-laid-and-drawn.contract.test.ts	93	6	0	row	(id: string, parentId: string | null, label: string, order: number, treeState: string) => Record<string, unknown>	undecided		
S3-CON	tests/contract/cr-667-percent-complete-counts-both-end-days.contract.test.ts	100	11	0	row	Record<string, unknown>	undecided		
S3-CON	tests/contract/cr-667-percent-complete-counts-both-end-days.contract.test.ts	105	55	0	row	Record<string, unknown>	undecided		
S3-CON	tests/contract/cr-667-percent-complete-counts-both-end-days.contract.test.ts	108	4	0	row	Record<string, unknown>	undecided		
S3-CON	tests/contract/cr-667-percent-complete-counts-both-end-days.contract.test.ts	113	4	0	row	Record<string, unknown>	undecided		
S3-CON	tests/contract/cr-667-percent-complete-counts-both-end-days.contract.test.ts	118	4	0	row	Record<string, unknown>	undecided		
S3-CON	tests/contract/cr-667-percent-complete-counts-both-end-days.contract.test.ts	123	4	0	row	Record<string, unknown>	undecided		
S3-CON	tests/contract/cr-667-percent-complete-counts-both-end-days.contract.test.ts	128	4	0	row	Record<string, unknown>	undecided		
S3-CON	tests/contract/cr-667-percent-complete-counts-both-end-days.contract.test.ts	133	4	0	row	Record<string, unknown>	undecided		
S3-CON	tests/contract/cr-667-percent-complete-counts-both-end-days.contract.test.ts	138	4	0	row	Record<string, unknown>	undecided		
S3-CON	tests/contract/cr-667-percent-complete-counts-both-end-days.contract.test.ts	171	68	0	row	Record<string, unknown>	undecided		
S3-CON	tests/contract/cr-667-percent-complete-counts-both-end-days.contract.test.ts	178	29	0	row	Record<string, unknown>	undecided		
S3-CON	tests/contract/cr-667-percent-complete-counts-both-end-days.contract.test.ts	179	67	0	row	Record<string, unknown>	undecided		
S3-CON	tests/contract/cr-667-percent-complete-counts-both-end-days.contract.test.ts	320	2	0	row	Record<string, unknown>	undecided		
S3-CON	tests/contract/cr-667-percent-complete-counts-both-end-days.contract.test.ts	343	77	0	row	Record<string, unknown>	undecided		
S3-CON	tests/contract/cr-667-percent-complete-counts-both-end-days.contract.test.ts	345	38	0	row	Record<string, unknown>	undecided		
S3-CON	tests/contract/cr-667-percent-complete-counts-both-end-days.contract.test.ts	346	66	0	row	Record<string, unknown>	undecided		
S3-CON	tests/contract/dfc-1653-the-entrances-stand-in-the-order-table-t-109-gives.contract.test.ts	42	21	0	Row	any	undecided		
S3-CON	tests/contract/dfc-2030-a-body-drag-moves-the-selected-boxes.contract.test.ts	254	37	0	rows	readonly RowPlacement[]	manual		
S3-CON	tests/contract/dfc-568-gr-14-corners-anchor-and-body.test.ts	265	11	0	rows	readonly Record<string, unknown>[] | undefined	undecided		
S3-CON	tests/contract/dfc-568-gr-14-corners-anchor-and-body.test.ts	282	42	0	rows	readonly Record<string, unknown>[] | undefined	undecided		
S3-CON	tests/contract/dfc-568-gr-14-corners-anchor-and-body.test.ts	419	37	0	rows	readonly RowPlacement[]	manual		
S3-CON	tests/contract/dfc-568-gr-14-corners-anchor-and-body.test.ts	671	27	0	rows	Record<string, unknown>[]	undecided		
S3-CON	tests/contract/dfc-568-gr-14-corners-anchor-and-body.test.ts	672	49	0	rows	readonly RowPlacement[]	manual		
S3-CON	tests/contract/dfc-568-gr-14-corners-anchor-and-body.test.ts	796	26	0	rows	Record<string, unknown>[]	undecided		
S3-CON	tests/contract/dfc-628-641-fr-016-the-band-ceiling-is-the-one-t-253-finds-from-any-start.test.ts	170	24	0	rows	readonly RowPlacement[]	manual		
S3-CON	tests/contract/dfc-628-641-fr-016-the-band-ceiling-is-the-one-t-253-finds-from-any-start.test.ts	57	43	0	rows	readonly RowPlacement[]	manual		
S3-CON	tests/contract/dfc-697-a-display-scale-step-keeps-the-row-area-middle.contract.test.ts	58	33	0	rows	readonly RowPlacement[]	manual		
S3-CON	tests/contract/dfc-699-fr-016-t-253-the-row-zoom-ceiling-follows-the-rows-the-detail-level-draws.test.ts	52	87	0	rows	readonly RowPlacement[]	manual		
S3-CON	tests/contract/dfc-699-fr-016-t-253-the-row-zoom-ceiling-follows-the-rows-the-detail-level-draws.test.ts	54	24	0	rows	readonly RowPlacement[]	manual		
S3-CON	tests/contract/dfc-699-the-row-zoom-ceiling-and-the-held-day.contract.test.ts	109	40	0	rows	readonly RowPlacement[]	manual		
S3-CON	tests/contract/dfc-699-the-row-zoom-ceiling-and-the-held-day.contract.test.ts	91	87	0	rows	readonly RowPlacement[]	manual		
S3-CON	tests/contract/display-words.contract.test.ts	1683	19	1	row	any	undecided		
S3-CON	tests/contract/t-284-the-shared-step.contract.test.ts	140	75	0	row	Readonly<Record<string, unknown>>	undecided		
S3-CON	tests/contract/t-284-the-shared-step.contract.test.ts	140	95	1	row	Readonly<Record<string, unknown>>	undecided		
S3-CON	tests/contract/w3-t4-a-saved-export-span-draws-one-picture.test.ts	336	113	0	row	any	undecided		
S3-SYS	tests/fixtures/setting-number.ts	33	8	0	row	Record<string, any>	undecided		
S3-SYS	tests/fixtures/setting-number.ts	34	23	0	row	Record<string, any>	undecided		
S3-SYS	tests/fixtures/setting-number.ts	34	50	1	row	Record<string, any>	undecided		
S3-SYS	tests/integration/schedule-drawing.sws.test.ts	1035	61	0	rows	readonly RowPlacement[]	manual		
S3-SYS	tests/integration/schedule-drawing.sws.test.ts	1981	33	0	rows	readonly RowPlacement[]	manual		
S3-SYS	tests/integration/schedule-drawing.sws.test.ts	2027	34	1	rows	readonly RowPlacement[]	manual		
S3-SYS	tests/integration/schedule-drawing.sws.test.ts	431	29	0	rows	readonly RowPlacement[]	manual		
S3-SYS	tests/integration/schedule-drawing.sws.test.ts	895	39	0	rows	readonly RowPlacement[]	manual		
S3-SYS	tests/integration/schedule-drawing.sws.test.ts	971	34	1	rows	readonly RowPlacement[]	manual		
S3-SYS	tests/system/display-words-reasons-and-watermark.test.ts	63	8	0	rows	unknown	undecided		
S3-SYS	tests/system/display-words-reasons-and-watermark.test.ts	64	21	0	rows	unknown	undecided		
S3-SYS	tests/system/display-words-reasons-and-watermark.test.ts	67	13	0	row	Record<string, unknown>	undecided		
S3-SYS	tests/system/display-words-reasons-and-watermark.test.ts	67	20	0	rows	any[]	undecided		
S3-SYS	tests/system/display-words-reasons-and-watermark.test.ts	68	8	0	row	Record<string, unknown>	undecided		
S3-SYS	tests/system/display-words-reasons-and-watermark.test.ts	69	17	0	row	Record<string, unknown>	undecided		
S3-UNIT	tests/unit/cr-404-a-row-opened-by-hand-stays-open.test.ts	366	41	0	rows	any	undecided		
S3-UNIT	tests/unit/cr-404-a-row-opened-by-hand-stays-open.test.ts	387	73	0	rows	readonly RowPlacement[]	manual		
S3-UNIT	tests/unit/cr-404-a-row-opened-by-hand-stays-open.test.ts	488	10	0	row	any	undecided		
S3-UNIT	tests/unit/cr-404-a-row-opened-by-hand-stays-open.test.ts	489	11	0	row	any	undecided		
S3-UNIT	tests/unit/cr-404-a-row-opened-by-hand-stays-open.test.ts	489	41	1	row	any	undecided		
S3-UNIT	tests/unit/cr-404-a-row-opened-by-hand-stays-open.test.ts	489	70	2	row	any	undecided		
S3-UNIT	tests/unit/cr-404-a-row-opened-by-hand-stays-open.test.ts	979	10	0	row	any	undecided		
S3-UNIT	tests/unit/cr-404-a-row-opened-by-hand-stays-open.test.ts	980	39	0	row	any	undecided		
S3-UNIT	tests/unit/cr-404-a-row-opened-by-hand-stays-open.test.ts	981	77	0	row	any	undecided		
S3-UNIT	tests/unit/cr-404-a-row-opened-by-hand-stays-open.test.ts	982	48	0	row	any	undecided		
S3-UNIT	tests/unit/cr-404-a-row-opened-by-hand-stays-open.test.ts	984	44	0	row	any	undecided		
S3-UNIT	tests/unit/cr-404-a-row-opened-by-hand-stays-open.test.ts	985	44	0	row	any	undecided		
S3-UNIT	tests/unit/cr-404-a-row-opened-by-hand-stays-open.test.ts	986	44	0	row	any	undecided		
S3-UNIT	tests/unit/cr-423-the-row-zoom-stops-where-the-picture-stops-changing.test.ts	409	45	0	rows	readonly RowPlacement[] | undefined	manual		
S3-UNIT	tests/unit/cr-551-probe-real-app.test.ts	219	65	0	rows	readonly RowPlacement[] | undefined	manual		
S3-UNIT	tests/unit/cr-555-dependency-lines-are-elided.test.ts	167	45	0	Row	any	undecided		
S3-UNIT	tests/unit/cr-555-dependency-lines-are-elided.test.ts	232	47	0	Row	any	undecided		
S3-UNIT	tests/unit/cr-555-the-continuation-mark-sends-the-view.test.ts	319	40	0	Row	any	undecided		
S3-UNIT	tests/unit/cr-555-the-continuation-mark-sends-the-view.test.ts	320	64	0	Row	any	undecided		
S3-UNIT	tests/unit/cr-558-highlight-box-grab-points-stroke-and-fill.test.ts	312	38	0	rows	readonly RowPlacement[]	manual		
S3-UNIT	tests/unit/cr-559-comment-box-leader-handle-bundles-and-look.test.ts	359	38	0	rows	readonly RowPlacement[]	manual		
S3-UNIT	tests/unit/cr-560-ctrl-drag-copies-the-selection-unstarted.test.ts	409	37	0	rows	readonly RowPlacement[]	manual		
S3-UNIT	tests/unit/cr-646-stage.ts	54	12	0	row	Record<string, any>	undecided		
S3-UNIT	tests/unit/cr-646-stage.ts	55	10	0	row	Record<string, any>	undecided		
S3-UNIT	tests/unit/cr-646-stage.ts	55	30	1	row	Record<string, any>	undecided		
S3-UNIT	tests/unit/cr-646-stage.ts	55	72	2	row	Record<string, any>	undecided		
S3-UNIT	tests/unit/cr-646-stage.ts	55	92	3	row	Record<string, any>	undecided		
S3-UNIT	tests/unit/cr-646-stage.ts	55	112	4	row	Record<string, any>	undecided		
S3-UNIT	tests/unit/cr-646-stage.ts	56	33	0	row	Record<string, any>	undecided		
S3-UNIT	tests/unit/cr-651-a-parent-whose-progress-point-leaves-its-work.test.ts	108	71	0	Row	any	undecided		
S3-UNIT	tests/unit/cr-651-a-parent-whose-progress-point-leaves-its-work.test.ts	93	35	0	Row	any	undecided		
S3-UNIT	tests/unit/cr-656-shift-drag-keeps-the-dates.test.ts	351	37	0	rows	readonly RowPlacement[]	manual		
S3-UNIT	tests/unit/fr-021-the-outline-base-of-the-file-comes-back.test.ts	106	22	0	Row	any	undecided		
S3-UNIT	tests/unit/fr-021-the-outline-base-of-the-file-comes-back.test.ts	119	31	0	Row	any	undecided		
S3-UNIT	tests/unit/fr-021-the-outline-base-of-the-file-comes-back.test.ts	131	30	0	Row	any	undecided		
S3-UNIT	tests/unit/fr-021-the-outline-base-of-the-file-comes-back.test.ts	164	32	0	Row	any	undecided		
S3-UNIT	tests/unit/fr-021-the-outline-base-of-the-file-comes-back.test.ts	178	31	0	Row	any	undecided		
S3-UNIT	tests/unit/fr-021-the-outline-base-of-the-file-comes-back.test.ts	244	34	0	Row	any	undecided		
S3-UNIT	tests/unit/fr-023-drops-unusable-dates-and-tells-the-names.test.ts	223	9	0	row	(id: string, label: string) => Record<string, unknown>	undecided		
S3-UNIT	tests/unit/fr-023-drops-unusable-dates-and-tells-the-names.test.ts	247	19	0	row	(id: string, label: string) => Record<string, unknown>	undecided		
S3-UNIT	tests/unit/fr-027-startup-shows-its-depth.test.ts	245	9	0	rows	readonly RowPlacement[]	manual		
S3-UNIT	tests/unit/fr-027-startup-shows-its-depth.test.ts	248	21	0	rows	readonly RowPlacement[]	manual		
S3-UNIT	tests/unit/fr-027-startup-shows-its-depth.test.ts	295	9	0	rows	readonly RowPlacement[]	manual		
S3-UNIT	tests/unit/fr-027-startup-shows-its-depth.test.ts	455	42	0	rows	readonly RowPlacement[]	manual		
S3-UNIT	tests/unit/t-023a-ptd-1-pan-follows-the-pointer.test.ts	512	46	0	rows	any	undecided		
S3-UNIT	tests/unit/t-023c-sl-3-marquee-drawn-while-held.test.ts	468	46	0	rows	any	undecided		
S3-UNIT	tests/unit/t-023d-follows-the-pointer.test.ts	691	46	0	rows	any	undecided		
S3-UNIT	tests/unit/t-024a-op-10-a-chosen-zoom-is-the-place.test.ts	432	32	0	rows	readonly RowPlacement[]	manual		
S3-UNIT	tests/unit/t-024a-op-10-first-day-covered.test.ts	417	26	0	rows	readonly RowPlacement[]	manual		
S3-UNIT	tests/unit/t-051-hf-15-grabbing-a-row.test.ts	573	46	0	rows	any	undecided		
S3-UNIT	tests/unit/t-051-hf-15-grabbing-a-row.test.ts	591	43	0	Row	any	undecided		
S3-UNIT	tests/unit/t-051-hf-15-grabbing-a-row.test.ts	592	59	0	Row	any	undecided		
S3-UNIT	tests/unit/t-051-hf-15-grabbing-a-row.test.ts	594	54	0	Row	any	undecided		
S3-UNIT	tests/unit/t-051-hf-15-grabbing-a-row.test.ts	821	54	0	rows	any	undecided		
S3-UNIT	tests/unit/uf-47-48-choosers.test.ts	488	9	0	row	(id: string, label: string) => Record<string, unknown>	undecided		
S3-UNIT	tests/unit/uf-47-48-choosers.test.ts	531	19	0	row	(id: string, label: string) => Record<string, unknown>	undecided		
S3-UNIT	tests/unit/uf-47-48.test.ts	1102	34	0	rows	readonly RowPlacement[]	manual		
S3-UNIT	tests/unit/uf-47-48.test.ts	1142	40	1	rows	readonly RowPlacement[]	manual		
S3-UNIT	tests/unit/uf-47-48.test.ts	1171	34	0	rows	readonly RowPlacement[]	manual		
S3-UNIT	tests/unit/uf-47-48.test.ts	1217	12	0	rows	unknown[]	undecided		
S3-UNIT	tests/unit/uf-47-48.test.ts	1223	8	0	rows	unknown[]	undecided		
S3-UNIT	tests/unit/uf-47-48.test.ts	1236	34	0	rows	unknown[]	undecided		
S3-UNIT	tests/unit/uf-47-48.test.ts	1250	34	0	rows	readonly RowPlacement[]	manual		
S3-UNIT	tests/unit/uf-47-48.test.ts	1269	34	0	rows	readonly RowPlacement[]	manual		
S3-UNIT	tests/unit/uf-47-48.test.ts	1288	32	0	rows	readonly RowPlacement[]	manual		
S3-UNIT	tests/unit/uf-47-48.test.ts	718	34	0	rows	readonly RowPlacement[]	manual		
S3-UNIT	tests/unit/uf-47-48.test.ts	719	31	0	rows	readonly RowPlacement[]	manual		
S3-CON	tests/contract/cr-425-help-separates-assignments-and-the-wheel-is-not-a-zero.test.ts	70	85		_row	string	map-name 		9 identifiers in 7 files
S3-CON	tests/contract/cr-718-a-paste-onto-two-rows-carries-rs-27.test.ts	25	6		A_REASON_IS_A_T_233_ROW	"⭐ 通知が運ぶ理由は 表 T-233 の行とすること（MUST）"	map-name 		2 identifiers in 1 files
S3-CON	tests/contract/cr-606-a-milestone-date-is-one-input.test.ts	53	6		ACTUAL_ROW	string	map-name 		8 identifiers in 1 files
S3-CON	tests/contract/erd-seats-are-never-reissued.contract.test.ts	114	6		ADDING_A_ROW_MOVES_NOTHING	"**行を足しても、それ以降の番号は動かない。**"	map-name 		2 identifiers in 1 files
S3-SYS	tests/system/measured-sweep.test.ts	3909	10		addUnderRow	string	map-name 		4 identifiers in 1 files
S2-UA	src/adapter/input-command-translator/display-scale-steps.ts	96	8		afterRows	RowPlacement[]	map-name a?		4 identifiers in 1 files
S3-UNIT	tests/unit/fr-085-double-click-a-row-name.test.ts	303	2		aimAtRow	(groupId: string) => void	map-name 		4 identifiers in 1 files
S3-SYS	tests/integration/schedule-drawing.sws.test.ts	400	2		allRows	readonly string[]	map-name 		5 identifiers in 2 files
S3-UNIT	tests/unit/t-023c-sl-3-marquee-drawn-while-held.test.ts	226	6		ALPHA_ROW	string	map-name 		2 identifiers in 1 files
S3-SYS	tests/system/cr-597-the-search-panel-word-jump-and-grab.test.ts	53	6		AM_25_SAME_ROWS	"語を 1 つ受け、検索パネルの 2 つの表と同じ行を返す。"	map-name 		2 identifiers in 1 files
S3-UNIT	tests/unit/uf-51.test.ts	51	6		AN_EXTENSION_NO_ROW_CARRIES	".zzz"	map-name 		6 identifiers in 1 files
S3-CON	tests/contract/cr-718-an-import-refusal-names-its-t-220-row.contract.test.ts	19	6		AN_IMPORT_REFUSAL_CARRIES_ITS_T_220_ROW	"⭐ ⇒ 取り込みの検証が拒んだとき、`NT-1` の通知が運ぶ理由は、拒んだ 表 T-220 の行の行 ID とすること（MUST） —— 語と次の一手は `FR-038` の辞書が同表の行 ID で持つ。"	map-name 		6 identifiers in 2 files
S3-CON	tests/contract/dfc-568-gr-14-corners-anchor-and-body.test.ts	86	6		ANCHOR_NO_ROW	"離した点の下に描かれた行が無いときは動かさず、表 T-233 の `RS-44` を運ぶ —— 置くときに行が無ければ作らない `FR-019` と同じである。"	map-name 		3 identifiers in 1 files
S3-UNIT	tests/unit/cr-559-comment-box-leader-handle-bundles-and-look.test.ts	176	6		ANCHOR_ROW	"A" | "B" | "C" | "D" | "E" | "F"	map-name 		5 identifiers in 1 files
S3-UNIT	tests/unit/cr-559-comment-box-leader-handle-bundles-and-look.test.ts	181	11		anchorRow	"A" | "B" | "C" | "D" | "E" | "F" | undefined	map-name 		9 identifiers in 2 files
S2-UA	src/use-case/edit-document/edit-annotation.ts	96	5		AnnotationNumberRow	"S-132" | "S-369" | "S-371" | "S-374" | "S-375"	map-name 		4 identifiers in 2 files
S3-UNIT	tests/unit/cr-618-same-day-links-hold.test.ts	97	6		ANY_ROW	RegExp	map-name 		2 identifiers in 1 files
S2-UA	src/adapter/screen-renderer/command-palette.ts	50	6		ARM_WORDS_BY_ROW	Map<string, { rowId: string; text: { ja: string; en: string; }; }>	map-name 		2 identifiers in 1 files
S3-CON	tests/contract/display-words.contract.test.ts	1873	6		ARMED_BY_ROW	Readonly<Record<string, ArmModeState>>	map-name 		2 identifiers in 1 files
S3-UNIT	tests/unit/fr-029-palette-grab-marker.test.ts	976	10		armRows	string[]	map-name 		2 identifiers in 1 files
S3-CON	tests/contract/cr-670-the-report-joins-dates-with-a-dash-and-speaks-reasons-in-words.contract.test.ts	70	6		ASPECT_ROWS	string[]	map-name 		6 identifiers in 1 files
S3-CON	tests/contract/cr-606-the-assignee-field-is-one-combo.test.ts	103	6		ASSIGNEE_ROW	"PR-16"	map-name 		22 identifiers in 4 files
S2-UA	src/adapter/screen-renderer/tooltips.ts	51	6		ASSIGNMENTS_BY_ROW	Map<string, { rowId: string; text: { ja: string; en: string; }; press: { ja: string; en: string; }; }>	map-name 		2 identifiers in 1 files
S3-UNIT	tests/unit/in-2-a-the-dummies-say-slide.test.ts	75	6		BAR_ROW	"11111111-1111-4111-8111-111111111111"	map-name 		9 identifiers in 3 files
S3-UNIT	tests/unit/fr-021-the-outline-base-of-the-file-comes-back.test.ts	131	6		BASE_ONE_ROWS	readonly Row[]	map-name 		11 identifiers in 1 files
S3-UNIT	tests/unit/fr-021-the-outline-base-of-the-file-comes-back.test.ts	178	6		BASE_ZERO_ROWS	readonly Row[]	map-name 		9 identifiers in 1 files
S3-UNIT	tests/unit/cr-405-the-help-scrolls-down-in-three-columns.test.ts	129	6		BASIC_ROWS	Set<string>	map-name 		3 identifiers in 1 files
S3-CON	tests/contract/cr-430-table-pe-press-and-drag-effects.test.ts	226	10		beforeRow	string | null	map-name 		4 identifiers in 1 files
S3-CON	tests/contract/cr-588-the-pre-change-plan-outline.contract.test.ts	38	6		BL_1_ROW	"① `UID` が一致する `Task` が、そのフレームで描かれている行（`TaskGroup`）に載っている"	map-name a?		7 identifiers in 1 files
S3-UNIT	tests/unit/cr-405-the-help-scrolls-down-in-three-columns.test.ts	166	9		blockOfRow	(row: string) => string | null	map-name 		5 identifiers in 1 files
S3-UNIT	tests/unit/cr-559-comment-box-leader-handle-bundles-and-look.test.ts	40	6		BODY_NO_ROW	"ずらした点の下に描かれた行が無いときは、どちらも動かさず、表 T-233 の `RS-44` を運ぶ —— 表 T-246 の `HB-3` と同じ扱いである。"	map-name 		3 identifiers in 1 files
S3-CON	tests/contract/dfc-806-double-clicking-a-highlight-box-focuses-its-frame-colour.test.ts	43	6		BODY_ROW	string	map-name 		3 identifiers in 1 files
S2-FW	src/framework/dom-screen-surface/search-panel-drawing.ts	420	9		bodyRowElement	(host: Document, row: SearchRowView, columns: readonly SearchColumnView[], places: { readonly jumpAt: number; readonly glyphAt: number | null; readonly showAt: 	map-name 		2 identifiers in 1 files
S3-CON	tests/contract/dfc-1361-the-search-table-header-stays-on-top.contract.test.ts	129	11		bodyRows	readonly (readonly FakeElement[])[]	map-name 		13 identifiers in 1 files
S3-CON	tests/contract/dfc-545-a-held-choice-or-checkbox-is-no-text-entry.contract.test.ts	30	6		BOOLEAN_ROW	"PR-8"	map-name 		3 identifiers in 1 files
S2-UA	src/adapter/screen-renderer/open-modals.ts	246	6		BROWSER_FUNCTION_WORDS_BY_ROW	Map<string, { rowId: string; text: { ja: string; en: string; }; }>	map-name 		2 identifiers in 1 files
S3-SYS	tests/system/measured-sweep.test.ts	1607	8		browserRowsListed	number	map-name 		2 identifiers in 1 files
S2-FW	src/framework/single-html-shell/browser-stored-values.ts	10	42		BrowserStoredRow	any	map-name 		4 identifiers in 1 files
S3-SYS	tests/system/cr-660-the-two-table-windows-on-the-shipped-build.test.ts	598	12		byGlyphRow	Map<string, Set<string>>	map-name 		7 identifiers in 1 files
S2-UA	src/use-case/edit-document/task-group-order.ts	74	12		byRow	number	map-name 		10 identifiers in 4 files
S3-UNIT	tests/unit/cr-551-delete-all-rows-date-fields-and-colour-field.test.ts	198	6		CD_6_ONE_ROW	"行が 0 になるので、本表の後の段により、同じ操作の一部として深さ `L1` の行が 1 つ作られる（取り消し 1 回で戻る）"	map-name 		3 identifiers in 1 files
S3-CON	tests/contract/cr-561-the-delay-diagnostics-report.contract.test.ts	257	6		CHAIN_ROWS	(statusDate: string | null) => Document	map-name 		10 identifiers in 1 files
S3-UNIT	tests/unit/cr-567-an-imported-leaf-task-sits-on-its-parents-row.test.ts	186	9		checkRows	(document: Document, expected: Expected) => void	map-name 		4 identifiers in 1 files
S3-CON	tests/contract/cr-576-zero-fade-ends-are-flat.contract.test.ts	247	6		CHEVRON_ROWS	readonly (readonly [Fade, Fade])[]	map-name 		3 identifiers in 1 files
S3-CON	tests/contract/dfc-545-a-held-choice-or-checkbox-is-no-text-entry.contract.test.ts	29	6		CHOICE_ROW	"PR-17"	map-name 		4 identifiers in 1 files
S3-SYS	tests/system/mspdi-normalization.sws.test.ts	28	6		CHOOSER_ROW	"U-54"	map-name 		5 identifiers in 1 files
S3-SYS	tests/system/cr-570-tree-state-stage.ts	457	22		chooseRow	(page: Page, id: string) => Promise<void>	map-name 		7 identifiers in 3 files
S3-CON	tests/contract/cr-441-t-274-principles-and-rows-both-ways.contract.test.ts	32	6		CLAIMED_ROWS	100	map-name 		3 identifiers in 1 files
S2-UA	src/adapter/input-command-translator/item-grab.ts	405	18		clampedRowShift	(context: InputContext, rows: readonly RowPlacement[], moving: readonly number[], boxes: SelectedBoxes, asked: number) => number	map-name a?		2 identifiers in 1 files
S3-CON	tests/contract/cr-557-the-theme-hue-field-heads-the-settings-panel.test.ts	59	6		CLAUSE_NO_ROW	"⚠️ 等しい行が無いとき（`Agent API` やファイルが置いた値）は、どの見本も囲まず、見本の段の下に値を数で示す。"	map-name 		4 identifiers in 1 files
S3-CON	tests/contract/cr-557-the-theme-hue-field-heads-the-settings-panel.test.ts	52	6		CLAUSE_ROWS_IN_ORDER	"その欄には 表 T-305 の行を同表の順に、1 段に `_assets/tbl-settings.md` の 表 T-206 の `S-368` 個ずつ並べ、押された行の色相で 表 T-108 の `CM-5` を 1 回発行すること（MUST）。"	map-name 		8 identifiers in 2 files
S3-CON	tests/contract/w3-t3-enter-and-the-two-selections.test.ts	25	6		CLAUSE_ROWS_IN_THE_DOCUMENT	"規則は 表 T-028 の `IN-4` と 表 T-036 の `SK-19` が持つ。⭐ 行の選択は、文書に在る行だけを指すこと（MUST）"	map-name 		3 identifiers in 1 files
S3-CON	tests/contract/dfc-587-title-row-entries-are-drawn.test.ts	56	6		CLOSE_ROW	"IC-52"	map-name 		7 identifiers in 1 files
S3-UNIT	tests/unit/t-023d-follows-the-pointer.test.ts	276	9		closingRuleRows	() => readonly string[]	map-name 		3 identifiers in 1 files
S3-CON	tests/contract/dfc-568-gr-14-corners-anchor-and-body.test.ts	161	6		CM_50_ROW	"| CM-50 | `CommentBox` | `setCommentBoxAnchor` |"	map-name 		2 identifiers in 1 files
S3-CON	tests/contract/dfc-568-gr-14-corners-anchor-and-body.test.ts	162	6		CM_51_ROW	"| CM-51 | `CommentBox` | `setCommentBoxBodyOffsetPx` |"	map-name 		2 identifiers in 1 files
S3-CON	tests/contract/dfc-568-gr-14-corners-anchor-and-body.test.ts	160	6		CM_54_ROW	"| CM-54 | `HighlightBox` | `setHighlightBoxRange` |"	map-name 		2 identifiers in 1 files
S3-UNIT	tests/unit/h4-several-copied-tasks-paste-back.test.ts	32	6		CM_8_ROW	"| CM-8 | `Task` | `pasteTaskSubtree` | ⭐ | 選んだ `Task` を複製する（複製元の `Task` を 1 つ以上運び、運ばない WBS の子孫はコピーしない —— `01-04-requirements.md` の 表 T-223 の `DU-1`）。`Ctrl` ドラッ	map-name 		2 identifiers in 1 files
S3-UNIT	tests/unit/cr-559-comment-box-leader-handle-bundles-and-look.test.ts	87	6		CM_ROWS	readonly [readonly ["CM-80", "setCommentBoxStrokeColor"], readonly ["CM-81", "setCommentBoxStrokeWidth"], readonly ["CM-82", "setCommentBoxFillColor"], readonly	map-name 		2 identifiers in 1 files
S3-SYS	tests/system/cr-664-the-colour-rows-line-up-with-the-other-fields.test.ts	24	6		COLOUR_ROWS	string[]	map-name 		7 identifiers in 1 files
S3-SYS	tests/system/measured-sweep.test.ts	604	9		colourPropertyRows	() => readonly string[]	map-name 		2 identifiers in 1 files
S3-CON	tests/contract/cr-606-the-panel-rows-follow-t-016.test.ts	186	8		colourRows	number	map-name 		12 identifiers in 4 files
S3-SYS	tests/system/divider-colour-corner-and-sticky-field.test.ts	133	6		COMMENT_BOX_ROWS	readonly string[]	map-name 		3 identifiers in 1 files
S2-ENT	src/entity/document-model/schedule/schedule-search.ts	48	11		commentBoxRows	readonly CommentBoxSearchRow[]	map-name 		22 identifiers in 7 files
S3-CON	tests/contract/dfc-2030-a-body-drag-moves-the-selected-boxes.contract.test.ts	98	11		commentRow	number	map-name 		5 identifiers in 1 files
S2-UA	src/use-case/edit-document/edit-task-group.ts	195	9		copiedRowOf	(schedule: Schedule, row: TaskGroup, command: { readonly kind: "pasteTaskGroupSubtree"; readonly sourceGroupId: string; readonly targetGroupId: string | null; r	map-name a?		2 identifiers in 1 files
S2-UA	src/use-case/edit-document/edit-task-group.ts	227	8		copiedRows	Set<string>	map-name 		2 identifiers in 1 files
S3-UNIT	tests/unit/h4-several-copied-tasks-paste-back.test.ts	34	6		COPY_TAKEN_ROW	"| `selection/copyTaken` | 入力（コピーできる選び方のときだけ呼び手が送る。コピーできないときは `RS-27` で断り、出来事を作らない）: `SK-4` ・ `FR-033` | `copiedForPaste` | 根 |"	map-name 		2 identifiers in 1 files
S3-UNIT	tests/unit/t-023d-follows-the-pointer.test.ts	310	9		coveredElsewhereRows	() => readonly string[]	map-name 		3 identifiers in 1 files
S3-UNIT	tests/unit/h4-several-copied-tasks-paste-back.test.ts	36	6		CR_541_ROW_8	"| 8 | Q16 で行と `Task` が両方選ばれたとき | いまの振る舞い（行を写す）のまま。何も書かない | そのまま |"	map-name 		2 identifiers in 1 files
S3-UNIT	tests/unit/h3-a-file-drop-wakes-a-frame.test.ts	31	6		CS_4_ROW	"**人の応答を待つ 1 回のファイル操作**（開く・書き出す）"	map-name 		2 identifiers in 1 files
S3-UNIT	tests/unit/cr-551-delete-all-rows-date-fields-and-colour-field.test.ts	404	6		CV_9_ORDER_SECOND_ROW	"② 2 段目 —— 残りの名を同じ順に並べ、その後ろに透明の入口、カスタムカラーの入口をこの順に置く。"	map-name 		2 identifiers in 1 files
S3-SYS	tests/system/cr-664-the-colour-rows-line-up-with-the-other-fields.test.ts	16	6		CV_9_TWO_ROWS	"⭐ 欄は見本の 2 段だけとし、項目名は 1 段目の左に置くこと（MUST）（`FR-006`）"	map-name 		7 identifiers in 2 files
S3-UNIT	tests/unit/fr-038-panel-date-language.test.ts	139	6		DATE_ROW	{ readonly id: string; readonly name: string; }	map-name 		4 identifiers in 1 files
S3-CON	tests/contract/dfc-2089-fr-006-an-empty-date-field-is-given-the-room-of-a-full-one.test.ts	35	6		DATE_ROWS	string[]	map-name 		5 identifiers in 1 files
S2-UA	src/adapter/screen-renderer/tooltips.ts	52	6		DEADLINE_ROW	"PR-10"	map-name 		3 identifiers in 1 files
S2-UA	src/adapter/screen-renderer/properties-panel.ts	984	9		declaredRowOf	(item: ItemRows) => string	map-name 		4 identifiers in 2 files
S2-UA	src/adapter/document-codec/mspdi-imported-rows.ts	47	27		deepestAncestorRow	(task: Task, tasks: readonly Task[], rowOfTask: ReadonlyMap<number, string>) => string | null	map-name 		2 identifiers in 1 files
S3-CON	tests/contract/dfc-699-fr-016-t-253-the-row-zoom-ceiling-follows-the-rows-the-detail-level-draws.test.ts	35	6		deepRowBench	() => ShellBench	map-name 		3 identifiers in 1 files
S3-CON	tests/contract/seams.contract.test.ts	158	8		defaultsBySettingRow	Map<string, string>	map-name 		4 identifiers in 1 files
S3-UNIT	tests/unit/t-015-t-051-the-four-folding-controls.test.ts	212	6		DELETE_THIS_ROW	string	map-name 		2 identifiers in 1 files
S3-CON	tests/contract/cr-606-the-panel-rows-follow-t-016.test.ts	289	6		DEPENDENCY_ROWS	T016Item[]	map-name 		5 identifiers in 1 files
S3-CON	tests/contract/cr-714-a-copy-carries-no-parent-links.test.ts	20	6		DERIVED_ROW	"導出元を持つ行をコピーしたとき、導出元の `Task` も一緒にコピーするならコピーの行の導出元をそのコピーとし、コピーしないならコピーの行の名前を確定させて導出元を空にすること（MUST）"	map-name 		2 identifiers in 1 files
S3-UNIT	tests/unit/fr-021-the-outline-base-of-the-file-comes-back.test.ts	46	6		derivedRow	(id: string) => SpecRow	map-name 		5 identifiers in 1 files
S3-CON	tests/contract/cr-616-delay-diagnostics-marks-one-dark-edge.contract.test.ts	59	6		DG_ROWS	readonly DgRow[]	map-name 		4 identifiers in 1 files
S3-CON	tests/contract/cr-561-the-delay-diagnostics-marks.contract.test.ts	69	5		DgRow	DgRow	map-name 		12 identifiers in 2 files
S2-FW	src/framework/single-html-shell/frame-loop.ts	887	6		DIFFERENCE_REVIEW_ROW	FileFlowSurfaceName	map-name 		3 identifiers in 1 files
S2-UA	src/adapter/screen-renderer/notices.ts	58	6		DISMISS_KEY_ROW_SEPARATOR	"/"	map-name 		2 identifiers in 1 files
S3-UNIT	tests/unit/uf-48-write-moment.test.ts	1189	6		displayRowsExcept	(loop: FrameLoop, key: string) => Record<string, unknown>	map-name 		3 identifiers in 1 files
S2-UA	src/use-case/apply-document-change/document-change-plan.ts	172	9		documentHoldingOneRow	(document: Document, defaultRowName: string, freshRowId: string | null) => Document	map-name 		3 identifiers in 1 files
S3-CON	tests/contract/dfc-290-d-321-fr-033-copy-and-paste-reach-the-document.test.ts	272	9		documentOfTwoRows	(fillers?: number) => Document	map-name 		13 identifiers in 1 files
S2-ENT	src/entity/document-model/schedule/schedule-invariants.ts	206	10		DocumentRow	DocumentRow	map-name 		6 identifiers in 1 files
S2-ENT	src/entity/document-model/schedule/schedule-invariants.ts	218	10		DocumentRows	DocumentRows	map-name 		2 identifiers in 1 files
S2-ENT	src/entity/document-model/schedule/schedule-invariants.ts	244	9		documentRowsOf	(schedule: Schedule) => DocumentRows	map-name 		3 identifiers in 1 files
S3-CON	tests/contract/w3-t3-enter-and-the-two-selections.test.ts	45	6		documentWithRows	() => Document	map-name 		6 identifiers in 2 files
S3-UNIT	tests/unit/t-023d-follows-the-pointer.test.ts	1157	8		downToRowB	(loop: FrameLoop) => number	map-name 		4 identifiers in 1 files
S2-UA	src/adapter/input-command-translator/zoom-and-fit.ts	140	9		drawsSameRows	(one: readonly RowPlacement[], other: readonly RowPlacement[]) => boolean	map-name a?		3 identifiers in 1 files
S3-UNIT	tests/unit/uf-8-9-replace-document.test.ts	160	6		DRIVEN_ROWS	string[]	map-name 		6 identifiers in 1 files
S2-UA	src/adapter/screen-renderer/command-palette.ts	99	6		DUAL_CURSOR_ROW	string	map-name 		2 identifiers in 1 files
S3-UNIT	tests/unit/in-2-b-armed-dependency-shows-the-arrow.test.ts	78	6		DUMMY_BAR_ROW	"33333333-3333-4333-8333-333333333333"	map-name 		3 identifiers in 1 files
S3-UNIT	tests/unit/in-2-b-armed-dependency-shows-the-arrow.test.ts	79	6		DUMMY_STONE_ROW	"44444444-4444-4444-8444-444444444444"	map-name 		3 identifiers in 1 files
S3-CON	tests/contract/t-283-priorities.contract.test.ts	363	8		earlierRowWins	(_name: string, upper: readonly [string, EscapeTarget, Flag], lower: readonly [string, EscapeTarget, Flag]) => void	map-name 		2 identifiers in 1 files
S3-CON	tests/contract/state-machine-field-entry.contract.test.ts	92	6		EDITED_ROWS	readonly ["PR-1", "AT-53", "U-27", "U-60"]	map-name 		4 identifiers in 1 files
S3-CON	tests/contract/cr-608-delete-all-opens-level-zero.test.ts	271	6		EMPTY_OF_ROWS	Document	map-name 		10 identifiers in 2 files
S3-UNIT	tests/unit/t-023a-ptd-1-pan-follows-the-pointer.test.ts	253	6		EMPTY_ROW	string	map-name 		3 identifiers in 1 files
S3-UNIT	tests/unit/t-109-milestone-entrances-arm-their-glyph.test.ts	359	6		emptyRowDocument	() => Document	map-name 		7 identifiers in 1 files
S2-UA	src/use-case/validate-imported-document/validate-imported-document.ts	25	11		emptyRowTaskUids	readonly number[]	map-name 		8 identifiers in 6 files
S2-UA	src/use-case/validate-imported-document/validate-imported-document.ts	239	8		emptyRowUids	Set<number>	map-name 		2 identifiers in 1 files
S3-CON	tests/contract/fr-029-in-effect-is-filled-not-rimmed.test.ts	163	14		enRow	string	map-name 		5 identifiers in 1 files
S2-ENT	src/entity/document-model/schedule/schedule-entities.ts	518	13		ENTITY_ROWS	readonly EntityRows[]	map-name 		5 identifiers in 2 files
S2-ENT	src/entity/document-model/schedule/schedule-entities.ts	508	17		EntityRows	EntityRows	map-name 		5 identifiers in 3 files
S2-FW	src/framework/dom-screen-surface/dom-screen-surface.ts	287	5		EntranceStateRow	"EN-1" | "EN-2" | "EN-3" | "EN-4" | "EN-6"	map-name 		3 identifiers in 1 files
S3-CON	tests/contract/cr-430-table-pk-the-pointer-shapes.test.ts	56	6		ENVIRONMENT_ROWS	string[]	map-name 		4 identifiers in 1 files
S3-CON	tests/contract/dfc-1786-the-screen-and-the-export-read-one-title-left.contract.test.ts	32	6		EP_1_ONE_ROW	"字の大きさと左の余白は、画面と書き出しが同じ 1 つの行を読むこと（MUST）"	map-name 		2 identifiers in 1 files
S3-CON	tests/contract/dfc-355-the-four-rulings-of-2026-09-07.test.ts	201	6		EP_1_ONE_ROW_FOR_SIZE_AND_INSET	"UST NOT） —— 詰めると帯より下の全部が上へずれる。`Document Title` の位置を動かしてはならない（MUST NOT）⭐ **字の大きさと左の余白は、画面と書き出しが同じ 1 つの行を読むこと（MUST）"	map-name 		2 identifiers in 1 files
S3-CON	tests/contract/cr-659-the-export-leaves-the-mark-and-divider-blank.contract.test.ts	22	6		EP_1_SAME_ROWS	"席の幅は同書の 表 T-206 の `S-490` と `S-462` から、隔たりは `S-226` から、太さは `S-492` から決まり、画面も書き出しも同じ行を読む。"	map-name 		2 identifiers in 1 files
S3-SYS	tests/system/cr-570-tree-state-stage.ts	18	13		ERP_PROGRAM_ROW	"1. プログラム管理"	map-name 		7 identifiers in 2 files
S3-UNIT	tests/unit/cr-666-full-screen-is-the-last-esc-rung.test.ts	69	10		escRows	SpecRow[]	map-name 		3 identifiers in 1 files
S3-CON	tests/contract/dfc-709-pi-18-sk-15-f11-makes-the-full-screen-entry-event.test.ts	24	6		EVENT_ROW	RegExp	map-name 		2 identifiers in 1 files
S3-CON	tests/contract/cr-576-two-hint-waits-and-the-dismissed-hint.contract.test.ts	39	6		EVENT_ROW_TARGET	"| `screen/hintTargetChanged` | 入力: `EZ-2` ・ `EZ-6` ・ `FR-037` ・ `IN-3` | — | `tooltipDisplayStateMachine` |"	map-name 		2 identifiers in 1 files
S3-CON	tests/contract/state-machine-notices.contract.test.ts	24	5		EvRow	EvRow	map-name 		5 identifiers in 2 files
S3-UNIT	tests/unit/cr-649-exception-times-duration-and-the-open-chooser-words.test.ts	65	9		exceptionRow	(part: Partial<Exception> & { ordinal: number; }) => Exception	map-name 		13 identifiers in 2 files
S3-UNIT	tests/unit/cr-605-cm-39-carries-exceptions-and-makes-a-calendar.test.ts	56	10		ExceptionRow	ExceptionRow	map-name 		10 identifiers in 2 files
S3-UNIT	tests/unit/t-023d-follows-the-pointer.test.ts	303	6		exemptRows	() => readonly string[]	map-name 		4 identifiers in 1 files
S3-UNIT	tests/unit/cr-567-an-imported-leaf-task-sits-on-its-parents-row.test.ts	144	9		expectedRows	(parents: ReadonlyMap<number, number | null>, maxDepth: number) => Expected	map-name 		4 identifiers in 1 files
S2-UA	src/adapter/input-command-translator/screen-state-input.ts	39	6		EXPORT_CHOOSER_ROW	"U-54"	map-name 		6 identifiers in 3 files
S3-CON	tests/contract/dfc-703-t-280-the-screen-session-names-its-surfaces-by-u-row.test.ts	55	6		EXPORT_KEY_ROW	"SK-12"	map-name 		2 identifiers in 1 files
S3-CON	tests/contract/dfc-1722-jdg-1165-the-save-chooser-names-one-extension.test.ts	16	6		extensionOfRow	(id: string) => string	map-name 		5 identifiers in 1 files
S3-CON	tests/contract/cr-690-the-row-title-width-fields-and-the-settings-face.test.ts	268	6		FACE_ROWS	SpecRow[]	map-name 		7 identifiers in 1 files
S3-CON	tests/contract/cr-690-the-row-title-width-fields-and-the-settings-face.test.ts	270	6		faceRowOf	(row: SpecRow) => string	map-name 		2 identifiers in 1 files
S3-CON	tests/contract/fd-6-iv-12-the-fade-span.contract.test.ts	112	6		fadeRow	(rowId: string) => string	map-name 		2 identifiers in 1 files
S3-CON	tests/contract/w3-t4-a-failure-notice-says-what-to-do-next.test.ts	15	6		FAILURE_ROWS	readonly string[]	map-name 		3 identifiers in 1 files
S3-SYS	tests/system/cr-430-labels-and-hidden-things-sweep.test.ts	56	6		FAMILY_BY_ROW	ReadonlyMap<string, string>	map-name 		4 identifiers in 1 files
S3-CON	tests/contract/dfc-1230-the-continuation-send-moves-an-unplaced-view.contract.test.ts	173	6		FAR_ROW	"z"	map-name 		4 identifiers in 1 files
S2-UA	src/adapter/input-command-translator/item-grab.ts	267	24		farRowRevealWrites	(context: InputContext, foldedRowId: string | null) => readonly DocumentCommand[]	map-name 		2 identifiers in 1 files
S3-CON	tests/contract/display-words.contract.test.ts	2668	6		FIGURED_ROWS	ReadonlySet<string>	map-name 		2 identifiers in 1 files
S3-UNIT	tests/unit/uf-47-48-choosers.test.ts	267	9		fileBearingOutDirectionRows	() => readonly string[]	map-name 		8 identifiers in 1 files
S3-UNIT	tests/unit/cr-551-monochrome-swatches.test.ts	53	6		FILL_ROW	string	map-name 		6 identifiers in 1 files
S3-CON	tests/contract/fr-029-in-effect-is-filled-not-rimmed.test.ts	170	6		fillRowOf	(enRow: string) => string	map-name 		19 identifiers in 1 files
S3-CON	tests/contract/cr-618-the-mspdi-samples-read-as-managed-projects.contract.test.ts	71	6		FINDING_ROW	RegExp	map-name 		4 identifiers in 2 files
S3-CON	tests/contract/cr-618-the-mspdi-samples-read-as-managed-projects.contract.test.ts	94	9		findingRows	(report: unknown) => readonly string[]	map-name 		11 identifiers in 2 files
S3-CON	tests/contract/w3-t4-a-same-day-finish-to-start-is-no-contradiction.test.ts	23	9		findingRowsOf	(document: Document) => readonly string[]	map-name 		3 identifiers in 1 files
S3-SYS	tests/integration/schedule-drawing.sws.test.ts	563	6		finestRowTicksOf	(svg: string, band: ScreenRect) => readonly number[]	map-name 		5 identifiers in 1 files
S2-UA	src/use-case/validate-imported-document/validate-imported-document.ts	50	6		FINISH_BEFORE_START_ROW	"IV-10"	map-name 		2 identifiers in 1 files
S2-UA	src/adapter/screen-renderer/properties-panel.ts	726	43		FINISH_TO_START_ROW	"DP-1"	map-name 		2 identifiers in 1 files
S3-CON	tests/contract/state-machine-notices.contract.test.ts	275	9		firingRows	(notices: Loose, event: Loose) => TnRow[]	map-name 		4 identifiers in 2 files
S3-CON	tests/contract/cr-593-an-unsettled-edit-lets-zoom-and-scroll-through.test.ts	70	6		FIRST_ROW	string | null	map-name 		3 identifiers in 1 files
S2-UA	src/adapter/screen-renderer/command-palette.ts	47	51		firstRow	string	map-name 		29 identifiers in 6 files
S3-UNIT	tests/unit/cr-551-probe-real-app.test.ts	219	10		firstRowY	() => number	map-name 		3 identifiers in 1 files
S3-CON	tests/contract/cr-592-monochrome-greys-every-t-236-row.test.ts	103	6		FIXED_ROWS	string[]	map-name 		4 identifiers in 1 files
S3-CON	tests/contract/dfc-568-gr-14-corners-anchor-and-body.test.ts	242	6		FLAT_ROWS	Record<string, unknown>[]	map-name 		2 identifiers in 1 files
S3-CON	tests/contract/dfc-628-641-fr-016-the-band-ceiling-is-the-one-t-253-finds-from-any-start.test.ts	155	9		flooredRowBench	(minHeight: number) => ShellBench	map-name 		6 identifiers in 2 files
S3-CON	tests/contract/dfc-703-t-280-the-screen-session-names-its-surfaces-by-u-row.test.ts	42	6		FLOW_CLOSED_ROWS	readonly string[]	map-name 		3 identifiers in 1 files
S2-FW	src/framework/single-html-shell/frame-loop.ts	889	6		FLOW_SURFACE_ROWS	ReadonlySet<string>	map-name 		2 identifiers in 1 files
S2-FW	src/framework/single-html-shell/single-html-shell.ts	83	6		FOCUS_ROW_ATTRIBUTES	readonly string[]	map-name 		2 identifiers in 1 files
S2-FW	src/framework/dom-screen-surface/properties-panel-drawing.ts	641	2		focusByRow	Map<string, TextEntryControl> | null	map-name 		8 identifiers in 1 files
S3-SYS	tests/system/pinned-band-and-the-empty-document.test.ts	207	47		focusedRow	string | null	map-name 		5 identifiers in 2 files
S3-UNIT	tests/unit/t-023d-follows-the-pointer.test.ts	325	9		followedByFr052Rows	() => readonly string[]	map-name 		3 identifiers in 1 files
S3-UNIT	tests/unit/t-023d-follows-the-pointer.test.ts	317	6		FOLLOWING_ROWS	readonly string[]	map-name 		4 identifiers in 1 files
S3-CON	tests/contract/if-3-file-store.test.ts	633	6		FORM_OF_ROW	Readonly<Record<string, SaveFileForm>>	map-name 		4 identifiers in 1 files
S3-SYS	tests/system/mspdi-normalization.sws.test.ts	21	6		FORMAT_ROW	"IO-1"	map-name 		10 identifiers in 1 files
S2-UA	src/adapter/document-codec/document-codec.ts	51	9		formatOfReadableRow	(rowId: string) => ExchangeFormat	map-name 		2 identifiers in 1 files
S3-CON	tests/contract/cr-606-the-panel-rows-follow-t-016.test.ts	40	6		FR_009_ROWS	"依存線を選んだときにプロパティパネルへ出す項目は、表 T-016 の `対象` が `Dependency` の行（種別・ラグ・両端）とすること（MUST）"	map-name 		3 identifiers in 1 files
S3-CON	tests/contract/dfc-377-fr-016-zoom-ceilings-and-ep-9-thickness.test.ts	140	6		FR_016_ROW_POSITION_MEMBER_IS_PI_5	"ること）ので、**倍率から位置を算で求めてはならない（MUST NOT）。**⭐ その倍率での行の位置を答えるメンバを、表 T-064 の `PI-5` に置くこと（MUST）"	map-name 		2 identifiers in 1 files
S3-CON	tests/contract/dfc-377-fr-016-zoom-ceilings-and-ep-9-thickness.test.ts	137	6		FR_016_ROW_POSITION_NOT_BY_ARITHMETIC	"` の下限・`LF-3` の下限・表 T-014 の段数・`FR-018` が描く行そのものを変えること）ので、**倍率から位置を算で求めてはならない（MUST NOT）"	map-name 		2 identifiers in 1 files
S3-UNIT	tests/unit/fr-029-the-reason-a-press-carries.test.ts	202	6		FR_029_THE_MATCHING_ROW	"運ぶ理由は、押された入口の場面に当たる同要求の 表 T-233 の行とすること（MUST）"	map-name 		2 identifiers in 1 files
S3-CON	tests/contract/dfc-290-d-321-fr-033-copy-and-paste-reach-the-document.test.ts	130	6		FR_033_SAME_ROW	"複製した `Task` は、複製元と同じ行に載せること（MUST）"	map-name 		2 identifiers in 1 files
S3-CON	tests/contract/cr-718-the-requirement-text-defers-to-the-display-column.contract.test.ts	18	6		FR_033_SEVERAL_ROWS_ARE_REFUSED	"⛔ 貼り付け先として行が 2 つ以上選ばれているときは、貼り付けを受け付けず、行えない理由を `FR-029` のとおり通知の仕組みへ運ぶこと（MUST） —— どの行の子とするかが決まらない。"	map-name 		2 identifiers in 1 files
S3-UNIT	tests/unit/cr-652-palette-rows-and-armed-label.test.ts	33	6		FR_053_NO_RULE_BETWEEN_ROWS	"群の境目の線（`S-143`）を、折った段のあいだに引いてはならない（MUST NOT）"	map-name 		2 identifiers in 1 files
S3-UNIT	tests/unit/cr-652-palette-rows-and-armed-label.test.ts	31	6		FR_053_ROW_CAP	"1 つの群の入口は、1 段に `_assets/tbl-settings.md` の 表 T-206 の `S-488` の数までを並べること（MUST）"	map-name 		2 identifiers in 1 files
S3-CON	tests/contract/cr-699-the-grs-json-carries-its-schema-address-and-version-instant.contract.test.ts	19	6		FR_073_NO_LEDGER_ROW_BEFORE_USE	"⛔ 公式運用の前は、台帳に行を足してはならない（MUST NOT）"	map-name 		3 identifiers in 1 files
S3-CON	tests/contract/cr-712-the-display-manner-of-every-row.contract.test.ts	66	6		FR_076_A_NEW_ROW_HAS_WORDS	"相乗り（表 T-233 のまとめ方の欄の「語は …」）を持たない行を足すときは、辞書の原稿にも項を足すこと（MUST）"	map-name 		2 identifiers in 1 files
S3-CON	tests/contract/cr-712-the-display-manner-of-every-row.contract.test.ts	67	6		FR_076_A_RIDING_ROW_HAS_NONE	"相乗りする行の項を辞書に持ってはならない（MUST NOT）"	map-name 		3 identifiers in 1 files
S3-CON	tests/contract/cr-718-the-requirement-text-defers-to-the-display-column.contract.test.ts	28	6		FR_076_AN_IMPORT_REFUSAL_CARRIES_ITS_T_220_ROW	"⭐ ⇒ 取り込みの検証が拒んだとき、`NT-1` の通知が運ぶ理由は、拒んだ 表 T-220 の行の行 ID とすること（MUST） —— 語と次の一手は `FR-038` の辞書が同表の行 ID で持つ。"	map-name 		2 identifiers in 1 files
S3-CON	tests/contract/cr-718-the-requirement-text-defers-to-the-display-column.contract.test.ts	30	6		FR_076_NO_FALL_TO_A_T_233_ROW	"⛔ その通知を本表の行（`RS-15` を含む）へ振り替えてはならない（MUST NOT） —— 振り替えると、どの不変条件が破れたのかを人が読めず、`NT-1` の「なぜ誤りか」を果せない。"	map-name 		2 identifiers in 1 files
S3-SYS	tests/system/w3-t5-header-palette-chooser-and-open-rules.test.ts	22	6		FR_096_WIDTH_FROM_THE_ROW	"⭐ 選択面の幅は、縦に並べた形式と見出しの段が決めること（MUST） —— 閲覧環境の窓の幅の割合で抑えてはならない（MUST NOT）"	map-name 		7 identifiers in 1 files
S3-UNIT	tests/unit/uf-72-screen-part.test.ts	3107	6		FR_098_ONE_PER_ROW	"行見出しパネルの各行に 1 つ置くこと（MUST）"	map-name 		2 identifiers in 1 files
S3-CON	tests/contract/dfc-806-double-clicking-a-highlight-box-focuses-its-frame-colour.test.ts	44	6		FRAME_ROW	string	map-name 		17 identifiers in 2 files
S3-CON	tests/contract/cr-660-the-two-tables-lead-with-status-and-filter-like-excel.contract.test.ts	157	6		G_ROW	"g-row"	map-name 		3 identifiers in 1 files
S2-FW	src/framework/dom-screen-surface/dom-screen-surface.ts	624	6		GLYPH_BY_ROW	Map<string, { tag: string; attributes: { name: string; value: string; }[]; }[]>	map-name 		2 identifiers in 1 files
S3-CON	tests/contract/display-words.contract.test.ts	2664	6		glyphRowsIn	(text: string) => readonly string[]	map-name 		3 identifiers in 1 files
S2-FW	src/framework/single-html-shell/frame-loop.ts	1346	5		GrabbedRowPlace	GrabbedRowPlace	map-name 		3 identifiers in 1 files
S2-FW	src/framework/single-html-shell/frame-loop.ts	1964	9		grabbedRowReadingOf	(session: ScreenSession, at: GrabbedRowPlace | null) => { readonly groupId: string; readonly depth: number; readonly axis: "depth" | "position"; readonly resist	map-name 		2 identifiers in 1 files
S2-UA	src/adapter/svg-renderer/svg-renderer.ts	189	6		GROUND_ROW	"S-146"	map-name 		6 identifiers in 1 files
S3-CON	tests/contract/cr-589-each-entry-rewrites-the-setting-its-cell-names.contract.test.ts	30	6		GUIDE_ROW	"S-66"	map-name 		3 identifiers in 1 files
S3-UNIT	tests/unit/cr-560-ctrl-drag-copies-the-selection-unstarted.test.ts	756	10		halfRow	number	map-name 		2 identifiers in 1 files
S3-UNIT	tests/unit/t-023-wheel-goes-to-the-browser.test.ts	212	9		handedOverRows	() => readonly string[]	map-name 		2 identifiers in 1 files
S3-SYS	tests/system/single-html-policy.sws.test.ts	21	6		HASH_ROW	"PO-4"	map-name 		8 identifiers in 1 files
S3-SYS	tests/system/single-html-policy.sws.test.ts	212	10		hashRow	SpecRow	map-name 		3 identifiers in 1 files
S3-CON	tests/contract/dfc-568-gr-14-corners-anchor-and-body.test.ts	103	6		HB_1_ROW	"| HB-1 | 四隅を向かいの隅へ寄せて縮める | 開始日 ＝ 終了日、上端の行 ＝ 下端の行まで縮められる。<br>別の下限は置かない |"	map-name 		3 identifiers in 1 files
S3-CON	tests/contract/dfc-568-gr-14-corners-anchor-and-body.test.ts	106	6		HB_2_ROW	"| HB-2 | 隅を向かいの隅の先まで引く | 拒まない。<br>`startDate` と `endDate`、`topGroupId` と `bottomGroupId` を入れ替えて持つ。<br>上下は `FR-019` の「行の木における順位で判ずる」規則で判ずる |"	map-name 		4 identifiers in 1 files
S3-CON	tests/contract/dfc-568-gr-14-corners-anchor-and-body.test.ts	113	6		HB_3_NO_ROW	"ずらした先に描かれた行が無いときは動かさず、`RS-44` を運ぶ"	map-name 		4 identifiers in 1 files
S3-CON	tests/contract/dfc-568-gr-14-corners-anchor-and-body.test.ts	110	6		HB_3_ROW	"| HB-3 | 本体を縦に動かす | `topGroupId` と `bottomGroupId` を、画面に描かれた行で同じ行数だけずらす。<br>離した時点で `HB-2` と同じく木の順位で持ち直す。<br>ずらした先に描かれた行が無いときは動かさず、`RS-44` を運ぶ |"	map-name 		4 identifiers in 1 files
S3-CON	tests/contract/dfc-568-gr-14-corners-anchor-and-body.test.ts	128	6		HB_5_ROWS	"上の隅はその境目のすぐ下に描かれた行を `topGroupId` に、下の隅はその境目のすぐ上に描かれた行を `bottomGroupId` に置く。"	map-name 		5 identifiers in 1 files
S3-UNIT	tests/unit/t-015-t-051-the-four-folding-controls.test.ts	209	6		HEAD_ADD_ROW	string	map-name 		14 identifiers in 3 files
S3-CON	tests/contract/dfc-1230-the-continuation-send-moves-an-unplaced-view.contract.test.ts	172	6		HEAD_ROW	"a"	map-name 		8 identifiers in 2 files
S3-UNIT	tests/unit/uf-72-screen-part.test.ts	1432	2		headerLastRow	{ readonly x: 750; readonly y: 39; }	map-name 		3 identifiers in 1 files
S3-UNIT	tests/unit/cr-551-header-roster-tooltips-and-scrollbars.test.ts	145	10		HeadingRow	HeadingRow	map-name 		2 identifiers in 1 files
S3-UNIT	tests/unit/cr-551-header-roster-tooltips-and-scrollbars.test.ts	151	9		headingRowOf	(root: FakeElement, heading: string) => HeadingRow	map-name 		4 identifiers in 1 files
S3-SYS	tests/system/measured-sweep.test.ts	3928	10		headRow	DrawnRow | undefined	map-name 		7 identifiers in 1 files
S3-CON	tests/contract/cr-610-file-flow-stage.ts	152	13		HERE_ROW	"aaaaaaaa-0000-4000-8000-00000000000a"	map-name 		18 identifiers in 9 files
S3-CON	tests/contract/cr-712-the-words-and-the-hidden-rows.contract.test.ts	49	6		HF_14_NO_ROW_WHEN_FAINT	"⛔ 薄いまま押されたときは、その行の配下に新しい行を立てないこと（MUST）"	map-name 		2 identifiers in 1 files
S3-SYS	tests/system/cr-553-a-shown-control-group-stays-its-row.test.ts	33	6		HF_6_NOT_THE_LOWER_ROW	"群が下の行に重なっているとき、群の上にあるポインタを、下の行の名前に乗っていると数えてはならない（MUST NOT）"	map-name 		3 identifiers in 1 files
S3-UNIT	tests/unit/cr-439-row-title-panel-controls-and-pins.test.ts	66	17		hfRow	string	map-name 		4 identifiers in 1 files
S2-FW	src/framework/single-html-shell/pointer-shape.ts	309	9		highlightBoxPointerRowOf	(part: HighlightBoxPart | undefined) => PointerRow | null	map-name 		2 identifiers in 1 files
S2-UA	src/adapter/screen-renderer/properties-panel.ts	904	32		highlightBoxRows	(box: HighlightBox) => ObjectRows<HighlightBox>	map-name 		2 identifiers in 1 files
S3-CON	tests/contract/dfc-2030-a-body-drag-moves-the-selected-boxes.contract.test.ts	97	11		highlightRows	readonly [number, number]	map-name 		6 identifiers in 1 files
S2-UA	src/adapter/input-command-translator/item-grab.ts	472	15		highlightRowSpanOf	(context: InputContext, rows: readonly RowPlacement[], box: HighlightBox) => { readonly upperAt: number; readonly lowerAt: number; } | null	map-name a?		4 identifiers in 1 files
S2-UA	src/adapter/screen-renderer/tooltips.ts	50	6		HINTS_BY_ROW	Map<string, { rowId: string; label: { ja: string; en: string; }; hint: { ja: string; en: string; }; }>	map-name 		3 identifiers in 1 files
S3-UNIT	tests/unit/cr-426-a-name-field-takes-its-keys-before-its-focus-arrives.test.ts	380	6		holdsRow	Record<string, (line: string) => boolean>	map-name 		2 identifiers in 1 files
S3-UNIT	tests/unit/t-050-a-document-always-holds-one-row.test.ts	252	6		holdsTheRequiredRow	(document: Document) => TaskGroup	map-name a?		6 identifiers in 1 files
S2-FW	src/framework/single-html-shell/single-html-shell.ts	272	9		holdWithItsRow	(running: FrameLoop, chosen: Document, shipped: ShippedDocuments) => void	map-name 		2 identifiers in 1 files
S3-CON	tests/contract/cr-585-monochrome-greys-the-chrome-and-ground.test.ts	112	6		HUE_ROWS	string[]	map-name 		5 identifiers in 1 files
S3-UNIT	tests/unit/t-051-hf-6-ground-under-the-row-controls.test.ts	162	6		IC_ROW_OPEN	"IC-58"	map-name 		5 identifiers in 1 files
S3-SYS	tests/system/drawn-svg-normalization.sws.test.ts	15	6		ID_ROW	"NS-4"	map-name 		4 identifiers in 1 files
S3-CON	tests/contract/cr-430-table-pk-the-pointer-shapes.test.ts	57	6		IMAGE_ROWS	string[]	map-name 		6 identifiers in 1 files
S3-UNIT	tests/unit/in-2-a-the-dummies-say-slide.test.ts	42	6		IN_2_ROW	SpecRow | undefined	map-name 		3 identifiers in 1 files
S3-UNIT	tests/unit/uf-47-48-choosers.test.ts	245	9		inDirectionRows	() => readonly string[]	map-name 		2 identifiers in 1 files
S3-CON	tests/contract/cr-585-monochrome-greys-the-chrome-and-ground.test.ts	105	9		inheritedRowOf	(id: string) => string | null	map-name 		5 identifiers in 2 files
S3-CON	tests/contract/fr-029-glyph-coordinate-system.contract.test.ts	553	6		INK_BY_ROW	Map<string, Frame>	map-name 		5 identifiers in 1 files
S3-CON	tests/contract/cr-606-the-assignee-field-is-one-combo.test.ts	174	10		inRow	FakeElement[]	map-name 		8 identifiers in 3 files
S3-CON	tests/contract/dfc-568-gr-14-corners-anchor-and-body.test.ts	797	10		inRowB	RowPlacement	map-name a?		3 identifiers in 1 files
S2-UA	src/adapter/screen-renderer/command-palette.ts	38	6		INTERACTION_RECORD_ROW	string	map-name 		3 identifiers in 1 files
S2-UA	src/adapter/screen-renderer/notices.ts	36	6		INVARIANTS_BY_ROW	Map<string, { rowId: string; text: { ja: string; en: string; }; nextStep: { ja: string; en: string; }; }>	map-name 		2 identifiers in 1 files
S2-UA	src/adapter/screen-renderer/row-title-panel.ts	42	11		isAnyRowUnplaced	boolean	map-name 		3 identifiers in 1 files
S2-UA	src/use-case/edit-document/task-group-folding.ts	52	37		isBelowRow	(row: TaskGroup, ancestorId: string | null, byId: ReadonlyMap<string, TaskGroup>) => boolean	map-name a?		3 identifiers in 1 files
S3-UNIT	tests/unit/t-027-outside-the-history.test.ts	56	6		isBooleanRow	(row: { readonly by: Readonly<Record<string, string>>; }) => boolean	map-name 		3 identifiers in 1 files
S2-ENT	src/entity/layout-engine/schedule-geometry/schedule-geometry.ts	166	11		isDownInRowPlace	boolean	map-name 		4 identifiers in 2 files
S3-UNIT	tests/unit/t-015-t-051-the-four-folding-controls.test.ts	516	6		isHiddenRow	(built: Stage, groupId: string) => boolean	map-name 		10 identifiers in 1 files
S2-FW	src/framework/single-html-shell/frame-loop.ts	1805	9		isRowChoiceSpentBy	(input: HumanInput, context: InputContext, escapeLevel: EscapeTarget | null, translated: TranslatedInput) => boolean	map-name 		2 identifiers in 1 files
S3-SYS	tests/system/cr-570-tree-state-stage.ts	291	22		isRowEntranceArmed	(page: Page, id: string, icon: string) => Promise<boolean>	map-name 		12 identifiers in 4 files
S2-UA	src/adapter/screen-renderer/properties-panel.ts	1589	8		isRowPick	boolean	map-name 		4 identifiers in 2 files
S2-UA	src/adapter/input-command-translator/row-tree-entrances.ts	180	36		isRowUnder	(parentOf: ReadonlyMap<string, string | null>, parentId: string | null, ancestorId: string) => boolean	map-name 		2 identifiers in 1 files
S3-UNIT	tests/unit/cr-551-delete-all-rows-date-fields-and-colour-field.test.ts	299	6		isTaskWidthRow	(row: SpecRow) => boolean	map-name 		2 identifiers in 1 files
S2-UA	src/adapter/screen-renderer/properties-panel.ts	83	6		ITEM_WORDS_BY_ROW	Map<string, { rowId: string; label: { ja: string; en: string; }; milestoneLabel: { ja: string; en: string; }; } | { milestoneLabel?: never; rowId: string; label	map-name 		2 identifiers in 1 files
S2-UA	src/adapter/screen-renderer/properties-panel.ts	943	10		ItemRows	ItemRows	map-name 		3 identifiers in 1 files
S3-CON	tests/contract/cr-665-help-columns-and-the-moved-palette-block.contract.test.ts	151	6		itemRowsOf	(entries: readonly HelpEntry[], block: string) => string[]	map-name 		2 identifiers in 1 files
S3-CON	tests/contract/dfc-582-every-invariant-row-has-a-dictionary-entry.test.ts	26	6		IV_ROWS	readonly string[]	map-name 		6 identifiers in 1 files
S3-CON	tests/contract/dfc-582-every-invariant-row-has-a-dictionary-entry.test.ts	36	6		IV_ROWS_WITH_OWN_WORDS	readonly string[]	map-name 		3 identifiers in 1 files
S3-CON	tests/contract/w3-t4-a-saved-export-span-draws-one-picture.test.ts	41	6		IX_10_NO_ROWS	"余りを空白のままとすること（MUST）。行を足して埋めてはならない（MUST NOT） —— 画面に無いものが出る。"	map-name 		3 identifiers in 1 files
S3-SYS	tests/system/w3-t1-the-export-span-picture.test.ts	17	6		IX_14_ALL_ROWS	"| IX-14 | 期間の絵の縦 | ⭐ `FR-018` の 表 T-329 が描く行のすべてを、上から下まで並べること（MUST）"	map-name 		3 identifiers in 1 files
S2-FW	src/framework/dom-screen-surface/field-editing.ts	175	27		jointRow	{ holds: (target: unknown) => boolean; enter: (target: unknown) => void; restore: () => void; settle: () => FieldCommit | null; }	map-name 		11 identifiers in 1 files
S2-FW	src/framework/dom-screen-surface/field-editing.ts	126	9		jointRowOf	() => { holds: (target: unknown) => boolean; enter: (target: unknown) => void; restore: () => void; settle: () => FieldCommit | null; }	map-name 		2 identifiers in 1 files
S3-CON	tests/contract/cr-577-a-row-zoom-in-below-the-floor-always-changes-the-picture.test.ts	333	9		keyOfRow	(id: string) => KeyInput	map-name 		42 identifiers in 14 files
S3-CON	tests/contract/w3-t3-settings-panel-span-status-date-and-scale-fields.test.ts	47	6		keyRowOf	(key: string) => string	map-name 		4 identifiers in 1 files
S3-CON	tests/contract/display-words.contract.test.ts	3116	10		keyRowsOnTheirOwn	string[]	map-name 		3 identifiers in 1 files
S3-CON	tests/contract/display-words.contract.test.ts	3108	10		keyRowsWithoutEntrance	string[]	map-name 		3 identifiers in 1 files
S3-CON	tests/contract/document-invariants.contract.test.ts	148	6		KIND_BY_ROW	Readonly<Record<string, InvariantKind>>	map-name 		3 identifiers in 1 files
S2-FW	src/framework/single-html-shell/frame-loop.ts	663	6		LANDING_OF_REPLACEMENT_ROW	Readonly<Record<"RD-1" | "RD-2" | "RD-3" | "RD-4" | "RD-6" | "RD-7", SessionEvent | null>>	map-name 		2 identifiers in 1 files
S2-UA	src/adapter/input-command-translator/item-grab.ts	742	8		lastRow	RowPlacement | undefined	map-name a?		3 identifiers in 1 files
S2-FW	src/framework/single-html-shell/frame-loop.ts	1340	8		lastRowBottom	number	map-name 		2 identifiers in 1 files
S2-ENT	src/entity/layout-engine/schedule-layout/schedule-layout.ts	414	9		lastRowReserveOf	(scrollingRows: readonly RowPlacement[], rowControlsHeightPx: number | undefined) => number	map-name a?		2 identifiers in 1 files
S3-CON	tests/contract/cr-665-help-columns-and-the-moved-palette-block.contract.test.ts	60	6		LEFT_OFF_ROWS	readonly string[]	map-name 		5 identifiers in 2 files
S3-CON	tests/contract/dfc-587-title-row-entries-are-drawn.test.ts	55	6		LEGEND_ROW	"IC-102"	map-name 		5 identifiers in 1 files
S2-ENT	src/entity/layout-engine/schedule-layout/pinned-band.ts	74	16		liftedRows	(rowPlacements: readonly RowPlacement[], band: { readonly pinnedIdsPlaced: ReadonlySet<string>; readonly droppedPinnedIds: ReadonlySet<string>; readonly shiftBy	map-name a?		3 identifiers in 2 files
S3-UNIT	tests/unit/cr-405-the-help-scrolls-down-in-three-columns.test.ts	106	6		LISTED_BROWSER_ROWS	string[]	map-name 		4 identifiers in 1 files
S3-SYS	tests/system/w3-t1-the-wbs-parent-and-the-panel-rows.test.ts	41	6		LOOK_ROWS_OF_A_TASK	string[]	map-name 		5 identifiers in 1 files
S3-UNIT	tests/unit/cr-567-an-imported-leaf-task-sits-on-its-parents-row.test.ts	281	10		looseRows	Set<string>	map-name 		2 identifiers in 1 files
S3-CON	tests/contract/cr-576-two-hint-waits-and-the-dismissed-hint.contract.test.ts	36	6		MACHINE_ROW_ESCAPE	"| `screen/escapePressed` | → `dismissed` [`isRungTooltip`]それ以外 → — | — |"	map-name 		3 identifiers in 1 files
S3-CON	tests/contract/cr-576-two-hint-waits-and-the-dismissed-hint.contract.test.ts	37	6		MACHINE_ROW_TARGET	"| `screen/hintTargetChanged` | — | → `allowed` |"	map-name 		10 identifiers in 2 files
S3-CON	tests/contract/state-machine-notices.contract.test.ts	94	8		machineRows	TnRow[]	map-name 		7 identifiers in 3 files
S3-SYS	tests/system/mspdi-normalization.sws.test.ts	46	6		MADE_AT_WRITE_ROW	"NR-7"	map-name 		5 identifiers in 1 files
S2-FW	src/framework/single-html-shell/frame-loop.ts	3418	12		madeRow	TaskGroup | undefined	map-name a?		2 identifiers in 1 files
S2-UA	src/adapter/screen-renderer/notices.ts	30	6		MANNERS_BY_ROW	Map<string, { rowId: string; manner: { ja: string; en: string; }; }>	map-name 		2 identifiers in 1 files
S3-UNIT	tests/unit/uf-47-48-history-bytes.test.ts	195	6		manuscriptRow	(id: string) => ManuscriptRow	map-name 		3 identifiers in 1 files
S3-CON	tests/contract/cr-584-the-picture-is-painted-on-the-ground-colour.test.ts	34	10		ManuscriptRow	ManuscriptRow	map-name 		9 identifiers in 2 files
S3-CON	tests/contract/cr-584-the-picture-is-painted-on-the-ground-colour.test.ts	41	6		manuscriptRowOf	(id: string) => ManuscriptRow	map-name 		4 identifiers in 1 files
S3-UNIT	tests/unit/cr-378-an-import-is-an-edge-and-json-sits-with-its-owner.test.ts	287	8		manuscriptRowWord	string	map-name 		3 identifiers in 1 files
S3-CON	tests/contract/cr-541-wheel-escape-select-all-and-display-scale.test.ts	42	6		manyRows	(count: number) => RowSeed[]	map-name 		14 identifiers in 3 files
S3-CON	tests/contract/cr-618-the-mspdi-samples-read-as-managed-projects.contract.test.ts	70	6		MARK_ROW	RegExp	map-name 		8 identifiers in 2 files
S3-CON	tests/contract/dfc-587-title-row-entries-are-drawn.test.ts	59	6		MAXIMISE_ROW	"IC-130"	map-name 		4 identifiers in 1 files
S3-SYS	tests/system/cr-381-row-names-drawn-at-their-own-size.test.ts	34	10		MeasuredRow	MeasuredRow	map-name 		3 identifiers in 1 files
S3-SYS	tests/system/cr-381-row-names-drawn-at-their-own-size.test.ts	102	15		measureRows	(page: Page) => Promise<MeasuredRow[]>	map-name 		3 identifiers in 1 files
S2-UA	src/adapter/screen-renderer/delay-diagnostics-report.ts	93	6		MILESTONE_ACHIEVED_ROW	"VO-5"	map-name 		2 identifiers in 1 files
S2-UA	src/adapter/screen-renderer/command-palette.ts	36	6		MINIMISE_ROW	string	map-name 		7 identifiers in 2 files
S3-CON	tests/contract/dfc-615-mk-5-a-horizontal-scroll-leaves-the-row-anchor-alone.test.ts	10	6		MK_5_ROW	"| MK-5 | Ctrl ＋ Shift ＋ ホイール | 横スクロール | — |"	map-name 		5 identifiers in 1 files
S3-UNIT	tests/unit/fr-021-the-outline-base-of-the-file-comes-back.test.ts	164	6		MS_PROJECT_ROWS	readonly Row[]	map-name 		10 identifiers in 1 files
S3-SYS	tests/integration/cr-572-an-old-file-opens-and-the-constants-win.test.ts	42	9		msOfRow	(table: string, id: string) => number	map-name 		2 identifiers in 1 files
S3-SYS	tests/system/divider-colour-corner-and-sticky-field.test.ts	69	6		MULTILINE_ROWS	number	map-name 		3 identifiers in 1 files
S2-FW	src/framework/dom-screen-surface/properties-panel-drawing.ts	37	11		multilineRows	number	map-name 		3 identifiers in 1 files
S2-FW	src/framework/single-html-shell/pointer-shape.ts	266	6		NATIVE_POINTER_BY_ROW	Readonly<Record<"PK-10" | "PK-11" | "PK-12" | "PK-13" | "PK-14" | "PK-15" | "PK-16" | "PK-18" | "PK-7" | "PK-8", PointerShape>>	map-name 		2 identifiers in 1 files
S2-ENT	src/entity/document-model/schedule/schedule-entities.ts	502	17		NestedRows	NestedRows	map-name 		3 identifiers in 2 files
S3-UNIT	tests/unit/in-2-pointer-shape.test.ts	220	6		NEW_STONE_ROW	"33333333-3333-4333-8333-333333333333"	map-name 		3 identifiers in 1 files
S3-CON	tests/contract/dfc-290-d-321-fr-033-copy-and-paste-reach-the-document.test.ts	588	10		newRows	string[]	map-name 		3 identifiers in 1 files
S3-UNIT	tests/unit/t-051-hf-17-adding-a-row-walks-the-rename-road.test.ts	449	9		newRowSince	(before: readonly StoredRow[], after: readonly StoredRow[]) => StoredRow	map-name 		4 identifiers in 1 files
S3-SYS	tests/system/nfr-004-file-scheme-sweep.sws.test.ts	876	15		nextRowY	(page: Page, at: Spot) => Promise<number>	map-name 		2 identifiers in 1 files
S3-CON	tests/contract/cr-718-an-import-refusal-names-its-t-220-row.contract.test.ts	21	6		NO_FALL_TO_A_T_233_ROW	"⛔ その通知を本表の行（`RS-15` を含む）へ振り替えてはならない（MUST NOT） —— 振り替えると、どの不変条件が破れたのかを人が読めず、`NT-1` の「なぜ誤りか」を果せない。"	map-name 		6 identifiers in 2 files
S2-FW	src/framework/single-html-shell/frame-loop.ts	855	2		noRowToPutTheAnnotationOn	"RS-44"	map-name 		1 identifiers in 1 files
S2-UA	src/adapter/screen-renderer/command-palette.ts	34	6		NOT_BUTTON_ROWS	readonly string[]	map-name 		2 identifiers in 1 files
S3-UNIT	tests/unit/mk-13-the-name-field-is-armed.test.ts	759	6		NOTES_ROW	"PR-2"	map-name 		3 identifiers in 1 files
S3-CON	tests/contract/cr-712-nt-2-a-timed-notice-leaves-by-itself.contract.test.ts	26	6		NT_2_ONLY_TIMED_ROWS	"時間で消すのは、表 T-233 の表示の仕方が「時間で消す」の理由の通知だけとする（MUST）"	map-name 		7 identifiers in 2 files
S3-UNIT	tests/unit/uf-71-confirmation.test.ts	366	6		NT_7_NO_ROW_OF_T_109	"答えの入口に 表 T-109 の行を与えてはならない（MUST NOT）"	map-name 		2 identifiers in 1 files
S3-CON	tests/contract/cr-606-the-colour-field-words-follow-cv-9.test.ts	177	6		NULL_ROWS	readonly (readonly [string, string, string])[]	map-name 		3 identifiers in 1 files
S2-UA	src/adapter/screen-renderer/properties-panel.ts	1456	43		nullRow	string | undefined	map-name 		7 identifiers in 1 files
S3-SYS	tests/integration/cr-572-viewer-values-stay-off-the-document.test.ts	96	9		numberOfRow	(table: string, id: string, column: string) => number	map-name 		2 identifiers in 1 files
S2-UA	src/adapter/screen-renderer/properties-panel.ts	920	26		ObjectRows	any	map-name 		5 identifiers in 1 files
S3-UNIT	tests/unit/cr-624-a-rested-hint-names-its-holder.test.ts	125	10		offRow	readonly Tooltip[]	map-name 		2 identifiers in 1 files
S3-SYS	tests/system/w3-t2-screen-clauses.test.ts	297	8		ofThemeRow	(figureAndFill: readonly [string, string][]) => string[]	map-name 		3 identifiers in 1 files
S3-CON	tests/contract/display-words.contract.test.ts	1347	6		ON_A_ROW	"TaskGroup"	map-name a?		12 identifiers in 2 files
S3-CON	tests/contract/cr-606-a-milestone-date-is-one-input.test.ts	46	6		ONE_INPUT_ROWS	T016Item[]	map-name 		4 identifiers in 1 files
S3-CON	tests/contract/cr-608-delete-all-opens-level-zero.test.ts	272	6		ONE_ROW	Document	map-name 		17 identifiers in 2 files
S3-UNIT	tests/unit/uf-72-screen-part.test.ts	2666	24		oneLiveRow	() => ScreenView	map-name 		25 identifiers in 1 files
S3-CON	tests/contract/cr-586-the-row-colour-list-is-one-and-black-is-refused.test.ts	115	6		oneRow	() => Document	map-name 		13 identifiers in 2 files
S3-CON	tests/contract/cr-610-file-flow-stage.ts	138	16		oneRowDocument	(title: string, rowId: string, uid: number) => Document	map-name 		22 identifiers in 7 files
S3-CON	tests/contract/ix-4-ep-1-the-exported-height-is-whole-and-the-title-stays-inside.test.ts	174	6		oneRowTaller	(screen: Screen) => Screen	map-name 		3 identifiers in 1 files
S3-SYS	tests/usecase/uc-001-place-a-task-and-set-its-period.test.ts	19	8		onlyRow	Record<string, any>[]	map-name 		4 identifiers in 1 files
S3-CON	tests/contract/dfc-587-title-row-entries-are-drawn.test.ts	49	6		onlyRowOf	(id: string) => Readonly<Record<string, string>>	map-name 		2 identifiers in 1 files
S3-UNIT	tests/unit/cr-624-a-rested-hint-names-its-holder.test.ts	124	10		onRow	readonly Tooltip[]	map-name 		28 identifiers in 2 files
S3-UNIT	tests/unit/t-015-t-051-the-four-folding-controls.test.ts	1176	10		onTheRow	Set<string>	map-name 		5 identifiers in 2 files
S3-UNIT	tests/unit/t-024a-op-10-a-chosen-zoom-is-the-place.test.ts	171	6		OP_10_ROW	{ readonly by: Readonly<Record<string, string>>; }	map-name 		3 identifiers in 1 files
S2-FW	src/framework/single-html-shell/document-file-flow.ts	64	2		OPEN_CHOOSER_ROW	FileFlowSurfaceName	map-name 		4 identifiers in 2 files
S3-SYS	tests/fixtures/field-edit-notices.ts	5	6		OPEN_ROWS	WeakMap<ScreenSurface, Set<string>>	map-name 		3 identifiers in 1 files
S3-CON	tests/contract/dfc-703-t-280-the-screen-session-names-its-surfaces-by-u-row.test.ts	37	6		OPEN_STATE_ROWS	readonly string[]	map-name 		6 identifiers in 1 files
S2-FW	src/framework/dom-screen-surface/open-modals-drawing.ts	567	39		openChooserRows	(host: Document, modal: OpenChooser, anchors: Map<string, HTMLElement>) => readonly HTMLElement[]	map-name 		2 identifiers in 1 files
S3-CON	tests/contract/cr-582-the-min-height-field-reads-the-current-height.test.ts	321	2		openRow	(groupId: string) => void	map-name 		6 identifiers in 2 files
S3-CON	tests/contract/display-words.contract.test.ts	775	6		openSurfaceRowsIn	(node: unknown) => readonly string[]	map-name 		4 identifiers in 1 files
S3-UNIT	tests/unit/uf-47-48-choosers.test.ts	235	9		outDirectionRows	() => readonly string[]	map-name 		6 identifiers in 1 files
S3-CON	tests/contract/dfc-2030-a-body-drag-moves-the-selected-boxes.contract.test.ts	284	11		outRow	number	map-name 		4 identifiers in 1 files
S3-CON	tests/contract/cr-714-a-copy-carries-no-parent-links.test.ts	18	6		OWN_ROW	"⚠️ コピーを載せた行の導出元がコピー自身かコピー元であるときは、その行の親の行からたどる"	map-name 		2 identifiers in 1 files
S3-UNIT	tests/unit/cr-567-an-imported-leaf-task-sits-on-its-parents-row.test.ts	17	6		OWN_ROW_SENTENCE	"子を持つ `Task` は、自分から作った行に自分自身も載る。"	map-name 		3 identifiers in 1 files
S3-CON	tests/contract/cr-596-a-click-on-the-mark-jumps-and-marks-the-landing.contract.test.ts	816	26		ownRow	"a11" | "b" | "c"	map-name 		2 identifiers in 1 files
S2-FW	src/framework/dom-screen-surface/dom-screen-surface.ts	121	6		PAINT_ROW	{ readonly ground: "S-146"; readonly ink: "S-147"; readonly quiet: "S-148"; readonly rule: "S-149"; readonly panel: "S-150"; readonly grabStrip: "S-231"; readon	map-name 		6 identifiers in 1 files
S3-CON	tests/contract/fr-029-in-effect-is-filled-not-rimmed.test.ts	133	10		PaintRow	PaintRow	map-name 		4 identifiers in 1 files
S3-SYS	tests/system/drawn-svg-normalization.sws.test.ts	16	6		PAIR_ROW	"NS-5"	map-name 		3 identifiers in 1 files
S3-CON	tests/contract/e24-paste-refused-while-several-rows-are-chosen.test.ts	27	6		PARENT_FROM_THE_ROW	"コピー元の親をコピーしないとき（コピー元が親を持たないときを含む）は、コピーの WBS の親を、コピーを載せた行から推定すること（MUST）"	map-name 		5 identifiers in 2 files
S2-UA	src/adapter/screen-renderer/delay-diagnostics-report.ts	94	6		PARENT_PROGRESS_OUTSIDE_ROW	"VS-6"	map-name 		2 identifiers in 1 files
S2-UA	src/use-case/validate-imported-document/validate-imported-document.ts	43	6		PARENT_RING_ROW	"IV-4"	map-name 		2 identifiers in 1 files
S3-CON	tests/contract/dfc-290-d-321-fr-033-copy-and-paste-reach-the-document.test.ts	217	6		PARENT_ROW	"aaaaaaaa-0000-4000-8000-000000000001"	map-name 		11 identifiers in 1 files
S2-UA	src/adapter/document-codec/mspdi-imported-rows.ts	29	10		parentRow	string | null	map-name 		2 identifiers in 1 files
S3-UNIT	tests/unit/cr-567-an-imported-leaf-task-sits-on-its-parents-row.test.ts	388	10		perRow	Map<string, number>	map-name 		5 identifiers in 1 files
S2-FW	src/framework/dom-screen-surface/command-palette-drawing.ts	36	56		perRowCap	number	map-name 		2 identifiers in 1 files
S3-CON	tests/contract/cr-718-a-paste-onto-two-rows-carries-rs-27.test.ts	66	9		pickRow	(bench: ShellBench, groupId: string, modifier: "ctrl" | "meta" | "shift" | null) => void	map-name 		12 identifiers in 3 files
S2-UA	src/adapter/input-command-translator/selection-input.ts	131	9		pickRowOf	(press: PointerPress, release: PointerInput, context: InputContext) => string	map-name 		2 identifiers in 1 files
S3-UNIT	tests/unit/dfc-991-the-row-boxes-are-measured-by-the-renderer.test.ts	19	6		piRow	(id: string) => string	map-name 		2 identifiers in 1 files
S3-CON	tests/contract/cr-430-table-pk-the-pointer-shapes.test.ts	55	6		PK_ROWS	string[]	map-name 		6 identifiers in 1 files
S3-CON	tests/contract/cr-606-a-milestone-date-is-one-input.test.ts	52	6		PLANNED_ROW	string	map-name 		7 identifiers in 1 files
S3-SYS	tests/system/nfr-004-file-scheme-sweep.sws.test.ts	891	15		planRowOf	(page: Page, uid: number) => Promise<{ readonly row: string; readonly left: number; }>	map-name 		3 identifiers in 1 files
S2-FW	src/framework/single-html-shell/pointer-shape.ts	40	12		PointerRow	PointerRow	map-name 		11 identifiers in 3 files
S3-UNIT	tests/unit/cr-430-bench.ts	53	16		pointerRowFor	(grabArea: string) => string	map-name 		14 identifiers in 2 files
S2-FW	src/framework/single-html-shell/pointer-shape.ts	325	16		pointerRowOf	(hit: Hit | null, armed: boolean) => PointerRow | null	map-name 		22 identifiers in 7 files
S3-CON	tests/contract/display-words.contract.test.ts	1581	6		PREDECESSOR_ROW	string | undefined	map-name 		2 identifiers in 1 files
S3-UNIT	tests/unit/cr-555-dependency-lines-are-elided.test.ts	422	6		predecessorOnlySameRow	() => Scene	map-name 		3 identifiers in 1 files
S3-CON	tests/contract/tree-state-machine.contract.test.ts	45	6		PRINTED_ROW	RegExp	map-name 		2 identifiers in 1 files
S3-SYS	tests/system/measured-sweep.test.ts	1643	8		printedByRow	Map<string, string[]>	map-name 		2 identifiers in 1 files
S3-CON	tests/contract/cr-712-the-notice-roster-is-printed-from-its-manuscript.contract.test.ts	62	9		printedRows	(caption: string) => readonly string[]	map-name 		3 identifiers in 1 files
S3-SYS	tests/system/rows-fixed-with-nothing-holding-them.test.ts	61	9		propertyRowOf	(entity: string, column: string) => string	map-name 		2 identifiers in 1 files
S2-UA	src/use-case/advance-screen-session/notice-values.ts	500	13		QUESTION_DISPLAY_OF_ROW	Readonly<Record<QuestionRow, "ask" | "askOnlyWithUnsavedEdits">>	map-name 		6 identifiers in 3 files
S3-UNIT	tests/unit/uf-71-confirmation.test.ts	202	6		questionRow	(at: number) => string	map-name 		30 identifiers in 1 files
S2-UA	src/use-case/advance-screen-session/notice-values.ts	185	12		QuestionRow	QuestionRow	map-name 		2 identifiers in 1 files
S2-UA	src/adapter/screen-renderer/notices.ts	34	6		QUESTIONS_BY_ROW	Map<string, { rowId: string; text: { ja: string; en: string; }; }>	map-name 		4 identifiers in 2 files
S2-UA	src/adapter/svg-renderer/svg-renderer.ts	219	8		ratioRow	"S-522" | "S-523" | "S-524" | "S-525" | undefined	map-name 		3 identifiers in 1 files
S3-SYS	tests/system/nfr-004-file-scheme-sweep.sws.test.ts	873	6		REACH_INTO_ROW	12	map-name 		3 identifiers in 1 files
S3-UNIT	tests/unit/t-051-hf-6-ground-under-the-row-controls.test.ts	1004	9		reachesTheRowsRightEdge	(node: FakeElement, rowWidthPx: number) => boolean	map-name 		3 identifiers in 1 files
S3-CON	tests/contract/dfc-130-pr-1-pr-2-reach-the-document.test.ts	194	6		READ_ONLY_ROW	"PR-9"	map-name 		2 identifiers in 1 files
S2-UA	src/adapter/screen-renderer/properties-panel.ts	294	6		READ_ONLY_ROWS	readonly string[]	map-name 		6 identifiers in 1 files
S3-SYS	tests/system/mspdi-normalization.sws.test.ts	57	6		READ_ORDER_ROW	string	map-name 		2 identifiers in 1 files
S3-CON	tests/contract/e24-paste-refused-while-several-rows-are-chosen.test.ts	30	6		REASON_IS_A_T233_ROW	"⭐ 通知が運ぶ理由は 表 T-233 の行とすること（MUST）"	map-name 		2 identifiers in 1 files
S3-SYS	tests/system/display-words-reasons-and-watermark.test.ts	129	6		REASON_ROWS	readonly string[]	map-name 		6 identifiers in 2 files
S3-CON	tests/contract/cr-712-the-display-manner-of-every-row.contract.test.ts	111	9		reasonRow	(id: string) => ReasonEntry	map-name 		10 identifiers in 2 files
S2-UA	src/use-case/advance-screen-session/notice-values.ts	82	12		ReasonRow	ReasonRow	map-name 		2 identifiers in 1 files
S2-UA	src/adapter/screen-renderer/notices.ts	32	6		REASONS_BY_ROW	Map<string, { rowId: string; text: { ja: string; en: string; }; nextStep: { ja: string; en: string; }; }>	map-name 		2 identifiers in 1 files
S3-UNIT	tests/unit/cr-405-the-help-scrolls-down-in-three-columns.test.ts	107	6		REFUSED_BROWSER_ROWS	string[]	map-name 		4 identifiers in 1 files
S3-CON	tests/contract/dfc-732-ir-3-the-record-names-the-t-220-row-of-a-refused-import.test.ts	54	6		REFUSING_ROW	"IV-23"	map-name 		8 identifiers in 1 files
S2-UA	src/adapter/input-command-translator/armed-placement.ts	180	10		releaseRow	RowPlacement | null	map-name a?		5 identifiers in 1 files
S3-SYS	tests/system/mspdi-normalization.sws.test.ts	54	6		REPEAT_ROW	string	map-name 		3 identifiers in 1 files
S3-CON	tests/contract/dfc-587-title-row-entries-are-drawn.test.ts	60	6		RESTORE_ROW	"IC-131"	map-name 		3 identifiers in 1 files
S3-SYS	tests/usecase/uc-harness.ts	206	13		revealRow	(page: Page, groupId: string) => Promise<void>	map-name 		4 identifiers in 2 files
S3-SYS	tests/system/cr-597-the-search-panel-word-jump-and-grab.test.ts	52	6		RG_16_ROW	"| RG-16 | `Esc` | 開いているウインドウ |"	map-name 		3 identifiers in 1 files
S2-UA	src/adapter/input-command-translator/row-tree-entrances.ts	259	8		rootRows	TaskGroup[]	map-name a?		9 identifiers in 4 files
S3-CON	tests/contract/cr-596-a-click-on-the-mark-jumps-and-marks-the-landing.contract.test.ts	1461	6		ROW_A	string	map-name 		108 identifiers in 13 files
S3-CON	tests/contract/cr-596-a-click-on-the-mark-jumps-and-marks-the-landing.contract.test.ts	1462	6		ROW_B	string	map-name 		121 identifiers in 13 files
S3-UNIT	tests/unit/t-051-hf-6-ground-under-the-row-controls.test.ts	858	6		ROW_BOX	ScreenRect	map-name 		8 identifiers in 1 files
S3-CON	tests/contract/cr-596-a-click-on-the-mark-jumps-and-marks-the-landing.contract.test.ts	1463	6		ROW_C	string	map-name 		63 identifiers in 10 files
S3-CON	tests/contract/dfc-568-gr-14-corners-anchor-and-body.test.ts	220	6		ROW_C1	"3a000000-0000-4000-8000-000000000031"	map-name 		4 identifiers in 1 files
S3-CON	tests/contract/dfc-568-gr-14-corners-anchor-and-body.test.ts	221	6		ROW_C2	"3a000000-0000-4000-8000-000000000032"	map-name 		4 identifiers in 1 files
S3-CON	tests/contract/cr-586-the-row-colour-list-is-one-and-black-is-refused.test.ts	74	6		ROW_COLOURS	readonly string[]	map-name 		7 identifiers in 1 files
S3-CON	tests/contract/dfc-615-mk-5-a-horizontal-scroll-leaves-the-row-anchor-alone.test.ts	12	6		ROW_COUNT	60	map-name 		8 identifiers in 4 files
S3-CON	tests/contract/dfc-568-gr-14-corners-anchor-and-body.test.ts	217	6		ROW_D	"3a000000-0000-4000-8000-000000000004"	map-name 		53 identifiers in 4 files
S3-CON	tests/contract/dfc-568-gr-14-corners-anchor-and-body.test.ts	218	6		ROW_E	"3a000000-0000-4000-8000-000000000005"	map-name 		31 identifiers in 4 files
S3-UNIT	tests/unit/cr-406-the-resource-roster-is-a-ruled-grid.test.ts	84	6		ROW_ENTRANCES	readonly ["IC-67", "IC-68"]	map-name 		3 identifiers in 1 files
S3-CON	tests/contract/dfc-568-gr-14-corners-anchor-and-body.test.ts	219	6		ROW_F	"3a000000-0000-4000-8000-000000000006"	map-name 		52 identifiers in 3 files
S2-UA	src/use-case/edit-document/task-group-folding.ts	48	6		ROW_GUARDS	Readonly<Record<string, (row: TaskGroup, facts: RowTreeFacts) => boolean>>	map-name a?		2 identifiers in 1 files
S3-SYS	tests/system/cr-570-tree-state-stage.ts	33	13		ROW_HIDE	string	map-name 		12 identifiers in 3 files
S3-SYS	tests/system/measured-sweep.test.ts	259	6		ROW_INDENT	number	map-name 		4 identifiers in 1 files
S3-SYS	tests/system/three-rows-read-from-the-spec-alone.test.ts	273	6		ROW_IS_NOT_A_TARGET	boolean	map-name 		2 identifiers in 1 files
S3-CON	tests/contract/dfc-568-gr-14-corners-anchor-and-body.test.ts	446	6		ROW_LETTER	Readonly<Record<string, string>>	map-name 		2 identifiers in 1 files
S3-CON	tests/contract/cr-592-monochrome-greys-every-t-236-row.test.ts	182	6		ROW_OF_PROPERTY	ReadonlyMap<string, string>	map-name 		2 identifiers in 1 files
S3-UNIT	tests/unit/t-024a-op-10-a-chosen-zoom-is-the-place.test.ts	256	6		ROW_ONE	"3a000000-0000-4000-8000-000000000001"	map-name 		9 identifiers in 2 files
S3-UNIT	tests/unit/cr-551-delete-all-rows-date-fields-and-colour-field.test.ts	213	6		ROW_ONLY_ENTRANCES	string[]	map-name 		2 identifiers in 1 files
S3-SYS	tests/system/cr-570-tree-state-stage.ts	32	13		ROW_OPEN_ALL_BELOW	string	map-name 		12 identifiers in 3 files
S3-SYS	tests/system/cr-570-tree-state-stage.ts	31	13		ROW_OPEN_ONE_LEVEL	string	map-name 		23 identifiers in 4 files
S3-CON	tests/contract/cr-661-only-the-checked-tasks-are-laid-and-drawn.contract.test.ts	61	6		ROW_P	"5c000000-0000-4000-8000-000000006610"	map-name 		12 identifiers in 2 files
S3-SYS	tests/system/divider-colour-corner-and-sticky-field.test.ts	204	6		ROW_PANEL	"[data-role=\"Row Title Panel\"]"	map-name 		12 identifiers in 5 files
S2-UA	src/adapter/screen-renderer/search-table-filters.ts	33	13		ROW_PATH_SEPARATOR	" → "	map-name 		4 identifiers in 2 files
S3-CON	tests/contract/cr-661-only-the-checked-tasks-are-laid-and-drawn.contract.test.ts	63	6		ROW_Q	"5c000000-0000-4000-8000-000000006612"	map-name 		8 identifiers in 2 files
S3-CON	tests/contract/cr-608-an-added-row-opens-until-the-view-shrinks.test.ts	34	6		ROW_TITLE_PANEL	string	map-name 		71 identifiers in 21 files
S3-UNIT	tests/unit/t-024a-op-10-a-chosen-zoom-is-the-place.test.ts	257	6		ROW_TWO	"3a000000-0000-4000-8000-000000000002"	map-name 		8 identifiers in 2 files
S3-SYS	tests/fixtures/setting-number.ts	40	6		ROW_VALUE	RegExp	map-name 		2 identifiers in 1 files
S3-CON	tests/contract/cr-608-delete-all-opens-level-zero.test.ts	276	6		ROW_WORD	string	map-name 		3 identifiers in 1 files
S3-SYS	tests/usecase/uc-001-place-a-task-and-set-its-period.test.ts	7	6		ROW_Y	83	map-name 		8 identifiers in 2 files
S3-CON	tests/contract/cr-596-a-click-on-the-mark-jumps-and-marks-the-landing.contract.test.ts	1464	6		ROW_Z	string	map-name 		8 identifiers in 2 files
S3-UNIT	tests/unit/cr-560-ctrl-drag-copies-the-selection-unstarted.test.ts	760	10		rowABefore	RowPlacement	map-name a?		4 identifiers in 1 files
S2-UA	src/adapter/input-command-translator/wheel-input.ts	31	5		RowAnchor	RowAnchor	map-name 		3 identifiers in 1 files
S2-UA	src/adapter/input-command-translator/input-command-translator.ts	585	9		rowAnchorAt	(context: InputContext, y: number) => Pick<ScrollAnchor, "scrollGroupId" | "scrollGroupOffset">	map-name 		2 identifiers in 1 files
S2-UA	src/adapter/input-command-translator/zoom-and-fit.ts	34	2		rowAnchorIn	(rows: readonly RowPlacement[], y: number, held: Pick<ScrollAnchor, "scrollGroupId" | "scrollGroupOffset">) => Pick<ScrollAnchor, "scrollGroupId" | "scrollGroup	map-name a?		10 identifiers in 4 files
S2-FW	src/framework/dom-screen-surface/row-title-panel-drawing.ts	246	10		RowAnchors	RowAnchors	map-name 		3 identifiers in 1 files
S3-SYS	tests/system/cr-597-the-search-panel-word-jump-and-grab.test.ts	182	9		rowAndAncestors	(reading: TreeReading, id: string) => readonly string[]	map-name 		4 identifiers in 1 files
S2-ENT	src/entity/document-model/schedule/schedule-invariants.ts	212	10		RowArray	RowArray	map-name 		3 identifiers in 1 files
S3-CON	tests/contract/dfc-1015-fr-019-a-hidden-end-row-shrinks-the-frame.test.ts	36	10		RowAt	RowAt	map-name 		3 identifiers in 1 files
S2-UA	src/adapter/input-command-translator/input-command-translator.ts	509	16		rowAtY	(layout: ScheduleLayout, y: number) => RowPlacement | null	map-name a?		5 identifiers in 2 files
S3-SYS	tests/system/cr-553-a-shown-control-group-stays-its-row.test.ts	263	12		rowBottom	number	map-name 		3 identifiers in 1 files
S2-UA	src/adapter/input-command-translator/item-grab.ts	666	8		rowBoundary	number	map-name 		9 identifiers in 1 files
S3-SYS	tests/system/cr-553-a-shown-control-group-stays-its-row.test.ts	218	12		rowBox	DOMRect | undefined	map-name 		6 identifiers in 2 files
S2-ENT	src/entity/layout-engine/schedule-geometry/highlight-box.ts	45	47		rowById	ReadonlyMap<string, RowPlacement>	map-name a?		21 identifiers in 3 files
S3-SYS	tests/integration/schedule-drawing.sws.test.ts	430	6		rowByIdOf	(drawn: Drawn, groupId: string) => RowPlacement	map-name a?		10 identifiers in 1 files
S3-UNIT	tests/unit/cr-551-delete-all-rows-date-fields-and-colour-field.test.ts	606	10		rowColour	string	map-name 		3 identifiers in 1 files
S3-UNIT	tests/unit/t-051-hf-14-the-depth-cap-refuses-a-row.test.ts	426	6		rowCount	(built: Stage) => number	map-name 		3 identifiers in 1 files
S2-UA	src/adapter/input-command-translator/row-tree-entrances.ts	80	22		rowDelete	"IC-82"	map-name 		3 identifiers in 2 files
S2-UA	src/adapter/input-command-translator/input-command-translator.ts	778	2		rowDeleteAll	"IC-106"	map-name 		2 identifiers in 1 files
S2-UA	src/adapter/input-command-translator/row-tree-entrances.ts	80	40		rowDeleted	(context: InputContext, rowGroupId: string) => TranslatedInput	map-name 		2 identifiers in 1 files
S3-UNIT	tests/unit/cr-541-stage.ts	100	16		rowDocument	(rows: readonly RowSeed[], settings?: Record<string, unknown>, schedule?: Record<string, unknown>) => Record<string, any>	map-name 		163 identifiers in 66 files
S3-UNIT	tests/unit/uf-8-9-replace-document.test.ts	541	10		RowDrive	RowDrive	map-name 		2 identifiers in 1 files
S3-SYS	tests/system/measured-sweep.test.ts	1770	32		rowElement	Element	map-name 		16 identifiers in 2 files
S2-FW	src/framework/dom-screen-surface/field-editing.ts	111	9		rowEntrancesOf	(target: unknown) => readonly TextEntryControl[]	map-name 		2 identifiers in 1 files
S3-UNIT	tests/unit/cr-383-fr-009-the-dependency-line-follows-the-pointer.test.ts	80	6		rowFor	(from: Side, into: Side) => { id: string; name: string; exit: string; entry: string; }	map-name 		6 identifiers in 1 files
S2-UA	src/adapter/screen-renderer/row-title-panel.ts	376	27		rowGrabbedAt	{ readonly groupId: string; readonly depth: number; readonly axis: "depth" | "position"; readonly resistedPx: number; readonly atY: number | null; } | null | un	map-name 		9 identifiers in 3 files
S2-FW	src/framework/dom-screen-surface/row-title-panel-drawing.ts	192	9		rowGrabbedStyle	(axis: "depth" | "position") => string	map-name 		2 identifiers in 1 files
S2-UA	src/adapter/screen-renderer/screen-renderer.ts	663	13		rowIn	boolean	map-name 		84 identifiers in 16 files
S3-SYS	tests/system/cr-597-the-search-panel-word-jump-and-grab.test.ts	248	54		rowIndex	number	map-name 		3 identifiers in 1 files
S2-UA	src/adapter/input-command-translator/item-grab.ts	421	15		rowIndexOfTask	(context: InputContext, rows: readonly RowPlacement[], uid: number) => number | null	map-name a?		5 identifiers in 1 files
S3-UNIT	tests/unit/cr-423-the-row-zoom-stops-where-the-picture-stops-changing.test.ts	417	5		RowInput	RowInput	map-name 		3 identifiers in 1 files
S2-FW	src/framework/single-html-shell/frame-loop.ts	856	2		rowIsAtTheDeepestLevel	"RS-46"	map-name 		1 identifiers in 1 files
S2-FW	src/framework/single-html-shell/frame-loop.ts	852	2		rowIsAtTheShallowestLevel	"RS-37"	map-name 		1 identifiers in 1 files
S2-UA	src/adapter/svg-renderer/schedule-grid.ts	317	10		rowKey	string	map-name 		3 identifiers in 1 files
S3-CON	tests/contract/dfc-568-gr-14-corners-anchor-and-body.test.ts	448	6		rowLetter	(id: unknown) => string	map-name 		10 identifiers in 1 files
S3-UNIT	tests/unit/cr-567-an-imported-leaf-task-sits-on-its-parents-row.test.ts	227	9		rowMoves	(document: Document, bar: { readonly uid: number; readonly toRowOf: number; }) => readonly [string, Document][]	map-name 		4 identifiers in 1 files
S3-CON	tests/contract/cr-714-a-copy-carries-no-parent-links.test.ts	120	6		rowNamed	(document: Document, id: string) => TaskGroup	map-name a?		23 identifiers in 4 files
S3-UNIT	tests/unit/cr-439-row-title-panel-controls-and-pins.test.ts	144	6		rowNode	(built: Stage, groupId: string) => FakeElement[]	map-name 		9 identifiers in 1 files
S2-ENT	src/entity/document-model/schedule/schedule-invariants.ts	227	9		rowOf	(held: unknown) => Readonly<Record<string, unknown>> | null	map-name 		938 identifiers in 188 files
S3-UNIT	tests/unit/cr-567-an-imported-leaf-task-sits-on-its-parents-row.test.ts	171	9		rowOfEachTask	(document: Document) => ReadonlyMap<number, number | null>	map-name 		4 identifiers in 1 files
S3-UNIT	tests/unit/in-2-a-the-dummies-say-slide.test.ts	134	6		rowOfSchedule	(id: string, order: number) => { id: string; parentId: null; label: string; derivedFromTaskUid: null; order: number; treeState: string; color: null; minHeight: 	map-name 		14 identifiers in 3 files
S3-CON	tests/contract/display-words.contract.test.ts	1658	6		rowOfSettingsKey	(key: string) => string | undefined	map-name 		2 identifiers in 1 files
S3-CON	tests/contract/cr-576-two-hint-waits-and-the-dismissed-hint.contract.test.ts	45	9		rowOfT212	(id: string) => { key: string; ms: number; }	map-name 		6 identifiers in 2 files
S2-UA	src/use-case/edit-document/task-group-order.ts	59	8		rowOfTask	Map<number, string>	map-name 		31 identifiers in 8 files
S2-ENT	src/entity/document-model/schedule/delay-diagnostics.ts	785	9		rowOmissions	(facts: Facts, task: Task) => readonly DelayFinding[]	map-name 		2 identifiers in 1 files
S3-UNIT	tests/unit/uf-72-screen-part.test.ts	1463	2		rowOpenOneLevel	{ readonly x: 60; readonly y: 64; }	map-name 		6 identifiers in 1 files
S2-UA	src/adapter/screen-renderer/screen-renderer.ts	662	13		rowOut	boolean	map-name 		3 identifiers in 2 files
S3-UNIT	tests/unit/cr-567-an-imported-leaf-task-sits-on-its-parents-row.test.ts	140	11		rowOwners	ReadonlySet<number>	map-name 		8 identifiers in 1 files
S3-UNIT	tests/unit/cr-551-delete-all-rows-date-fields-and-colour-field.test.ts	478	9		rowPanel	(built: Bench) => string	map-name 		4 identifiers in 1 files
S3-SYS	tests/system/rows-fixed-with-nothing-holding-them.test.ts	343	15		rowPanelWidth	(page: Page) => Promise<number>	map-name 		4 identifiers in 1 files
S3-UNIT	tests/unit/cr-551-focus-withdrawal-and-frame-colour.test.ts	226	6		rowPart	(groupId: string) => ScreenPart	map-name 		9 identifiers in 1 files
S3-CON	tests/contract/dfc-697-a-display-scale-step-keeps-the-row-area-middle.contract.test.ts	57	9		rowPartAt	(frame: FrameValues, y: number) => { readonly groupId: string; readonly part: number; }	map-name 		2 identifiers in 1 files
S3-SYS	tests/system/duplicate-paste-and-dual-cursor.test.ts	237	10		RowPaste	RowPaste	map-name 		9 identifiers in 1 files
S3-CON	tests/contract/dfc-1054-a-pasted-row-copy-writes-no-slack.test.ts	50	9		rowPasted	(document: Document) => Document	map-name 		4 identifiers in 1 files
S2-ENT	src/entity/document-model/schedule/row-names.ts	25	16		rowPathOf	(schedule: Schedule, groupId: string) => readonly string[]	map-name 		3 identifiers in 2 files
S3-SYS	tests/system/user-reported-fixes.test.ts	1209	9		rowPitchOf	(bands: readonly { readonly y: number; }[]) => number | null	map-name 		3 identifiers in 1 files
S2-UA	src/adapter/input-command-translator/zoom-and-fit.ts	429	16		rowPointIn	(rows: readonly RowPlacement[], anchor: Pick<ScrollAnchor, "scrollGroupId" | "scrollGroupOffset">) => number | null	map-name a?		5 identifiers in 2 files
S2-ENT	src/entity/document-model/schedule/schedule-invariants.ts	223	6		ROWS_OF_ENTITY	ReadonlyMap<string, EntityRows>	map-name 		4 identifiers in 1 files
S3-CON	tests/contract/cr-607-the-settings-panel-resets-grs.test.ts	200	6		ROWS_OF_T_206	readonly BrowserStoredRow[]	map-name 		10 identifiers in 2 files
S2-UA	src/adapter/svg-renderer/schedule-grid.ts	64	6		ROWS_OF_TIER	{ readonly year: readonly RulerRow[]; readonly yearMonth: readonly RulerRow[]; readonly yearMonthDayWeekday: readonly RulerRow[]; readonly yearMonthWeek: readon	map-name 		4 identifiers in 1 files
S3-CON	tests/contract/display-words.contract.test.ts	1680	6		ROWS_ON_THE_SETTINGS_FACE	Set<string>	map-name 		2 identifiers in 1 files
S3-CON	tests/contract/t-233-reason-words-tell-the-row.contract.test.ts	134	6		ROWS_WITH_OWN_WORDS	readonly string[]	map-name 		2 identifiers in 1 files
S3-SYS	tests/system/three-rows-read-from-the-spec-alone.test.ts	808	10		rowsAfter	string[]	map-name 		5 identifiers in 2 files
S3-CON	tests/contract/dfc-568-gr-14-corners-anchor-and-body.test.ts	424	6		rowsApart	(loop: FrameLoop, from: string, to: string) => number	map-name 		10 identifiers in 1 files
S3-CON	tests/contract/cr-654-ex-1-ex-13-ex-14-the-startup-sample-exports-in-the-reader-shape.contract.test.ts	17	9		rowsAt	(root: XmlNode, collectionPath: string, name: string) => readonly XmlNode[]	map-name 		8 identifiers in 2 files
S2-UA	src/adapter/document-codec/mspdi-codec.ts	1119	8		rowsBack	CarryElement[]	map-name 		3 identifiers in 1 files
S3-SYS	tests/system/three-rows-read-from-the-spec-alone.test.ts	785	10		rowsBefore	string[]	map-name 		9 identifiers in 3 files
S3-SYS	tests/system/divider-colour-corner-and-sticky-field.test.ts	115	9		rowsBelongingTo	(entity: string) => readonly string[]	map-name 		2 identifiers in 1 files
S3-SYS	tests/system/cr-665-help-fits-one-screen.test.ts	78	11		rowsByBlock	Readonly<Record<string, readonly string[]>>	map-name 		5 identifiers in 1 files
S3-CON	tests/contract/dfc-295-entering-the-dual-cursor-drops-the-arm.test.ts	459	10		rowsCovered	Set<string>	map-name 		3 identifiers in 1 files
S3-SYS	tests/system/w3-t1-stage.ts	29	16		rowsDocument	(asked: RowsDocument) => string	map-name 		22 identifiers in 8 files
S3-SYS	tests/system/w3-t1-stage.ts	12	17		RowsDocument	RowsDocument	map-name 		2 identifiers in 1 files
S3-UNIT	tests/unit/cr-541-stage.ts	67	17		RowSeed	RowSeed	map-name 		25 identifiers in 10 files
S3-SYS	tests/usecase/uc-harness.ts	194	13		rowSelector	(groupId: string) => string	map-name 		9 identifiers in 3 files
S3-CON	tests/contract/cr-606-the-panel-rows-follow-t-016.test.ts	108	6		rowsFor	(kind: "milestone" | "task") => readonly string[]	map-name 		5 identifiers in 1 files
S2-UA	src/adapter/document-codec/mspdi-imported-rows.ts	15	16		rowsFromTasks	(tasks: readonly Task[], maxGroupDepth: number) => ImportedRows	map-name 		3 identifiers in 2 files
S2-UA	src/adapter/input-command-translator/zoom-and-fit.ts	59	9		rowShrinkWrites	(context: InputContext, zoom: readonly DocumentCommand[]) => TranslatedInput	map-name 		3 identifiers in 1 files
S2-ENT	src/entity/document-model/schedule/schedule-invariants.ts	233	9		rowsIn	(held: unknown, entity: string, at: string) => readonly DocumentRow[] | null	map-name 		3 identifiers in 1 files
S3-UNIT	tests/unit/fr-027-startup-shows-its-depth.test.ts	294	6		rowsInFirstScreenful	(layout: ScheduleLayout) => RowPlacement[]	map-name a?		3 identifiers in 1 files
S2-UA	src/adapter/input-command-translator/zoom-and-fit.ts	163	8		rowsNow	readonly RowPlacement[]	map-name a?		2 identifiers in 1 files
S3-CON	tests/contract/dfc-587-title-row-entries-are-drawn.test.ts	287	9		rowsOnTheFace	(showing: "documentSettings" | "selection") => readonly string[]	map-name 		3 identifiers in 1 files
S3-SYS	tests/system/nfr-004-file-scheme-sweep.sws.test.ts	642	11		rowSpans	Readonly<Record<string, number>>	map-name 		3 identifiers in 1 files
S3-SYS	tests/system/w3-t1-the-export-span-picture.test.ts	213	10		rowsPastTheCap	number	map-name 		3 identifiers in 1 files
S3-SYS	tests/system/single-html-policy.sws.test.ts	191	10		rowsStatingARule	string[]	map-name 		3 identifiers in 1 files
S3-UNIT	tests/unit/cr-558-highlight-box-grab-points-stroke-and-fill.test.ts	317	6		rowStep	(loop: FrameLoop) => number	map-name 		9 identifiers in 2 files
S2-UA	src/adapter/input-command-translator/row-tree-entrances.ts	105	11		rowStoodUp	(context: InputContext, parentGroupId: string | null) => TranslatedInput	map-name 		4 identifiers in 2 files
S3-CON	tests/contract/cr-571-agent-api-search.contract.test.ts	82	6		rowsWith	(parentState: string, childState: string) => readonly Loose[]	map-name 		2 identifiers in 1 files
S3-UNIT	tests/unit/cr-378-an-import-is-an-edge-and-json-sits-with-its-owner.test.ts	266	8		rowsWithAnExtension	number	map-name 		3 identifiers in 1 files
S2-FW	src/framework/single-html-shell/frame-loop.ts	1239	9		rowsWithinSchedule	(session: ScreenSession, schedule: Schedule) => readonly string[]	map-name 		2 identifiers in 1 files
S2-ENT	src/entity/layout-engine/screen-regions/screen-regions.ts	33	11		rowTitlePanel	ScreenRect	map-name 		232 identifiers in 114 files
S2-ENT	src/entity/document-model/document-settings/document-settings.ts	35	11		rowTitlePanelWidth	number	map-name 		107 identifiers in 33 files
S2-FW	src/framework/dom-screen-surface/row-title-panel-drawing.ts	167	8		rowTrack	string	map-name 		2 identifiers in 1 files
S2-FW	src/framework/dom-screen-surface/row-title-panel-drawing.ts	168	8		rowTracks	string	map-name 		2 identifiers in 1 files
S2-UA	src/adapter/input-command-translator/wheel-input.ts	44	9		rowTurnedTo	(context: InputContext, dy: number) => RowAnchor	map-name 		2 identifiers in 1 files
S3-SYS	tests/usecase/uc-008-tell-by-annotations.test.ts	60	10		rowUnderTheMovedAnchor	string | null	map-name 		2 identifiers in 1 files
S3-UNIT	tests/unit/t-051-hf-6-ground-under-the-row-controls.test.ts	1004	52		rowWidthPx	number	map-name 		2 identifiers in 1 files
S3-SYS	tests/system/rows-fixed-with-nothing-holding-them.test.ts	651	9		rowWithAGrandchild	(rows: readonly DrawnRow[]) => number	map-name 		2 identifiers in 1 files
S2-UA	src/adapter/screen-renderer/delay-diagnostics-report.ts	180	9		rowWordOf	(words: ReadonlyMap<string, LanguageWord>, row: string, language: DisplayLanguage) => string	map-name 		3 identifiers in 1 files
S3-CON	tests/contract/cr-712-the-words-and-the-hidden-rows.contract.test.ts	91	9		rowWords	(list: readonly RowWords[], id: string) => RowWords	map-name 		3 identifiers in 1 files
S3-CON	tests/contract/cr-712-the-words-and-the-hidden-rows.contract.test.ts	19	10		RowWords	RowWords	map-name 		5 identifiers in 1 files
S3-UNIT	tests/unit/cr-646-edits-write-side-times.test.ts	79	9		rowY	(built: Stage, uid: number) => number	map-name 		10 identifiers in 1 files
S3-SYS	tests/system/cr-562-the-image-to-grs-json-prompt-is-copied.test.ts	42	6		RS_15_ROW	"| RS-15 | この理由にまだ行が無い |"	map-name 		4 identifiers in 1 files
S3-CON	tests/contract/cr-690-the-row-title-width-fields-and-the-settings-face.test.ts	267	6		ruleRowOf	(cell: string) => string	map-name 		4 identifiers in 1 files
S2-UA	src/adapter/svg-renderer/schedule-grid.ts	62	5		RulerRow	RulerRow	map-name 		7 identifiers in 2 files
S3-CON	tests/contract/cr-660-the-two-tables-lead-with-status-and-filter-like-excel.contract.test.ts	63	6		RW_9_ROWS	"既定は `_assets/tbl-settings.md` の 表 T-206 の `S-475` 〜 `S-481`（`DT-1` 〜 `DT-7` の順）とする。"	map-name 		2 identifiers in 1 files
S3-UNIT	tests/unit/fr-053-palette-group-rule-isotropic-gap.test.ts	154	6		S_143_ROW	SpecRow	map-name 		5 identifiers in 1 files
S3-CON	tests/contract/cr-571-search-panel-view.test.ts	113	6		S_429_ROW	string	map-name 		4 identifiers in 2 files
S3-CON	tests/contract/cr-588-no-pre-change-plan-asks-for-the-file.contract.test.ts	75	6		S_69_ROW	"| S-69 | `baselineVisible` | 真偽 | `false` |"	map-name 		2 identifiers in 1 files
S3-UNIT	tests/unit/uf-47-48-history-bytes.test.ts	215	6		S_94_ROW	ManuscriptRow	map-name 		4 identifiers in 2 files
S3-UNIT	tests/unit/uf-47-48-history-bytes.test.ts	216	6		S_95_ROW	ManuscriptRow	map-name 		8 identifiers in 2 files
S3-CON	tests/contract/cr-718-a-paste-onto-two-rows-carries-rs-27.test.ts	28	6		SAME_ROW	"**複製した `Task` は、複製元と同じ行に載せること（MUST）"	map-name 		8 identifiers in 3 files
S2-UA	src/use-case/edit-document/task-appearance.ts	21	2		sameRow	<T extends object>(a: T, b: T) => boolean	map-name 		11 identifiers in 3 files
S3-CON	tests/contract/cr-577-a-row-zoom-in-below-the-floor-always-changes-the-picture.test.ts	158	6		sameRows	(a: readonly string[], b: readonly string[]) => boolean	map-name 		2 identifiers in 1 files
S3-CON	tests/contract/cr-714-a-copy-carries-no-parent-links.test.ts	68	8		sampleRow	TaskGroup	map-name a?		2 identifiers in 1 files
S3-CON	tests/contract/if-3-file-store.test.ts	650	6		SAVED_ROWS	readonly string[]	map-name 		2 identifiers in 1 files
S3-CON	tests/contract/cr-430-ga-1-to-22-grab-areas.test.ts	73	6		sceneKindOfRow	(row: { readonly shape: string; readonly anchor?: string; }) => SceneKind	map-name 		4 identifiers in 1 files
S3-CON	tests/contract/display-words.contract.test.ts	1406	6		SCHEDULE_WITH_A_ROW	Schedule	map-name 		3 identifiers in 1 files
S3-SYS	tests/system/drawn-svg-normalization.sws.test.ts	17	6		SCREEN_ROW	"MC-6"	map-name 		8 identifiers in 4 files
S3-SYS	tests/system/w3-t1-the-export-span-picture.test.ts	107	15		screenRowPitch	(page: Page) => Promise<number>	map-name 		3 identifiers in 1 files
S2-ENT	src/entity/layout-engine/schedule-layout/row-scroll.ts	31	16		scrolledRows	(rows: readonly RowPlacement[], offsetY: number) => readonly RowPlacement[]	map-name a?		3 identifiers in 2 files
S2-ENT	src/entity/layout-engine/schedule-layout/schedule-layout.ts	415	2		scrollingRows	readonly RowPlacement[]	map-name a?		6 identifiers in 1 files
S2-UA	src/adapter/input-command-translator/zoom-and-fit.ts	37	2		scrollingRowsOf	(layout: ScheduleLayout) => readonly RowPlacement[]	map-name a?		8 identifiers in 4 files
S3-CON	tests/contract/dfc-615-mk-5-a-horizontal-scroll-leaves-the-row-anchor-alone.test.ts	13	6		SEATED_ROW	"row-20"	map-name 		4 identifiers in 2 files
S3-CON	tests/contract/dfc-615-mk-5-a-horizontal-scroll-leaves-the-row-anchor-alone.test.ts	14	6		SEATED_ROW_PART	0.3	map-name 		4 identifiers in 2 files
S2-UA	src/use-case/advance-screen-session/selection-values.ts	21	17		SelectionCopiedRow	SelectionCopiedRow	map-name 		3 identifiers in 1 files
S3-SYS	tests/system/nfr-004-file-scheme-sweep.sws.test.ts	1015	15		selectOneRow	(page: Page) => Promise<void>	map-name 		2 identifiers in 1 files
S3-CON	tests/contract/state-machine-notices.contract.test.ts	324	10		selfRow	TnRow | undefined	map-name 		6 identifiers in 2 files
S3-CON	tests/contract/dfc-2030-a-body-drag-moves-the-selected-boxes.contract.test.ts	282	11		selRow	number	map-name 		13 identifiers in 1 files
S3-CON	tests/contract/cr-586-the-row-colour-list-is-one-and-black-is-refused.test.ts	122	6		setRowColour	(color: string) => EditResult	map-name 		5 identifiers in 1 files
S3-CON	tests/contract/cr-577-a-row-zoom-in-below-the-floor-always-changes-the-picture.test.ts	88	6		SETTING_ROWS	readonly SettingRow[]	map-name 		12 identifiers in 6 files
S3-SYS	tests/fixtures/setting-number.ts	11	16		settingRow	(id: string) => Record<string, any>	map-name 		27 identifiers in 10 files
S3-CON	tests/contract/cr-577-a-row-zoom-in-below-the-floor-always-changes-the-picture.test.ts	82	10		SettingRow	SettingRow	map-name 		19 identifiers in 6 files
S3-UNIT	tests/unit/t-027-outside-the-history.test.ts	200	11		settingRows	readonly string[]	map-name 		7 identifiers in 1 files
S3-CON	tests/contract/display-words.contract.test.ts	2289	6		settingsRowOf	(view: ScreenView, row: string) => PropertyField | undefined	map-name 		7 identifiers in 1 files
S3-CON	tests/contract/dfc-355-the-four-rulings-of-2026-09-07.test.ts	477	9		settingsRowValue	(rowId: string) => number	map-name 		7 identifiers in 1 files
S2-UA	src/use-case/edit-document/edit-task-group.ts	146	16		settledRow	(schedule: Schedule, row: TaskGroup, defaultRowName: string) => TaskGroup	map-name a?		5 identifiers in 2 files
S3-CON	tests/contract/cr-718-a-paste-onto-two-rows-carries-rs-27.test.ts	22	6		SEVERAL_ROWS_ARE_REFUSED	"⛔ 貼り付け先として行が 2 つ以上選ばれているときは、貼り付けを受け付けず、行えない理由を `FR-029` のとおり通知の仕組みへ運ぶこと（MUST） —— どの行の子とするかが決まらない。"	map-name 		3 identifiers in 1 files
S3-CON	tests/contract/e24-paste-refused-while-several-rows-are-chosen.test.ts	18	6		SEVERAL_TARGET_ROWS_REFUSED	"⛔ 貼り付け先として行が 2 つ以上選ばれているときは、貼り付けを受け付けず、行えない理由を `FR-029` のとおり通知の仕組みへ運ぶこと（MUST）"	map-name 		5 identifiers in 1 files
S2-UA	src/adapter/document-codec/json-codec.ts	226	8		shapedRows	unknown[]	map-name 		2 identifiers in 1 files
S3-CON	tests/contract/cr-718-a-bar-shape-released-without-a-drag-carries-rs-53.test.ts	58	37		shapeRow	string | null	map-name 		7 identifiers in 2 files
S3-CON	tests/contract/cr-596-a-click-on-the-mark-jumps-and-marks-the-landing.contract.test.ts	1466	10		ShellRow	ShellRow	map-name 		3 identifiers in 1 files
S2-UA	src/adapter/svg-renderer/svg-renderer.ts	182	6		SHIFT_RATIO_ROW_OF	Readonly<Record<string, "S-522" | "S-523" | "S-524" | "S-525">>	map-name 		2 identifiers in 1 files
S3-CON	tests/contract/cr-557-the-theme-hue-field-heads-the-settings-panel.test.ts	139	6		SHIFTED_ROWS	Readonly<Record<"dark" | "light", readonly string[]>>	map-name 		4 identifiers in 2 files
S2-UA	src/adapter/input-command-translator/item-grab.ts	552	9		shiftWithinRows	(rows: readonly RowPlacement[], held: readonly number[], asked: number) => number	map-name a?		3 identifiers in 1 files
S2-UA	src/adapter/screen-renderer/open-modals.ts	236	6		SHORTCUT_WORDS_BY_ROW	Map<string, { rowId: string; text: { ja: string; en: string; }; }>	map-name 		2 identifiers in 1 files
S3-SYS	tests/system/mspdi-normalization.sws.test.ts	43	6		SIBLING_ORDER_ROW	"NR-6"	map-name 		7 identifiers in 1 files
S3-UNIT	tests/unit/uf-27-28-29.test.ts	1730	2		sizeRow	"S-81"	map-name 		2 identifiers in 1 files
S3-CON	tests/contract/cr-430-table-pk-the-pointer-shapes.test.ts	94	6		sizeRowOf	(row: string) => string	map-name 		3 identifiers in 1 files
S3-UNIT	tests/unit/h10-one-assignee-per-line.test.ts	677	6		SK_3_ROW	"| SK-3 | 選択しているものを削除する（対象の全数は表 T-023c の SL-1） | `Delete` ／ `Backspace` | — |"	map-name 		2 identifiers in 1 files
S3-CON	tests/contract/state-machine-notices.contract.test.ts	17	5		SmRow	SmRow	map-name 		10 identifiers in 2 files
S2-UA	src/adapter/screen-renderer/search-table-filters.ts	197	9		sortedRows	<Row>(rows: readonly Row[], order: ColumnOrder<Row>, direction: "ascending" | "descending") => readonly Row[]	map-name 		2 identifiers in 1 files
S3-CON	tests/contract/cr-712-the-notice-roster-is-printed-from-its-manuscript.contract.test.ts	74	6		STANDING_IN_ROW	(cells: readonly string[]) => string	map-name 		3 identifiers in 1 files
S3-UNIT	tests/unit/in-2-a-the-dummies-say-slide.test.ts	78	6		STARTED_BAR_ROW	"44444444-4444-4444-8444-444444444444"	map-name 		3 identifiers in 1 files
S3-UNIT	tests/unit/in-2-a-the-dummies-say-slide.test.ts	77	6		STARTED_STONE_ROW	"33333333-3333-4333-8333-333333333333"	map-name 		3 identifiers in 1 files
S2-UA	src/use-case/choose-startup-document/choose-startup-document.ts	9	12		StartupRow	StartupRow	map-name 		6 identifiers in 2 files
S2-UA	src/adapter/screen-renderer/command-palette.ts	101	6		STATUS_DATE_ROW	string	map-name 		2 identifiers in 1 files
S3-UNIT	tests/unit/in-2-a-the-dummies-say-slide.test.ts	76	6		STONE_ROW	"22222222-2222-4222-8222-222222222222"	map-name 		9 identifiers in 3 files
S3-UNIT	tests/unit/t-015-t-051-the-four-folding-controls.test.ts	502	9		storedRow	(built: Stage, groupId: string) => TaskGroup	map-name a?		5 identifiers in 2 files
S3-CON	tests/contract/cr-607-the-settings-panel-resets-grs.test.ts	199	5		StoredRow	BrowserStoredRow	map-name 		18 identifiers in 3 files
S3-UNIT	tests/unit/cr-555-dependency-lines-are-elided.test.ts	431	6		successorOnlySameRow	() => Scene	map-name 		2 identifiers in 1 files
S2-UA	src/adapter/screen-renderer/open-modals.ts	84	6		SURFACE_OF_ROW	ReadonlyMap<string, string>	map-name 		2 identifiers in 1 files
S3-CON	tests/contract/display-words.contract.test.ts	784	6		SURFACE_ROWS_OF_T_280	ReadonlySet<string>	map-name 		2 identifiers in 1 files
S3-CON	tests/contract/display-words.contract.test.ts	788	6		surfaceRowOf	(surface: string) => string	map-name 		2 identifiers in 1 files
S3-CON	tests/contract/cr-660-the-two-tables-lead-with-status-and-filter-like-excel.contract.test.ts	61	6		SV_18_ROWS	"既定は列ごとに `_assets/tbl-settings.md` の 表 T-206 の行が持つ —— `SQ-1` 〜 `SQ-9` は `S-466` 〜 `S-474`、`SQ-11` 〜 `SQ-13` は `S-500` 〜 `S-502`（どちらもこの順）。"	map-name 		2 identifiers in 1 files
S3-SYS	tests/system/cr-664-the-colour-rows-line-up-with-the-other-fields.test.ts	164	10		SwatchRows	SwatchRows	map-name 		3 identifiers in 1 files
S3-SYS	tests/system/cr-664-the-colour-rows-line-up-with-the-other-fields.test.ts	171	15		swatchRowsOf	(page: Page) => Promise<SwatchRows[]>	map-name 		2 identifiers in 1 files
S3-UNIT	tests/unit/uf-41-42.test.ts	31	6		T_024_FILE_ROWS	readonly [{ readonly id: "IO-1"; readonly form: "mspdi"; readonly isSaved: false; readonly extension: ".xml"; }, { readonly id: "IO-2"; readonly form: "grsJson"	map-name 		17 identifiers in 1 files
S3-UNIT	tests/unit/uf-41-42.test.ts	51	6		T_024_ROWS_THAT_ARE_NOT_FILES	readonly [{ readonly id: "IO-5"; readonly seam: null; }, { readonly id: "IO-6"; readonly seam: "IF-5"; }]	map-name 		2 identifiers in 1 files
S3-UNIT	tests/unit/t-027-outside-the-history.test.ts	52	6		T_027_INSIDE_ROWS	string[]	map-name 		3 identifiers in 1 files
S3-UNIT	tests/unit/t-027-outside-the-history.test.ts	48	6		T_027_OUTSIDE_ROWS	string[]	map-name 		2 identifiers in 1 files
S3-UNIT	tests/unit/uf-36.test.ts	160	6		T_033_ROWS	readonly ["EX-1", "EX-2", "EX-3", "EX-4", "EX-5", "EX-6", "EX-7", "EX-8", "EX-9", "EX-10", "EX-11", "EX-12"]	map-name 		2 identifiers in 1 files
S3-UNIT	tests/unit/uf-45-46.test.ts	67	6		T_037_ROWS	readonly { readonly id: string; readonly owes: string; readonly holds: (faults: readonly ClipboardFault[]) => boolean; }[]	map-name 		3 identifiers in 1 files
S3-UNIT	tests/unit/uf-39-40.test.ts	611	6		T_041_ROWS	readonly [{ readonly id: "WY-1"; readonly reach: "whole product -- write, initialise, read back"; }, { readonly id: "WY-2"; readonly reach: "whole product -- tw	map-name 		3 identifiers in 1 files
S3-UNIT	tests/unit/uf-36.test.ts	157	6		T_053_ROWS	readonly ["DF-1", "DF-2", "DF-3", "DF-4", "DF-5"]	map-name 		2 identifiers in 1 files
S3-UNIT	tests/unit/uf-36.test.ts	165	6		T_059_ROWS	readonly [{ readonly row: "DV-1"; readonly entity: "Project"; readonly element: "FinishDate"; }, { readonly row: "DV-2"; readonly entity: "Project"; readonly el	map-name 		3 identifiers in 1 files
S3-UNIT	tests/unit/uf-39-40.test.ts	961	6		T_076_ROWS	readonly { readonly id: string; readonly part: string; readonly expectation: "arrives" | "draw" | "no" | "partly"; readonly holds: (assembled: Assembled) => boo	map-name 		5 identifiers in 1 files
S3-UNIT	tests/unit/uf-72-screen-part.test.ts	350	6		T_109_ON_THE_ROW	{ row: string; surface: string; }[]	map-name 		24 identifiers in 1 files
S3-UNIT	tests/unit/t-027-outside-the-history.test.ts	61	6		T_202_BOOLEAN_ROWS	readonly { readonly id: string; readonly key: string; }[]	map-name 		4 identifiers in 1 files
S3-UNIT	tests/unit/t-027-outside-the-history.test.ts	67	6		T_202_OTHER_ROWS	readonly string[]	map-name 		2 identifiers in 1 files
S3-SYS	tests/system/cr-562-the-image-to-grs-json-prompt-is-copied.test.ts	106	6		T_209_ROWS	readonly { readonly id?: string; readonly value?: { readonly num?: string; readonly lit?: string; }; }[]	map-name 		2 identifiers in 1 files
S3-UNIT	tests/unit/uf-41-42.test.ts	824	6		T_227_ROWS	readonly [{ readonly row: "DI-1"; readonly subject: "how the same document is recognised"; }, { readonly row: "DI-2"; readonly subject: "what null means"; }, { 	map-name 		3 identifiers in 1 files
S3-CON	tests/contract/dfc-732-ir-3-the-record-names-the-t-220-row-of-a-refused-import.test.ts	30	6		T_233_CARRIES_THE_ROW	"⭐ ⇒ 取り込みの検証が拒んだとき、`NT-1` の通知が運ぶ理由は、拒んだ 表 T-220 の行の行 ID とすること（MUST）"	map-name 		3 identifiers in 1 files
S3-CON	tests/contract/dfc-290-d-321-fr-033-copy-and-paste-reach-the-document.test.ts	144	6		T_233_ONLY_ITS_OWN_ROWS	" 通知が運ぶ理由は 表 T-233 の行とすること（MUST）。同表に無い理由を運んではならない（MUST NOT）"	map-name 		4 identifiers in 2 files
S3-CON	tests/contract/cr-712-the-words-and-the-hidden-rows.contract.test.ts	40	6		T_233_REFUSAL_CARRIES_THE_ROW	"取り込みの検証が拒んだとき、`NT-1` の通知が運ぶ理由は、拒んだ 表 T-220 の行の行 ID とすること（MUST）"	map-name 		6 identifiers in 2 files
S3-CON	tests/contract/fr-029-in-effect-is-filled-not-rimmed.test.ts	150	6		T_237_ROWS	readonly PaintRow[]	map-name 		3 identifiers in 1 files
S3-CON	tests/contract/cr-430-ga-1-to-22-grab-areas.test.ts	39	6		T_266_NO_OTHER_ROW	"⛔ どの値も、ほかの行の掴み代を動かさないこと（MUST NOT）。"	map-name 		6 identifiers in 1 files
S3-CON	tests/contract/cr-430-ga-1-to-22-grab-areas.test.ts	38	6		T_266_ONE_TARGET_A_ROW	"⭐ 1 行が 1 つの操作対象である。"	map-name 		4 identifiers in 1 files
S3-CON	tests/contract/t-337-screen-z-order.contract.test.ts	39	6		T_337_NO_PART_WITHOUT_A_ROW	"⛔ 本表に行の無い UI パーツを画面に重ねてはならない（MUST NOT） —— 新しく重なる UI パーツを足す日は、本表に行を足すこと（MUST）。"	map-name 		3 identifiers in 1 files
S3-CON	tests/contract/t-337-screen-z-order.contract.test.ts	42	6		T_337_ROW_ORDER_IS_NOT_ID_ORDER	"⚠️ 本表の並び順と行 ID の順は一致しない —— 理由は 表 T-020 の注と同じである。"	map-name 		4 identifiers in 1 files
S3-UNIT	tests/unit/cr-551-row-fields-keys-and-colour-field-settles.test.ts	34	6		t016RowOf	(subject: string, column: string) => string	map-name 		6 identifiers in 1 files
S3-CON	tests/contract/cr-613-seam-2-mcp-tool-translator.contract.test.ts	20	10		T107Row	T107Row	map-name 		3 identifiers in 1 files
S3-CON	tests/contract/display-words.contract.test.ts	520	6		t109Row	(rowId: string) => SpecRow | undefined	map-name 		6 identifiers in 1 files
S3-CON	tests/contract/cr-718-an-import-refusal-names-its-t-220-row.contract.test.ts	28	6		t220Row	(rowId: string) => SpecRow	map-name 		3 identifiers in 1 files
S3-CON	tests/contract/cr-606-the-colour-field-words-follow-cv-9.test.ts	77	6		t236Row	(id: string) => SpecRow	map-name 		3 identifiers in 1 files
S3-CON	tests/contract/cr-585-monochrome-greys-the-chrome-and-ground.test.ts	79	10		T236Row	T236Row	map-name 		6 identifiers in 2 files
S3-CON	tests/contract/display-words.contract.test.ts	2325	6		T305_ROWS	readonly string[]	map-name 		2 identifiers in 1 files
S3-CON	tests/contract/cr-585-monochrome-greys-the-chrome-and-ground.test.ts	173	6		T366_SHIFTED_ROWS	readonly string[]	map-name 		5 identifiers in 2 files
S3-UNIT	tests/unit/uf-39-40.test.ts	858	6		TALL_ROWS	readonly RowTitle[]	map-name 		16 identifiers in 1 files
S3-UNIT	tests/unit/cr-429-mspdi-fixtures.ts	187	13		TASK_ROWS	readonly TaskRow[]	map-name 		2 identifiers in 1 files
S3-CON	tests/contract/dfc-806-double-clicking-a-highlight-box-focuses-its-frame-colour.test.ts	63	6		TASKED_ROWS	{ id: string; parentId: null; }[]	map-name 		3 identifiers in 1 files
S3-CON	tests/contract/cr-661-only-the-checked-tasks-are-laid-and-drawn.contract.test.ts	68	6		taskRow	(uid: number, name: string, from: number, to: number, part?: Record<string, unknown>) => Record<string, unknown>	map-name 		60 identifiers in 10 files
S3-UNIT	tests/unit/cr-429-mspdi-fixtures.ts	164	17		TaskRow	TaskRow	map-name 		3 identifiers in 1 files
S3-CON	tests/contract/cr-571-search-rows.contract.test.ts	197	6		taskRowOf	(uid: number) => TaskSearchRow	map-name 		18 identifiers in 3 files
S2-ENT	src/entity/document-model/schedule/schedule-search.ts	47	11		taskRows	readonly TaskSearchRow[]	map-name 		41 identifiers in 8 files
S2-UA	src/use-case/import-document/import-document.ts	146	11		taskUidsWithoutRow	readonly number[]	map-name 		3 identifiers in 1 files
S3-CON	tests/contract/dfc-307-in-4-the-standing-explanation-is-the-last-rung.test.ts	602	6		THE_ACTUALS_ROWS	readonly ["GA-3", "GA-4", "GA-16", "GA-5", "GA-6", "GA-17"]	map-name 		2 identifiers in 1 files
S3-CON	tests/contract/dfc-307-in-4-the-standing-explanation-is-the-last-rung.test.ts	607	6		THE_BODY_ROW	"GA-9"	map-name 		2 identifiers in 1 files
S3-CON	tests/contract/display-words.contract.test.ts	1404	6		THE_ROW	"11111111-1111-4111-8111-111111111111"	map-name 		5 identifiers in 1 files
S3-UNIT	tests/unit/fr-031-a-write-that-moved-nothing-leaves-no-step.test.ts	42	6		THE_ROWS_ARE_NOT_REWRITTEN_BY_MOVEMENT	"対象外 は命令の種類で決まる分類であり、本規則はその上に載る（MUST） —— **種類が「段を積みうるか」を決め、値が動いたかが「実際に積むか」を決める。**⛔ **本表の行を、動いたかどうかで書き換えてはならない（MUST NOT）"	map-name 		2 identifiers in 1 files
S2-UA	src/adapter/screen-renderer/properties-panel.ts	1096	6		THEME_HUE_SWATCH_ROW	"S-151"	map-name 		2 identifiers in 1 files
S2-UA	src/adapter/svg-renderer/svg-renderer.ts	580	6		THEME_ROW_OF_FORM	Readonly<Record<ColourForm, string>>	map-name 		2 identifiers in 1 files
S3-CON	tests/contract/cr-608-delete-all-opens-level-zero.test.ts	282	6		theOneRow	(document: Document) => TaskGroup	map-name a?		6 identifiers in 1 files
S3-CON	tests/contract/cr-610-file-flow-stage.ts	153	13		THERE_ROW	"bbbbbbbb-0000-4000-8000-00000000000b"	map-name 		18 identifiers in 7 files
S3-CON	tests/contract/cr-607-the-settings-panel-resets-grs.test.ts	613	10		theRow	FakeElement	map-name 		3 identifiers in 1 files
S3-UNIT	tests/unit/uf-72-screen-part.test.ts	2547	16		theRowOf	(built: Stage) => FakeElement	map-name 		38 identifiers in 1 files
S3-CON	tests/contract/dfc-377-fr-016-zoom-ceilings-and-ep-9-thickness.test.ts	451	6		THREE_FLAT_ROWS	3	map-name 		4 identifiers in 1 files
S3-UNIT	tests/unit/t-051-hf-17-adding-a-row-walks-the-rename-road.test.ts	244	9		threeRowDocument	() => Document	map-name 		2 identifiers in 1 files
S3-CON	tests/contract/cr-718-a-paste-onto-two-rows-carries-rs-27.test.ts	49	9		threeRows	() => Record<string, any>	map-name 		10 identifiers in 2 files
S2-UA	src/adapter/svg-renderer/schedule-grid.ts	96	9		ticksOfRow	(row: RulerRow, layout: ScheduleLayout, stride: number, weekStart: number, from: CalendarDay, right: number, cap: number) => readonly CalendarDay[]	map-name 		3 identifiers in 1 files
S3-CON	tests/contract/cr-584-the-picture-is-painted-on-the-ground-colour.test.ts	102	6		TIER_OF_ROW	Readonly<Record<string, RulerTier>>	map-name 		6 identifiers in 1 files
S3-CON	tests/contract/state-machine-notices.contract.test.ts	69	9		tnRow	(raw: RawRegion, state: string, event: string, branch: RawBranch, others: readonly string[]) => TnRow	map-name 		6 identifiers in 2 files
S3-CON	tests/contract/state-machine-notices.contract.test.ts	26	5		TnRow	TnRow	map-name 		9 identifiers in 2 files
S3-UNIT	tests/unit/cr-567-an-imported-leaf-task-sits-on-its-parents-row.test.ts	227	76		toRowOf	number	map-name 		5 identifiers in 1 files
S3-UNIT	tests/unit/t-023a-ptd-1-pan-follows-the-pointer.test.ts	581	6		TRAVEL_ROWS	0.5	map-name 		2 identifiers in 1 files
S2-ENT	src/entity/document-model/schedule/schedule-invariants.ts	87	25		TRow	TRow	map-name 		12 identifiers in 2 files
S3-UNIT	tests/unit/uf-50.test.ts	255	6		TURNS_WHOSE_DETENTS_NO_ROW_STATES	readonly [{ readonly why: "sideways, reported in pixels (MK-5)"; readonly deltaMode: 0; readonly deltaX: 100; readonly deltaY: 0; readonly scrollPx: { readonly 	map-name 		2 identifiers in 1 files
S3-UNIT	tests/unit/fr-085-double-click-a-row-name.test.ts	161	9		twoRowDocument	() => Document	map-name 		121 identifiers in 6 files
S3-CON	tests/contract/w3-t4-a-saved-export-span-draws-one-picture.test.ts	73	9		twoRowDraft	() => Record<string, any>	map-name 		6 identifiers in 1 files
S3-UNIT	tests/unit/cr-551-delete-all-rows-date-fields-and-colour-field.test.ts	464	6		twoRows	() => string[]	map-name 		11 identifiers in 2 files
S3-CON	tests/contract/cr-673-monochrome-swatches-font-size-stopped-line-arrow-head-and-field-notices.contract.test.ts	516	6		TYPED_ROW	"PR-1"	map-name 		8 identifiers in 1 files
S3-CON	tests/contract/dfc-130-pr-1-pr-2-reach-the-document.test.ts	192	6		TYPED_ROWS	readonly ["PR-1", "PR-2"]	map-name 		10 identifiers in 2 files
S2-FW	src/framework/dom-screen-surface/properties-panel-drawing.ts	261	2		typedByRow	Map<string, TextEntryControl> | null	map-name 		20 identifiers in 1 files
S3-CON	tests/contract/dfc-355-the-four-rulings-of-2026-09-07.test.ts	658	6		U_60_ROW	"U-60"	map-name 		7 identifiers in 2 files
S3-CON	tests/contract/cr-712-report-rows-reach-the-import-report.contract.test.ts	26	6		U_62_A_COUNT_ROW	"件数を持つ理由（`RS-14`・`RS-16`・`RS-51`・`RS-52`・`RS-60`・`RS-71`・`RS-72`）は、その理由の語と件数と次の一手を 1 行に並べる。"	map-name 		2 identifiers in 1 files
S3-UNIT	tests/unit/fr-023-import-report-ok-closes-the-surface.test.ts	126	6		U_62_ROW	"U-62"	map-name 		5 identifiers in 1 files
S3-CON	tests/contract/dfc-102-un-14-pinning-is-inside-the-history.test.ts	57	21		undoRow	string	map-name 		12 identifiers in 2 files
S2-FW	src/framework/dom-screen-surface/dom-screen-surface.ts	59	6		UNIT_ROW	"UF-71"	map-name 		15 identifiers in 1 files
S2-UA	src/adapter/screen-renderer/notices.ts	48	6		UNLISTED_QUESTION_ROW	"QN-8"	map-name 		2 identifiers in 1 files
S2-UA	src/adapter/screen-renderer/notices.ts	46	6		UNLISTED_REASON_ROW	"RS-15"	map-name 		2 identifiers in 1 files
S2-UA	src/use-case/validate-imported-document/validate-imported-document.ts	47	6		UNUSABLE_DATE_ROW	"IV-14"	map-name 		6 identifiers in 1 files
S3-CON	tests/contract/dfc-703-t-280-the-screen-session-names-its-surfaces-by-u-row.test.ts	47	6		uRowNamed	(englishName: string) => string	map-name 		6 identifiers in 1 files
S3-UNIT	tests/unit/uf-36.test.ts	2530	9		valueRowsOf	(task: XmlNode) => ReadonlyMap<string, string>	map-name 		4 identifiers in 1 files
S3-CON	tests/contract/cr-601-the-landing-mark-stays-while-the-view-moves.contract.test.ts	210	6		VIEW_KEY_ROWS	readonly ["SK-16", "SK-16a", "SK-16b", "SK-16c", "SK-22", "SK-23"]	map-name 		2 identifiers in 1 files
S3-CON	tests/contract/cr-670-the-report-joins-dates-with-a-dash-and-speaks-reasons-in-words.contract.test.ts	72	6		WALL_ROWS	string[]	map-name 		2 identifiers in 1 files
S2-UA	src/adapter/screen-renderer/command-palette.ts	105	6		WATERMARK_ROW	string	map-name 		3 identifiers in 1 files
S2-FW	src/framework/dom-screen-surface/field-editing.ts	388	8		WATERMARK_UNLOCK_ROW	"U-60"	map-name 		5 identifiers in 3 files
S3-CON	tests/contract/dfc-1353-1659-2164-fr-039-the-weights-of-the-letters.test.ts	25	6		weightRow	(id: string) => number	map-name 		3 identifiers in 1 files
S3-CON	tests/contract/cr-601-the-landing-mark-stays-while-the-view-moves.contract.test.ts	199	6		WHEEL_ROWS	readonly ["MK-1", "MK-2", "MK-3", "MK-4", "MK-5"]	map-name 		3 identifiers in 1 files
S3-UNIT	tests/unit/t-023-wheel-goes-to-the-browser.test.ts	237	10		WheelRow	WheelRow	map-name 		2 identifiers in 1 files
S3-UNIT	tests/unit/t-023-wheel-goes-to-the-browser.test.ts	243	9		wheelRows	() => readonly WheelRow[]	map-name 		2 identifiers in 1 files
S3-SYS	tests/system/mspdi-normalization.sws.test.ts	37	6		WHITESPACE_ROW	"NR-2"	map-name 		3 identifiers in 1 files
S3-CON	tests/contract/dfc-152-in-6-the-same-value-writes-nothing.test.ts	126	6		wholeRow	(table: SpecTable, id: string) => string	map-name 		11 identifiers in 2 files
S3-CON	tests/contract/dfc-130-pr-1-pr-2-reach-the-document.test.ts	152	6		wholeRowOf	(id: string) => string	map-name 		3 identifiers in 1 files
S3-CON	tests/contract/cr-660-the-two-tables-lead-with-status-and-filter-like-excel.contract.test.ts	102	6		WIDTH_ROW	Readonly<Record<string, string>>	map-name 		11 identifiers in 2 files
S3-UNIT	tests/unit/cr-551-delete-all-rows-date-fields-and-colour-field.test.ts	393	10		widthRow	string[]	map-name 		2 identifiers in 1 files
S2-UA	src/use-case/import-document/import-document.ts	898	8		withoutRow	number[]	map-name 		3 identifiers in 1 files
S2-UA	src/use-case/edit-document/task-group-naming.ts	12	18		withRow	(document: Document, row: TaskGroup) => Document	map-name a?		11 identifiers in 5 files
S2-UA	src/use-case/advance-screen-session/selection-values.ts	215	9		withRows	(values: SelectionValues, chosenRows: readonly string[]) => SelectionStep	map-name 		3 identifiers in 1 files
S2-UA	src/use-case/advance-screen-session/selection-values.ts	179	9		withRowsAlso	(step: SelectionStep, chosenRows: readonly string[]) => SelectionStep	map-name 		4 identifiers in 1 files
S3-UNIT	tests/unit/cr-556-the-deadline-arrow.test.ts	321	6		withTwoRows	(hiddenState: "collapsedParent" | "hidden") => Stage2	map-name 		2 identifiers in 1 files
S2-UA	src/use-case/edit-document/task-group-order.ts	86	9		withWbsOrderFollowingTheRows	(document: Document, rows: readonly TaskGroup[]) => Document	map-name a?		4 identifiers in 1 files
S2-UA	src/use-case/advance-screen-session/notice-values.ts	544	9		wordsRowOf	(reason: string) => string	map-name 		17 identifiers in 6 files
S3-SYS	tests/system/mspdi-normalization.sws.test.ts	60	6		WRITE_ORDER_ROW	string	map-name 		2 identifiers in 1 files
S3-CON	tests/contract/w3-t5-ws-2-four-moments-and-the-un-8-judgement.contract.test.ts	29	6		WS_2_ONLY_THIS_ROW_JUDGES	"`UN-8` だけから成るかの判じは本行だけが持ち、呼び手が前もって判じて書き込みを止めてはならない（MUST NOT）"	map-name 		4 identifiers in 1 files
S3-CON	tests/contract/cr-430-t-020-the-order-things-are-drawn.test.ts	38	6		ZO_THE_ROW_ORDER_IS_NOT_THE_ID_ORDER	"本表の並び順と行 ID の順は一致しない —— ほかの行から名指されている行 ID を変えないためである。"	map-name 		3 identifiers in 1 files
