old	new	kind	class	rule	files	count	decided-by	lanes	home_lane	generated_count	collision	note
$row	$taskGroup	identifier	?	8	5	22		S3-CON,S3-UNIT	S3-UNIT	0		
ACTUAL_LINE_ROW	ACTUAL_LINE_ROW	identifier	b	8	1	2	machine:b part: line	S2-UA	S2-UA	0		
ACTUAL_ROW	ACTUAL_TASK_GROUP	identifier	?	8	1	8		S3-CON	S3-CON	0		
ADDING_A_ROW_MOVES_NOTHING	ADDING_A_TASK_GROUP_MOVES_NOTHING	identifier	?	8	1	2		S3-CON	S3-CON	0		
ADD_CHILD_ROW	ADD_CHILD_TASK_GROUP	identifier	a	8	5	26	machine:a part: child	S3-CON,S3-UNIT	S3-UNIT	0		
ADD_CHILD_ROW_ENTRY	ADD_CHILD_ROW_ENTRY	identifier	b	8	2	5	machine:b part: entry	S2-FW	S2-FW	0		
ADD_TOP_ROW_ENTRY	ADD_TOP_ROW_ENTRY	identifier	b	8	1	4	machine:b part: entry	S2-FW	S2-FW	0		
ALPHA_ROW	ALPHA_TASK_GROUP	identifier	?	8	1	2		S3-UNIT	S3-UNIT	0		
AM_25_SAME_ROWS	AM_25_SAME_TASK_GROUPS	identifier	?	8	1	2		S3-SYS	S3-SYS	0		
ANCHOR_NO_ROW	ANCHOR_NO_TASK_GROUP	identifier	?	8	1	3		S3-CON	S3-CON	0		
ANCHOR_ROW	ANCHOR_TASK_GROUP	identifier	?	8	1	5		S3-UNIT	S3-UNIT	0		
ANY_ROW	ANY_TASK_GROUP	identifier	?	8	1	2		S3-UNIT	S3-UNIT	0		
AN_EXTENSION_NO_ROW_CARRIES	AN_EXTENSION_NO_TASK_GROUP_CARRIES	identifier	?	8	1	6		S3-UNIT	S3-UNIT	0		
AN_IMPORT_REFUSAL_CARRIES_ITS_T_220_ROW	AN_IMPORT_REFUSAL_CARRIES_ITS_T_220_TASK_GROUP	identifier	?	8	2	6		S3-CON,S3-SYS	S3-SYS	0		
ARMED_BY_ROW	ARMED_BY_TASK_GROUP	identifier	?	8	1	2		S3-CON	S3-CON	0		
ARM_ROW	ARM_TASK_GROUP	identifier	?	8	1	2		S1-D	S1-D	0		
ARM_WBS_PARENT	ARM_PARENT_TASK	identifier	a	1	1	3	machine:rule 1 / JDG-1727	S3-SYS	S3-SYS	0		
ARM_WORDS_BY_ROW	ARM_WORDS_BY_TASK_GROUP	identifier	?	8	1	2		S2-UA	S2-UA	0		
ASPECT_ROWS	ASPECT_TASK_GROUPS	identifier	?	8	1	6		S3-CON	S3-CON	0		
ASSIGNEE_FIELD_ROW	ASSIGNEE_FIELD_ROW	identifier	b	8	1	2	machine:b part: field	S2-FW	S2-FW	0		
ASSIGNEE_LINE_ROW	ASSIGNEE_LINE_ROW	identifier	b	8	1	2	machine:b part: line	S2-UA	S2-UA	0		
ASSIGNEE_ROW	ASSIGNEE_TASK_GROUP	identifier	?	8	4	22		S3-CON,S3-UNIT	S3-UNIT	0		
ASSIGNMENTS_BY_ROW	ASSIGNMENTS_BY_TASK_GROUP	identifier	?	8	1	2		S2-UA	S2-UA	0		
ASSIGNMENT_ROW	ASSIGNMENT_TASK_GROUP	identifier	?	8	1	2		S1-D	S1-D	0		
A_REASON_IS_A_T_233_ROW	A_REASON_IS_A_T_233_TASK_GROUP	identifier	?	8	1	2		S3-CON	S3-CON	0		
A_REFUSAL_VALUE_CARRIES_THE_ROW_ID	A_REFUSAL_VALUE_CARRIES_THE_ROW_ID	identifier	b	8	1	2	machine:row id (section 4)	S3-CON	S3-CON	0		
AlphaChildRowName	AlphaChildTaskGroupName	identifier	a	5	1	1	machine:rule 5	S3-UNIT	S3-UNIT	0		
AlphaRowName	AlphaTaskGroupName	identifier	a	5	2	2	machine:rule 5	S3-UNIT	S3-UNIT	0		
AnnotationNumberRow	AnnotationNumberTaskGroup	identifier	?	8	2	4		S2-ENT,S2-UA	S2-UA	0		
BAR_ROW	BAR_TASK_GROUP	identifier	?	8	3	9		S3-UNIT	S3-UNIT	0		
BASE_ONE_ROWS	BASE_ONE_TASK_GROUPS	identifier	?	8	1	11		S3-UNIT	S3-UNIT	0		
BASE_ROW	BASE_TASK_GROUP	identifier	?	8	1	3		S1-D	S1-D	0		
BASE_ZERO_ROWS	BASE_ZERO_TASK_GROUPS	identifier	?	8	1	9		S3-UNIT	S3-UNIT	0		
BASIC_ROWS	BASIC_TASK_GROUPS	identifier	?	8	1	3		S3-UNIT	S3-UNIT	0		
BL_1_ROW	BL_1_TASK_GROUP	identifier	?	8	1	7		S3-CON	S3-CON	0		
BODY_GRAB_ROWS	BODY_GRAB_TASK_GROUPS	identifier	a	8	1	3	machine:a part: grab	S2-UA	S2-UA	0		
BODY_NO_ROW	BODY_NO_TASK_GROUP	identifier	?	8	1	3		S3-UNIT	S3-UNIT	0		
BODY_ROW	BODY_TASK_GROUP	identifier	?	8	1	3		S3-CON	S3-CON	0		
BOOLEAN_ROW	BOOLEAN_TASK_GROUP	identifier	?	8	1	3		S3-CON	S3-CON	0		
BROWSER_FUNCTION_ROW	BROWSER_FUNCTION_TASK_GROUP	identifier	?	8	1	2		S1-D	S1-D	0		
BROWSER_FUNCTION_WORDS_BY_ROW	BROWSER_FUNCTION_WORDS_BY_TASK_GROUP	identifier	?	8	1	2		S2-UA	S2-UA	0		
BetaRowName	BetaTaskGroupName	identifier	a	5	2	2	machine:rule 5	S3-UNIT	S3-UNIT	0		
BrowserStoredRow	BrowserStoredTaskGroup	identifier	?	8	1	4		S2-FW	S2-FW	0		
CALENDAR_ROW_TOKEN	CALENDAR_TASK_GROUP_TOKEN	identifier	?	8	1	2		S1-D	S1-D	0		
CARRIED_ROW_PATHS	CARRIED_ROW_PATHS	identifier	b	8	1	4	machine:b part: carried	S2-UA	S2-UA	0		
CD_6_ONE_ROW	CD_6_ONE_TASK_GROUP	identifier	?	8	1	3		S3-UNIT	S3-UNIT	0		
CHAIN_ROWS	CHAIN_TASK_GROUPS	identifier	?	8	1	10		S3-CON	S3-CON	0		
CHALLENGE_ROW	CHALLENGE_TASK_GROUP	identifier	?	8	1	2		S2-TL	S2-TL	0		
CHEVRON_ROWS	CHEVRON_TASK_GROUPS	identifier	?	8	1	3		S3-CON	S3-CON	0		
CHILD_ROW	CHILD_TASK_GROUP	identifier	a	8	1	5	machine:a part: child	S3-CON	S3-CON	0		
CHOICE_ROW	CHOICE_TASK_GROUP	identifier	?	8	1	4		S3-CON	S3-CON	0		
CHOOSER_ROW	CHOOSER_TASK_GROUP	identifier	?	8	1	5		S3-SYS	S3-SYS	0		
CLAIMED_ROWS	CLAIMED_TASK_GROUPS	identifier	?	8	1	3		S3-CON	S3-CON	0		
CLAUSE_EVERY_ROW	CLAUSE_EVERY_TASK_GROUP	identifier	a	8	1	4	machine:a part: every	S3-CON	S3-CON	0		
CLAUSE_NO_ROW	CLAUSE_NO_TASK_GROUP	identifier	?	8	1	4		S3-CON	S3-CON	0		
CLAUSE_ROWS_IN_ORDER	CLAUSE_TASK_GROUPS_IN_ORDER	identifier	?	8	2	8		S3-CON	S3-CON	0		
CLAUSE_ROWS_IN_THE_DOCUMENT	CLAUSE_TASK_GROUPS_IN_THE_DOCUMENT	identifier	?	8	1	3		S3-CON	S3-CON	0		
CLOSE_ENTRY_ROW	CLOSE_ENTRY_ROW	identifier	b	8	1	3	machine:b part: entry	S3-SYS	S3-SYS	0		
CLOSE_ROW	CLOSE_TASK_GROUP	identifier	?	8	1	7		S3-CON	S3-CON	0		
CLOSE_SURFACE_ROW	CLOSE_SURFACE_TASK_GROUP	identifier	?	8	1	3		S1-D	S1-D	0		
CM_50_ROW	CM_50_TASK_GROUP	identifier	?	8	1	2		S3-CON	S3-CON	0		
CM_51_ROW	CM_51_TASK_GROUP	identifier	?	8	1	2		S3-CON	S3-CON	0		
CM_54_ROW	CM_54_TASK_GROUP	identifier	?	8	1	2		S3-CON	S3-CON	0		
CM_8_ROW	CM_8_TASK_GROUP	identifier	?	8	1	2		S3-UNIT	S3-UNIT	0		
CM_ROWS	CM_TASK_GROUPS	identifier	?	8	1	2		S3-UNIT	S3-UNIT	0		
COLLAPSE_EVERY_ROW_ENTRY	COLLAPSE_EVERY_ROW_ENTRY	identifier	b	8	1	4	machine:b part: entry	S2-FW	S2-FW	0		
COLOUR_ROWS	COLOUR_TASK_GROUPS	identifier	?	8	1	7		S3-SYS	S3-SYS	0		
COLUMN_ROW	COLUMN_ROW	identifier	b	8	1	2	machine:b part: column	S1-D	S1-D	0		
COMMENT_BOX_ROWS	COMMENT_BOX_TASK_GROUPS	identifier	?	8	1	3		S3-SYS	S3-SYS	0		
COMMENT_BOX_TEXT_FIELD_ROW	COMMENT_BOX_TEXT_FIELD_ROW	identifier	b	8	1	2	machine:b part: text	S2-FW	S2-FW	0		
COPY_ROW_ID	COPY_ROW_ID	identifier	b	8	1	2	machine:row id (section 4)	S3-CON	S3-CON	0		
COPY_TAKEN_ROW	COPY_TAKEN_TASK_GROUP	identifier	?	8	1	2		S3-UNIT	S3-UNIT	0		
CR-371-row-ids-get-a-registry-and-pd-is-abolished	CR-371-row-ids-get-a-registry-and-pd-is-abolished	identifier	b	8	1	1	machine:row id (section 4)	S2-TL	S2-TL	0		
CR_541_ROW_8	CR_541_TASK_GROUP_8	identifier	?	8	1	2		S3-UNIT	S3-UNIT	0		
CS_4_ROW	CS_4_TASK_GROUP	identifier	?	8	1	2		S3-UNIT	S3-UNIT	0		
CV_9_ORDER_SECOND_ROW	CV_9_ORDER_SECOND_TASK_GROUP	identifier	?	8	1	2		S3-UNIT	S3-UNIT	0		
CV_9_TWO_ROWS	CV_9_TWO_TASK_GROUPS	identifier	?	8	2	7		S3-SYS,S3-UNIT	S3-UNIT	0		
ColumnRow	ColumnRow	identifier	b	8	1	3	machine:b part: column	S3-UNIT	S3-UNIT	0		
CommentBoxSearchRow	CommentBoxSearchRow	identifier	b	8	7	16	machine:b part: search	S1-D,S2-ENT,S2-UA,S3-CON	S1-D	1		
D-row	D-task-group	identifier	?	8	1	2		S2-TL	S2-TL	0		
DATE_ROW	DATE_TASK_GROUP	identifier	?	8	1	4		S3-UNIT	S3-UNIT	0		
DATE_ROWS	DATE_TASK_GROUPS	identifier	?	8	1	5		S3-CON	S3-CON	0		
DEADLINE_ROW	DEADLINE_TASK_GROUP	identifier	?	8	1	3		S2-UA	S2-UA	0		
DEFAULT_CALENDAR_ROWS	DEFAULT_CALENDAR_TASK_GROUPS	identifier	?	8	1	2		S1-D	S1-D	0		
DEFAULT_ROW_NAME	DEFAULT_TASK_GROUP_NAME	identifier	a	5	17	42	machine:rule 5	S1-D,S2-FW,S2-UA,S3-CON,S3-UNIT	S1-D	2		
DEFAULT_ROW_NAME_ENTRY	DEFAULT_TASK_GROUP_NAME_ENTRY	identifier	a	5	1	3	machine:rule 5	S2-UA	S2-UA	0		
DEFAULT_ROW_NAME_FIXTURE	DEFAULT_TASK_GROUP_NAME_FIXTURE	identifier	a	5	14	38	machine:rule 5	S3-CON,S3-UNIT	S3-CON	0		
DEFAULT_ROW_NAME_WORD	DEFAULT_TASK_GROUP_NAME_WORD	identifier	a	5	1	6	machine:rule 5	S3-UNIT	S3-UNIT	0		
DEFAULT_ROW_TITLE_FONT	DEFAULT_TASK_GROUP_TITLE_FONT	identifier	a	4	1	2	machine:rule 4	S3-SYS	S3-SYS	0		
DEFAULT_ROW_TITLE_TOP_SCALE	DEFAULT_TASK_GROUP_TITLE_TOP_SCALE	identifier	a	4	1	2	machine:rule 4	S3-SYS	S3-SYS	0		
DEFAULT_TEXT_SIZE_ROW	DEFAULT_TEXT_SIZE_ROW	identifier	b	8	1	2	machine:b part: text	S2-UA	S2-UA	0		
DEF_ROW	DEF_TASK_GROUP	identifier	?	8	1	2		S2-TL	S2-TL	0		
DELAY_ASPECT_ROW	DELAY_ASPECT_ROW	identifier	b	8	1	2	machine:b part: delay	S1-D	S1-D	0		
DELAY_MARKER_ROW	DELAY_MARKER_ROW	identifier	b	8	1	2	machine:b part: delay	S1-D	S1-D	0		
DELAY_REPORT_COLUMN_ROW	DELAY_REPORT_COLUMN_ROW	identifier	b	8	1	2	machine:b part: delay	S1-D	S1-D	0		
DELAY_REPORT_ROW	DELAY_REPORT_ROW	identifier	b	8	1	2	machine:b part: delay	S1-D	S1-D	0		
DELAY_WALL_ROW	DELAY_WALL_ROW	identifier	b	8	1	2	machine:b part: delay	S1-D	S1-D	0		
DELETE_EVERY_ROW	DELETE_EVERY_TASK_GROUP	identifier	a	8	3	10	machine:a part: every	S3-CON,S3-SYS,S3-UNIT	S3-SYS	0		
DELETE_EVERY_ROW_ENTRY	DELETE_EVERY_ROW_ENTRY	identifier	b	8	1	4	machine:b part: entry	S2-FW	S2-FW	0		
DELETE_ROW_ENTRY	DELETE_ROW_ENTRY	identifier	b	8	2	5	machine:b part: entry	S2-FW	S2-FW	0		
DELETE_THIS_ROW	DELETE_THIS_TASK_GROUP	identifier	?	8	1	2		S3-UNIT	S3-UNIT	0		
DEPENDENCY_KIND_ROW	DEPENDENCY_KIND_TASK_GROUP	identifier	?	8	1	2		S1-D	S1-D	0		
DEPENDENCY_ROWS	DEPENDENCY_TASK_GROUPS	identifier	?	8	1	5		S3-CON	S3-CON	0		
DEPTH_ONE_ROW_NAME_PX	DEPTH_ONE_TASK_GROUP_NAME_PX	identifier	a	5	1	2	machine:rule 5	S3-SYS	S3-SYS	0		
DERIVED_ROW	DERIVED_TASK_GROUP	identifier	?	8	1	3		S3-CON	S3-CON	0		
DG_ROWS	DG_TASK_GROUPS	identifier	?	8	1	4		S3-CON	S3-CON	0		
DICTIONARY_ROW_WORD	DICTIONARY_ROW_WORD	identifier	b	8	1	10	machine:b part: dictionary	S3-UNIT	S3-UNIT	0		
DIFFERENCE_REVIEW_ROW	DIFFERENCE_REVIEW_TASK_GROUP	identifier	?	8	1	3		S2-FW	S2-FW	0		
DISMISS_KEY_ROW_SEPARATOR	DISMISS_KEY_TASK_GROUP_SEPARATOR	identifier	?	8	1	2		S2-UA	S2-UA	0		
DOC-TBL-ROW-ID-PREFIXES	DOC-TBL-ROW-ID-PREFIXES	identifier	b	8	1	1	machine:row id (section 4)	S1-D	S1-D	1		
DOCUMENT_NAME_ROWS	DOCUMENT_NAME_TASK_GROUPS	identifier	a	8	1	3	machine:a part: name	S3-SYS	S3-SYS	0		
DOCUMENT_TITLE_FIELD_ROW	DOCUMENT_TITLE_FIELD_ROW	identifier	b	8	1	3	machine:b part: field	S2-FW	S2-FW	0		
DOCUMENT_TITLE_ROW	DOCUMENT_TITLE_TASK_GROUP	identifier	a	8	2	10	machine:a part: title	S2-FW,S3-CON	S2-FW	0		
DRAWN_FIXED_ROWS	DRAWN_FIXED_TASK_GROUPS	identifier	a	8	1	6	machine:a part: drawn	S3-CON	S3-CON	0		
DRAWN_ROW	DRAWN_TASK_GROUP	identifier	a	8	1	2	machine:a part: drawn	S3-SYS	S3-SYS	0		
DRAWN_ROW_IDS	DRAWN_ROW_IDS	identifier	b	8	1	11	machine:row id (section 4)	S3-UNIT	S3-UNIT	0		
DRAWN_ROW_INDENT	DRAWN_TASK_GROUP_INDENT	identifier	a	8	1	5	machine:a part: drawn	S3-SYS	S3-SYS	0		
DRAWN_WIDTH_ROW	DRAWN_WIDTH_TASK_GROUP	identifier	a	8	1	2	machine:a part: drawn	S2-UA	S2-UA	0		
DRIVEN_ROWS	DRIVEN_TASK_GROUPS	identifier	?	8	1	6		S3-UNIT	S3-UNIT	0		
DUAL_CURSOR_ROW	DUAL_CURSOR_TASK_GROUP	identifier	?	8	1	2		S2-UA	S2-UA	0		
DUMMY_BAR_ROW	DUMMY_BAR_TASK_GROUP	identifier	?	8	1	3		S3-UNIT	S3-UNIT	0		
DUMMY_STONE_ROW	DUMMY_STONE_TASK_GROUP	identifier	?	8	1	3		S3-UNIT	S3-UNIT	0		
DeepRow	DeepTaskGroup	identifier	?	8	1	1		S3-UNIT	S3-UNIT	0		
DefaultRowName	DefaultTaskGroupName	identifier	a	5	1	4	machine:rule 5	S3-UNIT	S3-UNIT	0		
DelayMarkerRow	DelayMarkerRow	identifier	b	8	2	5	machine:b part: delay	S2-ENT	S2-ENT	0		
DelayReportRow	DelayReportRow	identifier	b	8	4	11	machine:section 4 list	S1-D,S2-ENT,S2-UA	S1-D	1		
DelayReportRowView	DelayReportRowView	identifier	b	8	1	2	machine:b part: delay	S2-UA	S2-UA	0		
DelayReportTextRow	DelayReportTextRow	identifier	b	8	2	4	machine:b part: delay	S2-ENT	S2-ENT	0		
DerivedWbsParent	DerivedParentTask	identifier	a	1	1	2	machine:rule 1 / JDG-1727	S2-ENT	S2-ENT	0		
DgRow	DgTaskGroup	identifier	?	8	2	12		S3-CON	S3-CON	0		
DocumentRow	DocumentTaskGroup	identifier	?	8	1	6		S2-ENT	S2-ENT	0		
DocumentRows	DocumentTaskGroups	identifier	?	8	1	2		S2-ENT	S2-ENT	0		
DrawnRow	DrawnTaskGroup	identifier	a	8	6	38	machine:a part: drawn	S3-SYS	S3-SYS	0		
DrawnRowTitle	DrawnTaskGroupTitle	identifier	a	4	1	2	machine:rule 4	S3-SYS	S3-SYS	0		
DrawnRowsInTree	DrawnTaskGroupsInTree	identifier	a	8	1	5	machine:a part: drawn	S2-ENT	S2-ENT	0		
EDITED_ROWS	EDITED_TASK_GROUPS	identifier	?	8	1	4		S3-CON	S3-CON	0		
EDIT_GROUP_LANDS_ON_CHOSEN_ROW	EDIT_GROUP_LANDS_ON_CHOSEN_TASK_GROUP	identifier	a	8	1	4	machine:a part: group	S3-CON	S3-CON	0		
EL_20_ROW_DRAWN	EL_20_TASK_GROUP_DRAWN	identifier	a	8	1	3	machine:a part: drawn	S3-CON	S3-CON	0		
EMPTY_OF_ROWS	EMPTY_OF_TASK_GROUPS	identifier	?	8	2	10		S3-CON,S3-UNIT	S3-UNIT	0		
EMPTY_ROW	EMPTY_TASK_GROUP	identifier	?	8	1	3		S3-UNIT	S3-UNIT	0		
ENTITY_ROWS	ENTITY_TASK_GROUPS	identifier	?	8	4	8		S1-C,S1-D,S2-ENT	S1-D	0		
ENTITY_ROWS_NOTE	ENTITY_TASK_GROUPS_NOTE	identifier	?	8	1	2		S1-D	S1-D	0		
ENTRY_ROWS	ENTRY_ROWS	identifier	b	8	1	2	machine:b part: entry	S3-UNIT	S3-UNIT	0		
ENVIRONMENT_ROWS	ENVIRONMENT_TASK_GROUPS	identifier	?	8	1	4		S3-CON	S3-CON	0		
EP_1_ONE_ROW	EP_1_ONE_TASK_GROUP	identifier	?	8	1	2		S3-CON	S3-CON	0		
EP_1_ONE_ROW_FOR_SIZE_AND_INSET	EP_1_ONE_TASK_GROUP_FOR_SIZE_AND_INSET	identifier	?	8	1	2		S3-CON	S3-CON	0		
EP_1_SAME_ROWS	EP_1_SAME_TASK_GROUPS	identifier	?	8	1	2		S3-CON	S3-CON	0		
ERP_PROGRAM_ROW	ERP_PROGRAM_TASK_GROUP	identifier	?	8	2	7		S3-SYS	S3-SYS	0		
ESCAPE_ROW	ESCAPE_TASK_GROUP	identifier	?	8	1	3		S1-D	S1-D	0		
EVENT_ROW	EVENT_TASK_GROUP	identifier	?	8	1	2		S3-CON	S3-CON	0		
EVENT_ROW_TARGET	EVENT_TASK_GROUP_TARGET	identifier	?	8	1	2		S3-CON	S3-CON	0		
EVERY_ROW	EVERY_TASK_GROUP	identifier	a	8	1	7	machine:a part: every	S3-UNIT	S3-UNIT	0		
EVERY_ROW_ARMS_THE_PRESSED_SHAPE	EVERY_TASK_GROUP_ARMS_THE_PRESSED_SHAPE	identifier	a	8	1	2	machine:a part: every	S3-UNIT	S3-UNIT	0		
EXPANDER_ROWS	EXPANDER_TASK_GROUPS	identifier	a	8	1	4	machine:a part: expander	S3-UNIT	S3-UNIT	0		
EXPECTED_ROW_IDS	EXPECTED_ROW_IDS	identifier	b	8	3	12	machine:row id (section 4)	S3-CON	S3-CON	0		
EXPORT_CHOOSER_ROW	EXPORT_CHOOSER_TASK_GROUP	identifier	?	8	3	6		S2-FW,S2-UA	S2-UA	0		
EXPORT_ENTRY_ROW	EXPORT_ENTRY_ROW	identifier	b	8	1	8	machine:b part: entry	S3-SYS	S3-SYS	0		
EXPORT_FORMAT_ROW	EXPORT_FORMAT_TASK_GROUP	identifier	?	8	1	2		S1-D	S1-D	0		
EXPORT_KEY_ROW	EXPORT_KEY_TASK_GROUP	identifier	?	8	1	2		S3-CON	S3-CON	0		
EX_10_ROW_CHILD	EX_10_TASK_GROUP_CHILD	identifier	a	8	1	2	machine:a part: child	S3-CON	S3-CON	0		
EX_10_ROW_CHILD_ENDS	EX_10_TASK_GROUP_CHILD_ENDS	identifier	a	8	1	2	machine:a part: child	S3-CON	S3-CON	0		
EntityRows	EntityTaskGroups	identifier	?	8	4	7		S1-D,S2-ENT	S1-D	0		
EntranceGapRow	EntranceGapTaskGroup	identifier	a	8	1	7	machine:a part: gap	S2-FW	S2-FW	0		
EntranceStateRow	EntranceStateTaskGroup	identifier	?	8	1	3		S2-FW	S2-FW	0		
EvRow	EvTaskGroup	identifier	?	8	2	5		S3-CON	S3-CON	0		
ExceptionRow	ExceptionTaskGroup	identifier	?	8	2	10		S3-UNIT	S3-UNIT	0		
FACE_ROWS	FACE_TASK_GROUPS	identifier	?	8	1	7		S3-CON	S3-CON	0		
FAILURE_ROWS	FAILURE_TASK_GROUPS	identifier	?	8	1	3		S3-CON	S3-CON	0		
FAMILY_BY_ROW	FAMILY_BY_TASK_GROUP	identifier	?	8	1	4		S3-SYS	S3-SYS	0		
FAR_ROW	FAR_TASK_GROUP	identifier	?	8	1	4		S3-CON	S3-CON	0		
FASTER_SCROLL_ASSIGNMENT_ROWS	FASTER_SCROLL_ASSIGNMENT_TASK_GROUPS	identifier	a	8	1	2	machine:a part: scroll	S2-UA	S2-UA	0		
FIELD_ROWS	FIELD_ROWS	identifier	b	8	1	3	machine:b part: field	S3-CON	S3-CON	0		
FIELD_ROW_ATTRIBUTE	FIELD_ROW_ATTRIBUTE	identifier	b	8	2	9	machine:b part: field	S2-FW	S2-FW	0		
FIELD_ROW_OF_IN_PLACE_TARGET	FIELD_ROW_OF_IN_PLACE_TARGET	identifier	b	8	2	3	machine:b part: field	S2-FW	S2-FW	0		
FIELD_ROW_SELECTOR	FIELD_ROW_SELECTOR	identifier	b	8	1	3	machine:b part: field	S2-FW	S2-FW	0		
FIGURED_ROWS	FIGURED_TASK_GROUPS	identifier	?	8	1	2		S3-CON	S3-CON	0		
FILL_ROW	FILL_TASK_GROUP	identifier	?	8	1	6		S3-UNIT	S3-UNIT	0		
FINDING_ROW	FINDING_TASK_GROUP	identifier	?	8	2	4		S3-CON,S3-UNIT	S3-UNIT	0		
FINISH_BEFORE_START_ROW	FINISH_BEFORE_START_TASK_GROUP	identifier	?	8	1	2		S2-UA	S2-UA	0		
FINISH_TO_START_ROW	FINISH_TO_START_TASK_GROUP	identifier	?	8	1	2		S2-UA	S2-UA	0		
FIRST_ROW	FIRST_TASK_GROUP	identifier	?	8	1	3		S3-CON	S3-CON	0		
FIXED_ROWS	FIXED_TASK_GROUPS	identifier	?	8	1	4		S3-CON	S3-CON	0		
FIXTURE_ROW_ID	FIXTURE_ROW_ID	identifier	b	8	1	2	machine:row id (section 4)	S3-SYS	S3-SYS	0		
FLAT_ROWS	FLAT_TASK_GROUPS	identifier	?	8	1	2		S3-CON	S3-CON	0		
FLOW_CLOSED_ROWS	FLOW_CLOSED_TASK_GROUPS	identifier	?	8	1	3		S3-CON	S3-CON	0		
FLOW_SURFACE_ROWS	FLOW_SURFACE_TASK_GROUPS	identifier	?	8	1	2		S2-FW	S2-FW	0		
FOCUS_ROW_ATTRIBUTES	FOCUS_TASK_GROUP_ATTRIBUTES	identifier	?	8	1	2		S2-FW	S2-FW	0		
FOLDED_ROWS	FOLDED_TASK_GROUPS	identifier	a	8	1	3	machine:a part: folded	S3-CON	S3-CON	0		
FOLDED_ROW_COUNT_MARK	FOLDED_TASK_GROUP_COUNT_MARK	identifier	a	8	1	3	machine:a part: folded	S2-FW	S2-FW	0		
FOLD_EVERY_ROW	FOLD_EVERY_TASK_GROUP	identifier	a	8	1	7	machine:a part: fold	S3-SYS	S3-SYS	0		
FOLLOWING_ROWS	FOLLOWING_TASK_GROUPS	identifier	?	8	1	4		S3-UNIT	S3-UNIT	0		
FORMAT_NAME_BY_ROW	FORMAT_NAME_BY_TASK_GROUP	identifier	a	8	1	2	machine:a part: name	S2-UA	S2-UA	0		
FORMAT_ROW	FORMAT_TASK_GROUP	identifier	?	8	2	11		S1-D,S3-SYS	S1-D	0		
FORM_OF_ROW	FORM_OF_TASK_GROUP	identifier	?	8	1	4		S3-CON	S3-CON	0		
FRAME_ROW	FRAME_TASK_GROUP	identifier	?	8	2	17		S3-CON,S3-UNIT	S3-CON	0		
FR_009_ROWS	FR_009_TASK_GROUPS	identifier	?	8	1	3		S3-CON	S3-CON	0		
FR_016_ROW_POSITION_MEMBER_IS_PI_5	FR_016_TASK_GROUP_POSITION_MEMBER_IS_PI_5	identifier	?	8	1	2		S3-CON	S3-CON	0		
FR_016_ROW_POSITION_NOT_BY_ARITHMETIC	FR_016_TASK_GROUP_POSITION_NOT_BY_ARITHMETIC	identifier	?	8	1	2		S3-CON	S3-CON	0		
FR_018_DEEPER_ROWS_BY_ZOOM	FR_018_DEEPER_TASK_GROUPS_BY_ZOOM	identifier	a	8	1	2	machine:a part: zoom	S3-CON	S3-CON	0		
FR_020_NOT_OUTSIDE_ROW_AREA	FR_020_NOT_OUTSIDE_TASK_GROUP_AREA	identifier	a	6	1	2	machine:rule 6	S3-CON	S3-CON	0		
FR_029_THE_MATCHING_ROW	FR_029_THE_MATCHING_TASK_GROUP	identifier	?	8	1	2		S3-UNIT	S3-UNIT	0		
FR_032_SHOWN_ON_ANOTHER_ROW	FR_032_SHOWN_ON_ANOTHER_TASK_GROUP	identifier	a	8	1	2	machine:a part: shown	S3-UNIT	S3-UNIT	0		
FR_033_PASTE_UNDER_THE_CHOSEN_ROW	FR_033_PASTE_UNDER_THE_CHOSEN_TASK_GROUP	identifier	a	8	1	2	machine:a part: chosen	S3-CON	S3-CON	0		
FR_033_SAME_ROW	FR_033_SAME_TASK_GROUP	identifier	?	8	1	2		S3-CON	S3-CON	0		
FR_033_SEVERAL_ROWS_ARE_REFUSED	FR_033_SEVERAL_TASK_GROUPS_ARE_REFUSED	identifier	?	8	1	2		S3-CON	S3-CON	0		
FR_052_JUDGES_ON_THE_ROW_AREA	FR_052_JUDGES_ON_THE_TASK_GROUP_AREA	identifier	a	6	1	2	machine:rule 6	S3-UNIT	S3-UNIT	0		
FR_053_NO_RULE_BETWEEN_ROWS	FR_053_NO_RULE_BETWEEN_TASK_GROUPS	identifier	?	8	1	2		S3-UNIT	S3-UNIT	0		
FR_053_ROW_CAP	FR_053_TASK_GROUP_CAP	identifier	?	8	1	2		S3-UNIT	S3-UNIT	0		
FR_073_NO_LEDGER_ROW_BEFORE_USE	FR_073_NO_LEDGER_TASK_GROUP_BEFORE_USE	identifier	?	8	1	3		S3-CON	S3-CON	0		
FR_076_AN_IMPORT_REFUSAL_CARRIES_ITS_T_220_ROW	FR_076_AN_IMPORT_REFUSAL_CARRIES_ITS_T_220_TASK_GROUP	identifier	?	8	1	2		S3-CON	S3-CON	0		
FR_076_A_NEW_ROW_HAS_WORDS	FR_076_A_NEW_TASK_GROUP_HAS_WORDS	identifier	?	8	1	2		S3-CON	S3-CON	0		
FR_076_A_RIDING_ROW_HAS_NONE	FR_076_A_RIDING_TASK_GROUP_HAS_NONE	identifier	?	8	1	3		S3-CON	S3-CON	0		
FR_076_NO_FALL_TO_A_T_233_ROW	FR_076_NO_FALL_TO_A_T_233_TASK_GROUP	identifier	?	8	1	2		S3-CON	S3-CON	0		
FR_076_REPORT_ROWS_GO_TO_U_62	FR_076_REPORT_ROWS_GO_TO_U_62	identifier	b	8	2	6	machine:b part: report	S3-CON,S3-SYS	S3-SYS	0		
FR_096_WIDTH_FROM_THE_ROW	FR_096_WIDTH_FROM_THE_TASK_GROUP	identifier	?	8	1	7		S3-SYS	S3-SYS	0		
FR_098_ONE_PER_ROW	FR_098_ONE_PER_TASK_GROUP	identifier	?	8	1	2		S3-UNIT	S3-UNIT	0		
FR_151_NOT_NOTES_NOR_ROW_NAMES	FR_151_NOT_NOTES_NOR_TASK_GROUP_NAMES	identifier	a	5	1	3	machine:rule 5	S3-CON	S3-CON	0		
FieldEntryCreatedRow	FieldEntryCreatedRow	identifier	b	8	1	2	machine:b part: field	S2-UA	S2-UA	0		
FieldEntryFieldRow	FieldEntryFieldRow	identifier	b	8	1	3	machine:b part: field	S2-UA	S2-UA	0		
GLOSSARY_EVERY_ROW_HAS_ONE	GLOSSARY_EVERY_TASK_GROUP_HAS_ONE	identifier	a	8	1	2	machine:a part: every	S3-CON	S3-CON	0		
GLYPH_BY_ROW	GLYPH_BY_TASK_GROUP	identifier	?	8	1	2		S2-FW	S2-FW	0		
GRID_ROW	GRID_ROW	identifier	b	8	1	4	machine:b part: grid	S3-SYS	S3-SYS	0		
GROUND_ROW	GROUND_TASK_GROUP	identifier	?	8	1	6		S2-UA	S2-UA	0		
GROUP_NAMES_BY_FIRST_ROW	GROUP_NAMES_BY_FIRST_TASK_GROUP	identifier	a	8	1	2	machine:a part: group	S2-UA	S2-UA	0		
GUIDE_CURSOR_ROW	GUIDE_CURSOR_TASK_GROUP	identifier	?	8	1	3		S1-D	S1-D	0		
GUIDE_ROW	GUIDE_TASK_GROUP	identifier	?	8	1	3		S3-CON	S3-CON	0		
G_ROW	G_TASK_GROUP	identifier	?	8	1	3		S3-CON	S3-CON	0		
GesturePressRow	GesturePressRow	identifier	b	8	2	6	machine:b part: press	S2-UA,S3-BASE	S2-UA	0		
GrabRow	GrabTaskGroup	identifier	a	8	3	11	machine:a part: grab	S2-UA,S3-UNIT	S2-UA	0		
GrabbedRowAxis	GrabbedVerticalAxis	identifier	a	7	4	7	machine:rule 7	S1-D,S2-FW,S2-UA	S1-D	1		
GrabbedRowPlace	GrabbedTaskGroupPlace	identifier	?	8	1	3		S2-FW	S2-FW	0		
HASH_ROW	HASH_TASK_GROUP	identifier	?	8	1	8		S3-SYS	S3-SYS	0		
HB_1_ROW	HB_1_TASK_GROUP	identifier	?	8	1	3		S3-CON	S3-CON	0		
HB_2_ROW	HB_2_TASK_GROUP	identifier	?	8	1	4		S3-CON	S3-CON	0		
HB_3_NO_ROW	HB_3_NO_TASK_GROUP	identifier	?	8	1	4		S3-CON	S3-CON	0		
HB_3_ROW	HB_3_TASK_GROUP	identifier	?	8	1	4		S3-CON	S3-CON	0		
HB_5_ROWS	HB_5_TASK_GROUPS	identifier	?	8	1	5		S3-CON	S3-CON	0		
HEAD_ADD_ROW	HEAD_ADD_TASK_GROUP	identifier	?	8	3	14		S3-UNIT	S3-UNIT	0		
HEAD_DELETE_EVERY_ROW	HEAD_DELETE_EVERY_TASK_GROUP	identifier	a	8	1	3	machine:a part: every	S3-UNIT	S3-UNIT	0		
HEAD_FOLD_EVERY_ROW	HEAD_FOLD_EVERY_TASK_GROUP	identifier	a	8	7	28	machine:a part: fold	S3-SYS,S3-UNIT	S3-UNIT	0		
HEAD_OPEN_EVERY_ROW	HEAD_OPEN_EVERY_TASK_GROUP	identifier	a	8	6	30	machine:a part: every	S3-SYS,S3-UNIT	S3-SYS	0		
HEAD_ROW	HEAD_TASK_GROUP	identifier	?	8	2	8		S3-CON,S3-SYS	S3-SYS	0		
HELD_ROWS	HELD_TASK_GROUPS	identifier	a	8	1	6	machine:a part: held	S3-UNIT	S3-UNIT	0		
HELD_ROW_TITLE_WIDTH	HELD_TASK_GROUP_TITLE_WIDTH	identifier	a	4	1	4	machine:rule 4	S3-UNIT	S3-UNIT	0		
HELP_LANGUAGE_ROW	HELP_LANGUAGE_ROW	identifier	b	8	1	6	machine:b part: help	S3-CON	S3-CON	0		
HELP_NOTES_BY_ROW	HELP_NOTES_BY_ROW	identifier	b	8	1	2	machine:b part: help	S2-UA	S2-UA	0		
HERE_ROW	HERE_TASK_GROUP	identifier	?	8	9	18		S3-CON,S3-UNIT	S3-CON	0		
HF_14_NO_ROW_WHEN_FAINT	HF_14_NO_TASK_GROUP_WHEN_FAINT	identifier	?	8	1	2		S3-CON	S3-CON	0		
HF_6_NOT_THE_LOWER_ROW	HF_6_NOT_THE_LOWER_TASK_GROUP	identifier	?	8	1	3		S3-SYS	S3-SYS	0		
HIGHLIGHT_BOX_STROKE_FIELD_ROW	HIGHLIGHT_BOX_STROKE_FIELD_ROW	identifier	b	8	1	2	machine:b part: field	S2-FW	S2-FW	0		
HINTS_BY_ROW	HINTS_BY_TASK_GROUP	identifier	?	8	1	3		S2-UA	S2-UA	0		
HINT_LINE_ROW	HINT_LINE_ROW	identifier	b	8	1	2	machine:b part: line	S1-D	S1-D	0		
HUE_ROWS	HUE_TASK_GROUPS	identifier	?	8	1	5		S3-CON	S3-CON	0		
HeadingRow	HeadingTaskGroup	identifier	?	8	1	2		S3-UNIT	S3-UNIT	0		
HeldRow	HeldTaskGroup	identifier	a	8	1	4	machine:a part: held	S2-UA	S2-UA	0		
ICON_ROW	ICON_ROW	identifier	b	8	3	4	machine:b part: icon	S1-D	S1-D	0		
IC_CLOSE_EVERY_ROW	IC_CLOSE_EVERY_TASK_GROUP	identifier	a	8	1	3	machine:a part: every	S3-UNIT	S3-UNIT	0		
IC_OPEN_EVERY_ROW	IC_OPEN_EVERY_TASK_GROUP	identifier	a	8	1	3	machine:a part: every	S3-UNIT	S3-UNIT	0		
IC_ROW_OPEN	IC_TASK_GROUP_OPEN	identifier	?	8	1	5		S3-UNIT	S3-UNIT	0		
ID_ROW	ID_TASK_GROUP	identifier	?	8	1	4		S3-SYS	S3-SYS	0		
IMAGE_ROWS	IMAGE_TASK_GROUPS	identifier	?	8	1	6		S3-CON	S3-CON	0		
IMPORTED_ROW	IMPORTED_TASK_GROUP	identifier	a	8	1	15	machine:a part: imported	S3-UNIT	S3-UNIT	0		
INK_BY_ROW	INK_BY_TASK_GROUP	identifier	?	8	1	5		S3-CON	S3-CON	0		
INTERACTION_RECORD_ROW	INTERACTION_RECORD_TASK_GROUP	identifier	?	8	1	3		S2-UA	S2-UA	0		
INVARIANTS_BY_ROW	INVARIANTS_BY_TASK_GROUP	identifier	?	8	1	2		S2-UA	S2-UA	0		
INVARIANT_ROW	INVARIANT_ROW	identifier	b	8	5	10	machine:b part: invariant	S1-D,S3-CON	S1-D	0		
IN_2_ROW	IN_2_TASK_GROUP	identifier	?	8	1	3		S3-UNIT	S3-UNIT	0		
IN_ROW_AREA	IN_TASK_GROUP_AREA	identifier	a	6	1	3	machine:rule 6	S3-CON	S3-CON	0		
IR_3_ROW_ID	IR_3_ROW_ID	identifier	b	8	1	6	machine:row id (section 4)	S3-CON	S3-CON	0		
ITEM_WORDS_BY_ROW	ITEM_WORDS_BY_TASK_GROUP	identifier	?	8	1	2		S2-UA	S2-UA	0		
IV_ROWS	IV_TASK_GROUPS	identifier	?	8	1	6		S3-CON	S3-CON	0		
IV_ROWS_WITH_OWN_WORDS	IV_TASK_GROUPS_WITH_OWN_WORDS	identifier	?	8	1	3		S3-CON	S3-CON	0		
IX_10_NO_ROWS	IX_10_NO_TASK_GROUPS	identifier	?	8	1	3		S3-CON	S3-CON	0		
IX_14_ALL_ROWS	IX_14_ALL_TASK_GROUPS	identifier	?	8	1	3		S3-SYS	S3-SYS	0		
IconRosterRow	IconRosterRow	identifier	b	8	1	9	machine:section 4 list	S2-UA	S2-UA	0		
IconRow	IconRow	identifier	b	8	1	2	machine:b part: icon	S3-SYS	S3-SYS	0		
ImportedRows	ImportedTaskGroups	identifier	a	8	1	2	machine:a part: imported	S2-UA	S2-UA	0		
InvariantRow	InvariantRow	identifier	b	8	6	11	machine:b part: invariant	S1-C,S1-D,S2-UA	S1-D	1		
ItemRows	ItemTaskGroups	identifier	?	8	1	3		S2-UA	S2-UA	0		
KIND_BY_ROW	KIND_BY_TASK_GROUP	identifier	?	8	1	3		S3-CON	S3-CON	0		
LANDING_OF_REPLACEMENT_ROW	LANDING_OF_REPLACEMENT_TASK_GROUP	identifier	?	8	1	2		S2-FW	S2-FW	0		
LEDGER_ROW_RE	LEDGER_TASK_GROUP_RE	identifier	?	8	1	2		S2-TL	S2-TL	0		
LEFT_OFF_ROWS	LEFT_OFF_TASK_GROUPS	identifier	?	8	2	5		S3-CON,S3-SYS	S3-CON	0		
LEFT_OUT_ROWS	LEFT_OUT_TASK_GROUPS	identifier	?	8	1	2		S1-D	S1-D	0		
LEGEND_ROW	LEGEND_TASK_GROUP	identifier	?	8	2	10		S1-D,S3-CON	S1-D	0		
LINE_ROW	LINE_ROW	identifier	b	8	4	15	machine:b part: line	S3-SYS,S3-UNIT	S3-SYS	0		
LINE_ROWS_ON_GROUND	LINE_ROWS_ON_GROUND	identifier	b	8	1	2	machine:b part: line	S2-UA	S2-UA	0		
LISTED_BROWSER_ROWS	LISTED_BROWSER_TASK_GROUPS	identifier	?	8	1	4		S3-UNIT	S3-UNIT	0		
LOOK_ROWS_OF_A_TASK	LOOK_TASK_GROUPS_OF_A_TASK	identifier	?	8	1	5		S3-SYS	S3-SYS	0		
LP_THE_RESUME_ICON_IS_OUT_OF_THE_ROW	LP_THE_RESUME_ICON_IS_OUT_OF_THE_ROW	identifier	b	8	1	2	machine:b part: icon	S3-CON	S3-CON	0		
MACHINE_ROW_ESCAPE	MACHINE_TASK_GROUP_ESCAPE	identifier	?	8	1	3		S3-CON	S3-CON	0		
MACHINE_ROW_TARGET	MACHINE_TASK_GROUP_TARGET	identifier	?	8	2	10		S3-CON,S3-SYS	S3-SYS	0		
MADE_AT_WRITE_ROW	MADE_AT_WRITE_TASK_GROUP	identifier	?	8	1	5		S3-SYS	S3-SYS	0		
MANNERS_BY_ROW	MANNERS_BY_TASK_GROUP	identifier	?	8	1	2		S2-UA	S2-UA	0		
MARKER_GRAB_ROWS	MARKER_GRAB_ROWS	identifier	b	8	1	2	machine:b part: marker	S2-UA	S2-UA	0		
MARK_COLOUR_ROWS	MARK_COLOUR_ROWS	identifier	b	8	4	6	machine:section 4 list	S1-D,S2-FW,S2-UA	S1-D	2		
MARK_ROW	MARK_TASK_GROUP	identifier	?	8	2	8		S3-CON,S3-UNIT	S3-UNIT	0		
MAXIMISE_ROW	MAXIMISE_TASK_GROUP	identifier	?	8	1	4		S3-CON	S3-CON	0		
MILESTONE_ACHIEVED_ROW	MILESTONE_ACHIEVED_TASK_GROUP	identifier	?	8	1	2		S2-UA	S2-UA	0		
MILESTONE_LIST_CONTROL_ROWS	MILESTONE_LIST_CONTROL_TASK_GROUPS	identifier	a	8	1	2	machine:a part: control	S2-UA	S2-UA	0		
MILESTONE_LIST_ROW	MILESTONE_LIST_TASK_GROUP	identifier	?	8	1	4		S1-D	S1-D	0		
MILESTONE_SHAPE_ROW	MILESTONE_SHAPE_TASK_GROUP	identifier	?	8	1	7		S1-D	S1-D	0		
MINIMISE_ROW	MINIMISE_TASK_GROUP	identifier	?	8	2	7		S2-UA,S3-CON	S2-UA	0		
MIN_HEIGHT_CHECK_ROW	MIN_HEIGHT_CHECK_TASK_GROUP	identifier	a	8	1	2	machine:a part: min	S2-UA	S2-UA	0		
MIN_HEIGHT_READOUT_ROW	MIN_HEIGHT_READOUT_TASK_GROUP	identifier	a	8	1	2	machine:a part: min	S2-UA	S2-UA	0		
MK_13_GRAB_ROWS	MK_13_GRAB_TASK_GROUPS	identifier	a	8	1	3	machine:a part: grab	S2-UA	S2-UA	0		
MK_5_ROW	MK_5_TASK_GROUP	identifier	?	8	1	5		S3-CON	S3-CON	0		
MOUSE_PRESS_BY_ROW	MOUSE_PRESS_BY_ROW	identifier	b	8	1	3	machine:b part: press	S2-UA	S2-UA	0		
MS_PROJECT_ROWS	MS_PROJECT_TASK_GROUPS	identifier	?	8	1	10		S3-UNIT	S3-UNIT	0		
MULTILINE_ROWS	MULTILINE_TASK_GROUPS	identifier	?	8	1	3		S3-SYS	S3-SYS	0		
ManuscriptRow	ManuscriptTaskGroup	identifier	?	8	2	9		S3-CON,S3-UNIT	S3-CON	0		
MeasuredRow	MeasuredTaskGroup	identifier	?	8	1	3		S3-SYS	S3-SYS	0		
NAMED_ROW	NAMED_TASK_GROUP	identifier	?	8	1	2		S1-D	S1-D	0		
NAME_FIELD_ROW	NAME_FIELD_ROW	identifier	b	8	2	7	machine:b part: field	S3-CON	S3-CON	0		
NAME_ROW	NAME_TASK_GROUP	identifier	a	8	5	27	machine:a part: name	S3-CON,S3-SYS,S3-UNIT	S3-UNIT	0		
NAME_TO_ROW	NAME_TO_TASK_GROUP	identifier	a	8	2	22	machine:a part: name	S3-CON	S3-CON	0		
NARROWEST_ROW_PANEL_ENTRANCE_PX	NARROWEST_TASK_GROUP_PANEL_ENTRANCE_PX	identifier	a	8	1	3	machine:a part: panel	S3-SYS	S3-SYS	0		
NATIVE_POINTER_BY_ROW	NATIVE_POINTER_BY_TASK_GROUP	identifier	?	8	1	2		S2-FW	S2-FW	0		
NEW_STONE_ROW	NEW_STONE_TASK_GROUP	identifier	?	8	1	3		S3-UNIT	S3-UNIT	0		
NOTED_ROWS	NOTED_TASK_GROUPS	identifier	?	8	1	2		S1-D	S1-D	0		
NOTES_ROW	NOTES_TASK_GROUP	identifier	?	8	1	3		S3-UNIT	S3-UNIT	0		
NOTICE_ROW	NOTICE_ROW	identifier	b	8	1	2	machine:b part: notice	S1-D	S1-D	0		
NOTICE_WORDS_ROW_OF_REASON	NOTICE_WORDS_ROW_OF_REASON	identifier	b	8	7	12	machine:b part: notice	S1-C,S1-D,S2-FW,S2-UA	S1-D	1		
NOT_BUTTON_ROWS	NOT_BUTTON_TASK_GROUPS	identifier	?	8	1	2		S2-UA	S2-UA	0		
NOT_STORED_PALETTE_ROW_CAP	NOT_STORED_PALETTE_ROW_CAP	identifier	b	8	5	10	machine:b part: palette	S1-C,S1-D,S2-FW,S3-UNIT	S1-D	0		
NOT_STORED_ROW_BAND_CEILING_SEARCH	NOT_STORED_ROW_BAND_CEILING_SEARCH	identifier	b	8	4	7	machine:b part: search	S1-C,S1-D,S2-UA	S1-D	0		
NOT_STORED_ROW_BAND_SIZES	NOT_STORED_TASK_GROUP_BAND_SIZES	identifier	a	8	4	7	machine:a part: band	S1-C,S1-D,S2-FW	S1-D	0		
NOT_STORED_ROW_CONTROL_EDGE_SIZES	NOT_STORED_TASK_GROUP_CONTROL_EDGE_SIZES	identifier	a	8	4	8	machine:a part: control	S1-C,S1-D,S2-FW	S1-D	0		
NOT_STORED_ROW_CONTROL_OUTER_SIZES	NOT_STORED_TASK_GROUP_CONTROL_OUTER_SIZES	identifier	a	8	3	3	machine:a part: control	S1-C,S1-D	S1-D	0		
NOT_STORED_ROW_CONTROL_SIZES	NOT_STORED_TASK_GROUP_CONTROL_SIZES	identifier	a	8	4	7	machine:a part: control	S1-C,S1-D,S2-UA,S3-CON	S1-D	0		
NOT_STORED_ROW_GRAB_ROOM_SIZES	NOT_STORED_TASK_GROUP_GRAB_ROOM_SIZES	identifier	a	8	3	6	machine:a part: grab	S1-C,S1-D,S2-UA	S1-D	0		
NOT_STORED_ROW_GRAB_SIZES	NOT_STORED_TASK_GROUP_GRAB_SIZES	identifier	a	8	5	12	machine:a part: grab	S1-C,S1-D,S2-UA,S3-UNIT	S1-D	0		
NOT_STORED_ROW_GRAB_STRIP_SIZES	NOT_STORED_TASK_GROUP_GRAB_STRIP_SIZES	identifier	a	8	4	7	machine:a part: grab	S1-C,S1-D,S2-FW	S1-D	0		
NOT_STORED_WBS_PARENT_ARROW_SIZES	NOT_STORED_PARENT_TASK_ARROW_SIZES	identifier	a	1	3	7	machine:rule 1 / JDG-1727	S1-C,S1-D,S2-ENT	S1-D	0		
NO_CHOSEN_ROWS	NO_CHOSEN_TASK_GROUPS	identifier	a	8	1	4	machine:a part: chosen	S2-UA	S2-UA	0		
NO_FALL_TO_A_T_233_ROW	NO_FALL_TO_A_T_233_TASK_GROUP	identifier	?	8	2	6		S3-CON,S3-SYS	S3-SYS	0		
NO_WBS_PARENT_GEOMETRY	NO_PARENT_TASK_GEOMETRY	identifier	a	1	1	2	machine:rule 1 / JDG-1727	S2-ENT	S2-ENT	0		
NT_2_ONLY_TIMED_ROWS	NT_2_ONLY_TIMED_TASK_GROUPS	identifier	?	8	2	7		S3-CON,S3-SYS	S3-SYS	0		
NT_7_NO_ROW_OF_T_109	NT_7_NO_TASK_GROUP_OF_T_109	identifier	?	8	1	2		S3-UNIT	S3-UNIT	0		
NULL_ROWS	NULL_TASK_GROUPS	identifier	?	8	1	3		S3-CON	S3-CON	0		
NULL_ROW_OF_FIELD	NULL_ROW_OF_FIELD	identifier	b	8	1	2	machine:b part: field	S2-UA	S2-UA	0		
NestedRows	NestedTaskGroups	identifier	?	8	3	5		S1-D,S2-ENT	S1-D	0		
ONE_DRAWN_ROW	ONE_DRAWN_TASK_GROUP	identifier	a	8	1	2	machine:a part: drawn	S3-UNIT	S3-UNIT	0		
ONE_INPUT_ROWS	ONE_INPUT_TASK_GROUPS	identifier	?	8	1	4		S3-CON	S3-CON	0		
ONE_ROW	ONE_TASK_GROUP	identifier	?	8	2	17		S3-CON,S3-UNIT	S3-UNIT	0		
ON_A_ROW	ON_A_TASK_GROUP	identifier	?	8	2	12		S3-CON,S3-UNIT	S3-UNIT	0		
OPEN_CHOOSER_ROW	OPEN_CHOOSER_TASK_GROUP	identifier	?	8	2	4		S2-FW	S2-FW	0		
OPEN_EVERY_ROW_ENTRY	OPEN_EVERY_ROW_ENTRY	identifier	b	8	1	4	machine:b part: entry	S2-FW	S2-FW	0		
OPEN_ROWS	OPEN_TASK_GROUPS	identifier	?	8	1	3		S3-SYS	S3-SYS	0		
OPEN_STATE_ROWS	OPEN_STATE_TASK_GROUPS	identifier	?	8	1	6		S3-CON	S3-CON	0		
OP_10_ROW	OP_10_TASK_GROUP	identifier	?	8	1	3		S3-UNIT	S3-UNIT	0		
OVERVIEW_ROW	OVERVIEW_TASK_GROUP	identifier	?	8	1	7		S1-D	S1-D	0		
OVERVIEW_ROWS	OVERVIEW_TASK_GROUPS	identifier	?	8	1	9		S1-D	S1-D	0		
OWN_ROW	OWN_TASK_GROUP	identifier	?	8	1	3		S3-CON	S3-CON	0		
OWN_ROW_SENTENCE	OWN_TASK_GROUP_SENTENCE	identifier	?	8	1	3		S3-UNIT	S3-UNIT	0		
ObjectRows	ObjectTaskGroups	identifier	?	8	1	5		S2-UA	S2-UA	0		
PAINT_ROW	PAINT_TASK_GROUP	identifier	?	8	3	8		S2-FW,S3-CON	S2-FW	0		
PAIR_ROW	PAIR_TASK_GROUP	identifier	?	8	1	3		S3-SYS	S3-SYS	0		
PALETTE_ALIGN_ROWS	PALETTE_ALIGN_ROWS	identifier	b	8	2	6	machine:b part: palette	S3-CON,S3-SYS	S3-CON	0		
PALETTE_ROWS	PALETTE_ROWS	identifier	b	8	4	15	machine:b part: palette	S3-UNIT	S3-UNIT	0		
PALETTE_ROWS_OFF_THE_GROUND	PALETTE_ROWS_OFF_THE_GROUND	identifier	b	8	1	2	machine:b part: palette	S2-UA	S2-UA	0		
PANEL_ROWS	PANEL_TASK_GROUPS	identifier	a	8	1	4	machine:a part: panel	S3-CON	S3-CON	0		
PARENT_FROM_THE_ROW	PARENT_FROM_THE_TASK_GROUP	identifier	?	8	2	7		S3-CON,S3-UNIT	S3-CON	0		
PARENT_PROGRESS_OUTSIDE_ROW	PARENT_PROGRESS_OUTSIDE_TASK_GROUP	identifier	?	8	1	2		S2-UA	S2-UA	0		
PARENT_RING_ROW	PARENT_RING_TASK_GROUP	identifier	?	8	1	2		S2-UA	S2-UA	0		
PARENT_ROW	PARENT_TASK_GROUP	identifier	?	8	1	11		S3-CON	S3-CON	0		
PHASE_BAR_ROW	PHASE_BAR_TASK_GROUP	identifier	?	8	1	4		S1-D	S1-D	0		
PHASE_GATE_ROW	PHASE_GATE_TASK_GROUP	identifier	?	8	1	4		S1-D	S1-D	0		
PICTURE_ROW_NAME	PICTURE_TASK_GROUP_NAME	identifier	a	5	1	4	machine:rule 5	S3-CON	S3-CON	0		
PINNED_ROWS_LEAVE_NO_ROOM_REASON	PINNED_TASK_GROUPS_LEAVE_NO_ROOM_REASON	identifier	a	8	1	2	machine:a part: pinned	S2-FW	S2-FW	0		
PK_ROWS	PK_TASK_GROUPS	identifier	?	8	1	6		S3-CON	S3-CON	0		
PLANNED_ROW	PLANNED_TASK_GROUP	identifier	?	8	1	7		S3-CON	S3-CON	0		
PLAN_ACTUAL_STATE_ROW	PLAN_ACTUAL_STATE_TASK_GROUP	identifier	?	8	1	2		S1-D	S1-D	0		
PLAN_LINE_ROW	PLAN_LINE_ROW	identifier	b	8	1	2	machine:b part: line	S2-UA	S2-UA	0		
POINTER_BY_ROW_ID	POINTER_BY_ROW_ID	identifier	b	8	1	4	machine:row id (section 4)	S2-FW	S2-FW	0		
PREDECESSOR_ROW	PREDECESSOR_TASK_GROUP	identifier	?	8	1	2		S3-CON	S3-CON	0		
PRESS_BY_ROW	PRESS_BY_ROW	identifier	b	8	1	2	machine:b part: press	S2-UA	S2-UA	0		
PRINTED_ROW	PRINTED_TASK_GROUP	identifier	?	8	1	2		S3-CON	S3-CON	0		
PROGRESS_LINE_ROW	PROGRESS_LINE_ROW	identifier	b	8	1	2	machine:b part: line	S2-UA	S2-UA	0		
PROPERTY_ROW	PROPERTY_TASK_GROUP	identifier	?	8	1	2		S1-D	S1-D	0		
PaintRow	PaintTaskGroup	identifier	?	8	1	4		S3-CON	S3-CON	0		
PinnedRowOne	PinnedTaskGroupOne	identifier	a	8	1	1	machine:a part: pinned	S3-UNIT	S3-UNIT	0		
PointerRow	PointerTaskGroup	identifier	?	8	3	11		S2-FW,S3-UNIT	S2-FW	0		
PressRow	PressRow	identifier	b	8	11	27	machine:section 4 list	S1-C,S1-D,S2-TL,S2-UA,S3-BASE,S3-UNIT	S1-C	1		
QUESTIONS_BY_ROW	QUESTIONS_BY_TASK_GROUP	identifier	?	8	2	4		S2-UA	S2-UA	0		
QUESTION_DISPLAY_OF_ROW	QUESTION_DISPLAY_OF_TASK_GROUP	identifier	?	8	5	11		S1-C,S1-D,S2-UA,S3-CON	S1-D	0		
QuestionRow	QuestionTaskGroup	identifier	?	8	2	5		S1-D,S2-UA	S1-D	0		
REACH_INTO_ROW	REACH_INTO_TASK_GROUP	identifier	?	8	1	3		S3-SYS	S3-SYS	0		
READ_ONLY_ROW	READ_ONLY_TASK_GROUP	identifier	?	8	1	2		S3-CON	S3-CON	0		
READ_ONLY_ROWS	READ_ONLY_TASK_GROUPS	identifier	?	8	1	6		S2-UA	S2-UA	0		
READ_ORDER_ROW	READ_ORDER_TASK_GROUP	identifier	?	8	1	2		S3-SYS	S3-SYS	0		
REASONS_BY_ROW	REASONS_BY_TASK_GROUP	identifier	?	8	1	2		S2-UA	S2-UA	0		
REASON_IS_A_T233_ROW	REASON_IS_A_T233_TASK_GROUP	identifier	?	8	1	3		S3-CON	S3-CON	0		
REASON_ROWS	REASON_TASK_GROUPS	identifier	?	8	2	6		S3-SYS,S3-UNIT	S3-SYS	0		
REFUSED_BROWSER_ROWS	REFUSED_BROWSER_TASK_GROUPS	identifier	?	8	1	4		S3-UNIT	S3-UNIT	0		
REFUSING_ROW	REFUSING_TASK_GROUP	identifier	?	8	1	8		S3-CON	S3-CON	0		
REPEAT_ROW	REPEAT_TASK_GROUP	identifier	?	8	1	3		S3-SYS	S3-SYS	0		
REPORT_ROWS	REPORT_ROWS	identifier	b	8	1	2	machine:b part: report	S3-CON	S3-CON	0		
RESOURCE_ROSTER_ROW	RESOURCE_ROSTER_ROW	identifier	b	8	2	4	machine:b part: roster	S2-UA	S2-UA	0		
RESTORE_ROW	RESTORE_TASK_GROUP	identifier	?	8	1	3		S3-CON	S3-CON	0		
RG_16_ROW	RG_16_TASK_GROUP	identifier	?	8	1	3		S3-SYS	S3-SYS	0		
ROW-BY-ROW	TASK-GROUP-BY-TASK-GROUP	identifier	?	8	1	1		S3-UNIT	S3-UNIT	0		
ROWS_OF_ENTITY	TASK_GROUPS_OF_ENTITY	identifier	?	8	1	4		S2-ENT	S2-ENT	0		
ROWS_OF_TIER	TASK_GROUPS_OF_TIER	identifier	?	8	1	4		S2-UA	S2-UA	0		
ROWS_OF_T_206	TASK_GROUPS_OF_T_206	identifier	?	8	2	10		S3-CON,S3-UNIT	S3-UNIT	0		
ROWS_ON_THE_SETTINGS_FACE	TASK_GROUPS_ON_THE_SETTINGS_FACE	identifier	?	8	1	3		S3-CON	S3-CON	0		
ROWS_WITH_NO_DOCUMENT_COLUMN	ROWS_WITH_NO_DOCUMENT_COLUMN	identifier	b	8	1	2	machine:b part: column	S3-UNIT	S3-UNIT	0		
ROWS_WITH_OWN_WORDS	TASK_GROUPS_WITH_OWN_WORDS	identifier	?	8	1	2		S3-CON	S3-CON	0		
ROW_A	TASK_GROUP_A	identifier	?	8	13	108		S3-CON,S3-UNIT	S3-CON	0		
ROW_AREA	TASK_GROUP_AREA	identifier	a	6	2	32	machine:rule 6	S3-CON	S3-CON	0		
ROW_AREA_HEIGHT	TASK_GROUP_AREA_HEIGHT	identifier	a	6	1	7	machine:rule 6	S3-UNIT	S3-UNIT	0		
ROW_AREA_TOP	TASK_GROUP_AREA_TOP	identifier	a	6	1	8	machine:rule 6	S3-UNIT	S3-UNIT	0		
ROW_B	TASK_GROUP_B	identifier	?	8	13	121		S3-CON,S3-UNIT	S3-CON	0		
ROW_BANDS_SCRIPT	TASK_GROUP_BANDS_SCRIPT	identifier	a	8	1	3	machine:a part: bands	S3-SYS	S3-SYS	0		
ROW_BOX	TASK_GROUP_BOX	identifier	?	8	1	8		S3-UNIT	S3-UNIT	0		
ROW_C	TASK_GROUP_C	identifier	?	8	10	63		S3-CON,S3-SYS,S3-UNIT	S3-CON	0		
ROW_C1	TASK_GROUP_C1	identifier	?	8	1	4		S3-CON	S3-CON	0		
ROW_C2	TASK_GROUP_C2	identifier	?	8	1	4		S3-CON	S3-CON	0		
ROW_COLOURS	TASK_GROUP_COLOURS	identifier	?	8	1	7		S3-CON	S3-CON	0		
ROW_COLOUR_NAMES	TASK_GROUP_COLOUR_NAMES	identifier	a	8	1	2	machine:a part: names	S2-UA	S2-UA	0		
ROW_CONTROLS	TASK_GROUP_CONTROLS	identifier	a	8	1	2	machine:a part: controls	S3-CON	S3-CON	0		
ROW_CONTROLS_LULL_MS	TASK_GROUP_CONTROLS_LULL_MS	identifier	a	8	1	2	machine:a part: controls	S2-FW	S2-FW	0		
ROW_CONTROLS_TALL	TASK_GROUP_CONTROLS_TALL	identifier	a	8	2	4	machine:a part: controls	S3-UNIT	S3-UNIT	0		
ROW_CONTROL_COLUMNS	ROW_CONTROL_COLUMNS	identifier	b	8	2	4	machine:b part: columns	S2-ENT,S3-CON	S2-ENT	0		
ROW_CONTROL_GROUND_MARK	TASK_GROUP_CONTROL_GROUND_MARK	identifier	a	8	2	5	machine:a part: control	S2-FW	S2-FW	0		
ROW_CONTROL_LATTICE_RANKS	TASK_GROUP_CONTROL_LATTICE_RANKS	identifier	a	8	1	2	machine:a part: control	S2-ENT	S2-ENT	0		
ROW_CONTROL_LEFTMOST_STEP	TASK_GROUP_CONTROL_LEFTMOST_STEP	identifier	a	8	1	2	machine:a part: control	S2-FW	S2-FW	0		
ROW_CONTROL_PAIR_CELLS	ROW_CONTROL_PAIR_CELLS	identifier	b	8	1	3	machine:b part: cells	S2-FW	S2-FW	0		
ROW_CONTROL_PAIR_MARK	TASK_GROUP_CONTROL_PAIR_MARK	identifier	a	8	1	3	machine:a part: control	S2-FW	S2-FW	0		
ROW_CONTROL_RANKS	TASK_GROUP_CONTROL_RANKS	identifier	a	8	1	3	machine:a part: control	S2-FW	S2-FW	0		
ROW_CONTROL_SHOWN_CSS	TASK_GROUP_CONTROL_SHOWN_CSS	identifier	a	8	1	2	machine:a part: control	S2-FW	S2-FW	0		
ROW_CONTROL_STEPS	TASK_GROUP_CONTROL_STEPS	identifier	a	8	1	8	machine:a part: control	S2-FW	S2-FW	0		
ROW_COUNT	TASK_GROUP_COUNT	identifier	?	8	4	8		S3-CON	S3-CON	0		
ROW_D	TASK_GROUP_D	identifier	?	8	4	53		S3-CON,S3-UNIT	S3-CON	0		
ROW_E	TASK_GROUP_E	identifier	?	8	4	31		S3-CON,S3-UNIT	S3-UNIT	0		
ROW_ENTRANCES	TASK_GROUP_ENTRANCES	identifier	?	8	1	3		S3-UNIT	S3-UNIT	0		
ROW_EXPANDER	TASK_GROUP_EXPANDER	identifier	a	8	1	2	machine:a part: expander	S3-UNIT	S3-UNIT	0		
ROW_F	TASK_GROUP_F	identifier	?	8	3	52		S3-CON,S3-UNIT	S3-CON	0		
ROW_FIELD	ROW_FIELD	identifier	b	8	1	2	machine:b part: field	S3-CON	S3-CON	0		
ROW_FOLDING_CELLS	ROW_FOLDING_CELLS	identifier	b	8	1	5	machine:b part: cells	S2-FW	S2-FW	0		
ROW_FOLDING_GRID_MARK	ROW_FOLDING_GRID_MARK	identifier	b	8	1	3	machine:b part: grid	S2-FW	S2-FW	0		
ROW_FOLD_ALL_BELOW	TASK_GROUP_FOLD_ALL_BELOW	identifier	a	8	3	7	machine:a part: fold	S3-SYS	S3-SYS	0		
ROW_GRAB_STRIP_MARK	TASK_GROUP_GRAB_STRIP_MARK	identifier	a	8	2	4	machine:a part: grab	S2-FW	S2-FW	0		
ROW_GROUP	TASK_GROUP	identifier	a	8	1	3	machine:a part: group	S3-CON	S3-CON	0		
ROW_GUARDS	TASK_GROUP_GUARDS	identifier	?	8	2	3		S2-UA,S3-BASE	S2-UA	0		
ROW_HEIGHT_FIELD	ROW_HEIGHT_FIELD	identifier	b	8	1	4	machine:b part: field	S3-SYS	S3-SYS	0		
ROW_HIDE	TASK_GROUP_HIDE	identifier	?	8	3	12		S3-SYS	S3-SYS	0		
ROW_ID	ROW_ID	identifier	b	8	24	77	machine:section 4 list	S1-D,S2-TL,S3-CON,S3-SYS,S3-UNIT	S1-D	0		
ROW_IDS	ROW_IDS	identifier	b	8	2	11	machine:section 4 list	S3-CON	S3-CON	0		
ROW_ID_COLUMN	ROW_ID_COLUMN	identifier	b	8	1	2	machine:row id (section 4)	S2-TL	S2-TL	0		
ROW_ID_HEADING	ROW_ID_HEADING	identifier	b	8	2	6	machine:row id (section 4)	S2-TL,S3-CON	S2-TL	0		
ROW_ID_OF_A_FINDING	ROW_ID_OF_A_FINDING	identifier	b	8	1	2	machine:row id (section 4)	S3-CON	S3-CON	0		
ROW_ID_RE	ROW_ID_RE	identifier	b	8	2	4	machine:row id (section 4)	S2-TL	S2-TL	0		
ROW_INDENT	TASK_GROUP_INDENT	identifier	?	8	1	4		S3-SYS	S3-SYS	0		
ROW_IS_NOT_A_TARGET	TASK_GROUP_IS_NOT_A_TARGET	identifier	?	8	1	2		S3-SYS	S3-SYS	0		
ROW_KIND	TASK_GROUP_KIND	identifier	?	8	1	3		S1-D	S1-D	0		
ROW_LETTER	TASK_GROUP_LETTER	identifier	?	8	1	2		S3-CON	S3-CON	0		
ROW_MIN_HEIGHT_FIELD_PARTS	ROW_MIN_HEIGHT_FIELD_PARTS	identifier	b	8	1	3	machine:b part: field	S1-D	S1-D	0		
ROW_MIN_HEIGHT_PX_SLOT	TASK_GROUP_MIN_HEIGHT_PX_SLOT	identifier	a	8	1	3	machine:a part: min	S3-CON	S3-CON	0		
ROW_MIN_HEIGHT_READS	TASK_GROUP_MIN_HEIGHT_READS	identifier	a	8	1	2	machine:a part: min	S3-CON	S3-CON	0		
ROW_MIN_HEIGHT_WORDS	TASK_GROUP_MIN_HEIGHT_WORDS	identifier	a	8	1	2	machine:a part: min	S2-UA	S2-UA	0		
ROW_NAME	TASK_GROUP_NAME	identifier	a	5	1	3	machine:rule 5	S3-UNIT	S3-UNIT	0		
ROW_NAMES	TASK_GROUP_NAMES	identifier	a	5	1	2	machine:rule 5	S3-UNIT	S3-UNIT	0		
ROW_NAME_BASELINE	TASK_GROUP_NAME_BASELINE	identifier	a	5	1	3	machine:rule 5	S3-SYS	S3-SYS	0		
ROW_NAME_COLUMN	TASK_GROUP_NAME_COLUMN	identifier	a	5	3	13	machine:rule 5	S2-UA,S3-SYS	S2-UA	0		
ROW_NAME_FIELD	TASK_GROUP_NAME_FIELD	identifier	a	5	2	21	machine:rule 5	S3-UNIT	S3-UNIT	0		
ROW_NAME_FIELD_ROW	TASK_GROUP_NAME_FIELD_TASK_GROUP	identifier	a	5	3	6	machine:rule 5	S2-FW,S2-UA	S2-UA	0		
ROW_NAME_ROW	TASK_GROUP_NAME_TASK_GROUP	identifier	a	5	1	3	machine:rule 5	S3-CON	S3-CON	0		
ROW_OBJECT_SPAN	TASK_GROUP_OBJECT_SPAN	identifier	?	8	1	3		S1-D	S1-D	0		
ROW_OF_FORMAT	TASK_GROUP_OF_FORMAT	identifier	?	8	1	2		S3-BASE	S3-BASE	0		
ROW_OF_PROPERTY	TASK_GROUP_OF_PROPERTY	identifier	?	8	1	2		S3-CON	S3-CON	0		
ROW_ONE	TASK_GROUP_ONE	identifier	?	8	2	9		S3-UNIT	S3-UNIT	0		
ROW_ONLY_ENTRANCES	TASK_GROUP_ONLY_ENTRANCES	identifier	?	8	1	2		S3-UNIT	S3-UNIT	0		
ROW_OPEN_ALL_BELOW	TASK_GROUP_OPEN_ALL_BELOW	identifier	?	8	3	12		S3-SYS	S3-SYS	0		
ROW_OPEN_ONE_LEVEL	TASK_GROUP_OPEN_ONE_LEVEL	identifier	?	8	4	23		S3-SYS	S3-SYS	0		
ROW_P	TASK_GROUP_P	identifier	?	8	2	12		S3-CON,S3-SYS	S3-SYS	0		
ROW_PAINT	TASK_GROUP_PAINT	identifier	?	8	1	4		S1-D	S1-D	0		
ROW_PANEL	TASK_GROUP_PANEL	identifier	a	8	5	12	machine:a part: panel	S3-SYS	S3-SYS	0	same new name as ROW_TITLE_PANEL	
ROW_PANEL_ENTRANCE_CLEAR_PX	TASK_GROUP_PANEL_ENTRANCE_CLEAR_PX	identifier	a	8	1	3	machine:a part: panel	S3-SYS	S3-SYS	0		
ROW_PATH_SEPARATOR	TASK_GROUP_PATH_SEPARATOR	identifier	?	8	2	4		S2-UA	S2-UA	0		
ROW_PER_LINE_COLUMNS	ROW_PER_LINE_COLUMNS	identifier	b	8	1	3	machine:b part: line	S1-D	S1-D	0		
ROW_PICKED	TASK_GROUP_PICKED	identifier	a	8	1	6	machine:a part: picked	S3-CON	S3-CON	0		
ROW_PIN	TASK_GROUP_PIN	identifier	a	8	1	3	machine:a part: pin	S3-UNIT	S3-UNIT	0		
ROW_PIN_ENTRANCE	TASK_GROUP_PIN_ENTRANCE	identifier	a	8	1	3	machine:a part: pin	S3-SYS	S3-SYS	0		
ROW_PLACED	TASK_GROUP_PLACED	identifier	a	8	1	4	machine:a part: placed	S3-CON	S3-CON	0		
ROW_PREFIX	ROW_PREFIX	identifier	b	8	1	2	machine:b part: prefix	S3-UNIT	S3-UNIT	0		
ROW_Q	TASK_GROUP_Q	identifier	?	8	2	8		S3-CON,S3-SYS	S3-SYS	0		
ROW_START	TASK_GROUP_START	identifier	?	8	1	3		S2-TL	S2-TL	0		
ROW_STATE_KEY_PREFIX	ROW_STATE_KEY_PREFIX	identifier	b	8	1	3	machine:b part: prefix	S2-UA	S2-UA	0		
ROW_TABLE	ROW_TABLE	identifier	b	8	1	2	machine:b part: table	S1-D	S1-D	0		
ROW_TITLE_DIVIDER	TASK_GROUP_TITLE_DIVIDER	identifier	a	4	2	14	machine:rule 4	S3-CON,S3-UNIT	S3-UNIT	0		
ROW_TITLE_INDENT	TASK_GROUP_TITLE_INDENT	identifier	a	4	2	9	machine:rule 4	S3-UNIT	S3-UNIT	0		
ROW_TITLE_PANEL	TASK_GROUP_PANEL	identifier	a	2	22	78	machine:rule 2	S1-D,S3-CON,S3-SYS,S3-UNIT	S1-D	0	same new name as ROW_PANEL	
ROW_TITLE_PANEL_ORDER	TASK_GROUP_PANEL_ORDER	identifier	a	2	1	4	machine:rule 2	S1-D	S1-D	0		
ROW_TITLE_PANEL_WIDTH_ON_THE_FLOOR	TASK_GROUP_PANEL_WIDTH_ON_THE_FLOOR	identifier	a	2	1	2	machine:rule 2	S3-UNIT	S3-UNIT	0		
ROW_TITLE_TREE	TASK_GROUP_TITLE_TREE	identifier	a	4	2	5	machine:rule 4	S3-SYS,S3-UNIT	S3-UNIT	0		
ROW_TITLE_WIDTH_FIELD_PARTS	TASK_GROUP_PANEL_WIDTH_FIELD_PARTS	identifier	a	3	1	2	machine:rule 3	S1-D	S1-D	0		
ROW_TITLE_WIDTH_FLOOR	TASK_GROUP_TITLE_WIDTH_FLOOR	identifier	a	4	1	2	machine:rule 4	S2-UA	S2-UA	0		
ROW_TITLE_WIDTH_WORDS	TASK_GROUP_TITLE_WIDTH_WORDS	identifier	a	4	1	4	machine:rule 4	S2-UA	S2-UA	0		
ROW_TREE_SECTION	TASK_GROUP_TREE_SECTION	identifier	a	8	1	2	machine:a part: tree	S3-UNIT	S3-UNIT	0		
ROW_TWO	TASK_GROUP_TWO	identifier	?	8	2	8		S3-UNIT	S3-UNIT	0		
ROW_VALUE	TASK_GROUP_VALUE	identifier	?	8	1	2		S3-SYS	S3-SYS	0		
ROW_WORD	TASK_GROUP_WORD	identifier	?	8	1	3		S3-CON	S3-CON	0		
ROW_Y	TASK_GROUP_Y	identifier	?	8	2	8		S3-SYS	S3-SYS	0		
ROW_Z	TASK_GROUP_Z	identifier	?	8	2	8		S3-CON	S3-CON	0		
ROW_ZOOM_ENLARGE	VERTICAL_ZOOM_ENLARGE	identifier	a	7	2	3	machine:rule 7	S3-SYS	S3-SYS	0		
ROW_ZOOM_SHRINK	VERTICAL_ZOOM_SHRINK	identifier	a	7	3	14	machine:rule 7	S3-CON,S3-SYS	S3-SYS	0		
RS_15_ROW	RS_15_TASK_GROUP	identifier	?	8	1	4		S3-SYS	S3-SYS	0		
RW_9_ROWS	RW_9_TASK_GROUPS	identifier	?	8	1	2		S3-CON	S3-CON	0		
ReasonRow	ReasonTaskGroup	identifier	?	8	3	6		S1-C,S1-D,S2-UA	S1-D	0		
RenamedWhileARowWasPinned	RenamedWhileATaskGroupWasPinned	identifier	a	8	1	1	machine:a part: pinned	S3-CON	S3-CON	0		
RosterRow	RosterRow	identifier	b	8	1	4	machine:b part: roster	S3-CON	S3-CON	0		
Row$	TaskGroup$	identifier	?	8	7	7		S3-CON,S3-UNIT	S3-CON	0		
Row-Area	Task-group-area	identifier	a	6	1	1	machine:rule 6	S3-CON	S3-CON	0		
Row-ID	Row-ID	identifier	b	8	1	1	machine:row id (section 4)	S2-TL	S2-TL	0		
Row1	TaskGroup1	identifier	?	8	2	2		S3-CON	S3-CON	0		
RowAlpha	TaskGroupAlpha	identifier	?	8	3	12		S3-UNIT	S3-UNIT	0		
RowAnchor	TaskGroupAnchor	identifier	?	8	1	3		S2-UA	S2-UA	0		
RowAnchors	TaskGroupAnchors	identifier	?	8	1	3		S2-FW	S2-FW	0		
RowArea	TaskGroupArea	identifier	a	6	1	2	machine:rule 6	S3-SYS	S3-SYS	0		
RowArray	TaskGroupArray	identifier	?	8	1	3		S2-ENT	S2-ENT	0		
RowAt	TaskGroupAt	identifier	?	8	1	3		S3-CON	S3-CON	0		
RowAtThree	TaskGroupAtThree	identifier	?	8	1	3		S3-UNIT	S3-UNIT	0		
RowAtTwo	TaskGroupAtTwo	identifier	?	8	1	2		S3-UNIT	S3-UNIT	0		
RowBand	TaskGroupBand	identifier	a	8	1	3	machine:a part: band	S3-SYS	S3-SYS	0		
RowBandCeilingCache	TaskGroupBandCeilingCache	identifier	a	8	1	1	machine:a part: band	S2-FW	S2-FW	0		
RowBeta	TaskGroupBeta	identifier	?	8	1	1		S3-UNIT	S3-UNIT	0		
RowDrive	TaskGroupDrive	identifier	?	8	1	3		S3-UNIT	S3-UNIT	0		
RowExpander	TaskGroupExpander	identifier	a	8	4	16	machine:a part: expander	S2-UA,S3-UNIT	S2-UA	0		
RowGrabAxis	TaskGroupGrabAxis	identifier	a	8	2	5	machine:a part: grab	S2-UA	S2-UA	0		
RowGrabLanding	TaskGroupGrabLanding	identifier	a	8	1	3	machine:a part: grab	S2-UA	S2-UA	0		
RowGrabPlace	TaskGroupGrabPlace	identifier	a	8	1	5	machine:a part: grab	S2-UA	S2-UA	0		
RowGrabState	TaskGroupGrabState	identifier	a	8	1	5	machine:a part: grab	S2-UA	S2-UA	0		
RowGrabStep	TaskGroupGrabStep	identifier	a	8	1	2	machine:a part: grab	S2-UA	S2-UA	0		
RowInput	TaskGroupInput	identifier	?	8	1	3		S3-UNIT	S3-UNIT	0		
RowNameSettings	TaskGroupNameSettings	identifier	a	5	1	4	machine:rule 5	S3-SYS	S3-SYS	0		
RowNameStandingHere	TaskGroupNameStandingHere	identifier	a	5	1	1	machine:rule 5	S3-UNIT	S3-UNIT	0		
RowNamedWhileATellingStood	TaskGroupNamedWhileATellingStood	identifier	?	8	1	1		S3-UNIT	S3-UNIT	0		
RowOne	TaskGroupOne	identifier	?	8	2	16		S3-UNIT	S3-UNIT	0		
RowPaste	TaskGroupPaste	identifier	?	8	1	9		S3-SYS	S3-SYS	0		
RowPlacement	TaskGroupPlacement	identifier	a	8	21	81	machine:a part: placement	S2-ENT,S2-UA,S3-BASE,S3-CON,S3-SYS,S3-UNIT	S2-UA	0		
RowSeed	TaskGroupSeed	identifier	?	8	10	25		S3-CON,S3-UNIT	S3-CON	0		
RowSpec	RowSpec	identifier	b	8	2	26	machine:b part: spec	S3-CON,S3-UNIT	S3-CON	0		
RowTitle	TaskGroupTitle	identifier	a	4	22	87	machine:rule 4	S1-C,S2-FW,S2-TL,S2-UA,S3-BASE,S3-CON,S3-SYS,S3-UNIT	S1-C	0		
RowTitlePanel	TaskGroupPanel	identifier	a	2	19	47	machine:rule 2	S2-FW,S2-UA,S3-BASE,S3-CON,S3-UNIT	S2-UA	0		
RowTreeFacts	TaskGroupTreeFacts	identifier	a	8	1	5	machine:a part: tree	S2-UA	S2-UA	0		
RowWords	TaskGroupWords	identifier	?	8	1	5		S3-CON	S3-CON	0		
RowsDocument	TaskGroupsDocument	identifier	?	8	1	2		S3-SYS	S3-SYS	0		
RulerRow	RulerTaskGroup	identifier	?	8	2	7		S2-UA,S3-SYS	S2-UA	0		
SAME_ROW	SAME_TASK_GROUP	identifier	?	8	3	12		S3-CON,S3-UNIT	S3-CON	0		
SAVED_ROWS	SAVED_TASK_GROUPS	identifier	?	8	1	2		S3-CON	S3-CON	0		
SCHEDULE_WITH_A_ROW	SCHEDULE_WITH_A_TASK_GROUP	identifier	?	8	1	3		S3-CON	S3-CON	0		
SCREEN_ROW	SCREEN_TASK_GROUP	identifier	?	8	4	8		S3-SYS	S3-SYS	0		
SCROLL_ROW	SCROLL_TASK_GROUP	identifier	a	8	1	2	machine:a part: scroll	S3-UNIT	S3-UNIT	0		
SEARCH_COLUMN_ROW	SEARCH_COLUMN_ROW	identifier	b	8	1	2	machine:b part: search	S1-D	S1-D	0		
SEARCH_COLUMN_WIDTH_ROWS	SEARCH_COLUMN_WIDTH_ROWS	identifier	b	8	4	6	machine:b part: search	S1-C,S1-D,S2-FW	S1-D	0		
SEARCH_FIELD_ROWS	SEARCH_FIELD_ROWS	identifier	b	8	1	2	machine:b part: search	S2-FW	S2-FW	0		
SEARCH_FILTER_ROW	SEARCH_FILTER_ROW	identifier	b	8	1	3	machine:b part: search	S2-FW	S2-FW	0		
SEARCH_PANEL_TEXT_SIZE_ROWS	SEARCH_PANEL_TEXT_SIZE_ROWS	identifier	b	8	4	6	machine:b part: search	S1-D,S2-UA	S1-D	1		
SEARCH_WORD_ROW	SEARCH_WORD_ROW	identifier	b	8	3	7	machine:b part: search	S2-FW	S2-FW	0		
SEATED_ROW	SEATED_TASK_GROUP	identifier	?	8	2	4		S3-CON	S3-CON	0		
SEATED_ROW_PART	SEATED_TASK_GROUP_PART	identifier	?	8	2	4		S3-CON	S3-CON	0		
SEAT_ROW	SEAT_TASK_GROUP	identifier	?	8	1	2		S2-TL	S2-TL	0		
SETTINGS_ROW	SETTINGS_TASK_GROUP	identifier	?	8	1	2		S1-D	S1-D	0		
SETTING_ROWS	SETTING_TASK_GROUPS	identifier	?	8	6	12		S3-CON,S3-UNIT	S3-CON	0		
SEVERAL_ROWS_ARE_REFUSED	SEVERAL_TASK_GROUPS_ARE_REFUSED	identifier	?	8	1	3		S3-CON	S3-CON	0		
SEVERAL_TARGET_ROWS_REFUSED	SEVERAL_TARGET_TASK_GROUPS_REFUSED	identifier	?	8	1	5		S3-CON	S3-CON	0		
SHAPE_ROW	SHAPE_TASK_GROUP	identifier	?	8	1	1		S1-D	S1-D	0		
SHELL_FOLDED_ROWS	SHELL_FOLDED_TASK_GROUPS	identifier	a	8	1	2	machine:a part: folded	S3-CON	S3-CON	0		
SHIFTED_ROWS	SHIFTED_TASK_GROUPS	identifier	?	8	2	4		S3-CON	S3-CON	0		
SHIFT_RATIO_ROW_OF	SHIFT_RATIO_TASK_GROUP_OF	identifier	?	8	1	2		S2-UA	S2-UA	0		
SHORTCUT_ROW	SHORTCUT_TASK_GROUP	identifier	?	8	1	2		S1-D	S1-D	0		
SHORTCUT_WORDS_BY_ROW	SHORTCUT_WORDS_BY_TASK_GROUP	identifier	?	8	1	2		S2-UA	S2-UA	0		
SHOWN_ON_ANOTHER_ROW	SHOWN_ON_ANOTHER_TASK_GROUP	identifier	a	8	1	2	machine:a part: shown	S2-UA	S2-UA	0		
SHOWN_ON_ANOTHER_ROW_MARK	SHOWN_ON_ANOTHER_TASK_GROUP_MARK	identifier	a	8	1	3	machine:a part: shown	S3-UNIT	S3-UNIT	0		
SHOWN_SPAN_ROW	SHOWN_SPAN_TASK_GROUP	identifier	a	8	1	2	machine:a part: shown	S2-UA	S2-UA	0		
SIBLING_ORDER_ROW	SIBLING_ORDER_TASK_GROUP	identifier	?	8	1	7		S3-SYS	S3-SYS	0		
SINGLE_LINE_ROWS	SINGLE_LINE_ROWS	identifier	b	8	1	2	machine:b part: line	S2-FW	S2-FW	0		
SK_3_ROW	SK_3_TASK_GROUP	identifier	?	8	1	2		S3-UNIT	S3-UNIT	0		
STANDING_IN_ROW	STANDING_IN_TASK_GROUP	identifier	?	8	1	3		S3-CON	S3-CON	0		
STARTED_BAR_ROW	STARTED_BAR_TASK_GROUP	identifier	?	8	1	3		S3-UNIT	S3-UNIT	0		
STARTED_STONE_ROW	STARTED_STONE_TASK_GROUP	identifier	?	8	1	3		S3-UNIT	S3-UNIT	0		
STATUS_DATE_ROW	STATUS_DATE_TASK_GROUP	identifier	?	8	1	2		S2-UA	S2-UA	0		
STONE_ROW	STONE_TASK_GROUP	identifier	?	8	3	9		S3-UNIT	S3-UNIT	0		
SURFACE_OF_ROW	SURFACE_OF_TASK_GROUP	identifier	?	8	1	2		S2-UA	S2-UA	0		
SURFACE_ROW	SURFACE_TASK_GROUP	identifier	?	8	1	1		S1-D	S1-D	0		
SURFACE_ROWS_OF_T_280	SURFACE_TASK_GROUPS_OF_T_280	identifier	?	8	1	2		S3-CON	S3-CON	0		
SV_18_ROWS	SV_18_TASK_GROUPS	identifier	?	8	1	2		S3-CON	S3-CON	0		
S_143_ROW	S_143_TASK_GROUP	identifier	?	8	1	5		S3-UNIT	S3-UNIT	0		
S_429_ROW	S_429_TASK_GROUP	identifier	?	8	2	4		S3-CON	S3-CON	0		
S_69_ROW	S_69_TASK_GROUP	identifier	?	8	1	2		S3-CON	S3-CON	0		
S_94_ROW	S_94_TASK_GROUP	identifier	?	8	2	4		S3-UNIT	S3-UNIT	0		
S_95_ROW	S_95_TASK_GROUP	identifier	?	8	2	8		S3-UNIT	S3-UNIT	0		
SearchPanelTextSizeRow	SearchPanelTextSizeRow	identifier	b	8	2	4	machine:b part: search	S2-UA	S2-UA	0		
SearchRowView	SearchRowView	identifier	b	8	4	12	machine:b part: search	S2-FW,S2-UA	S2-UA	0		
SearchRows	SearchRows	identifier	b	8	8	23	machine:section 4 list	S1-D,S2-ENT,S2-UA,S3-CON	S1-D	1		
SelectionCopiedRow	SelectionCopiedTaskGroup	identifier	?	8	1	3		S2-UA	S2-UA	0		
SettingRow	SettingTaskGroup	identifier	?	8	6	19		S3-CON,S3-UNIT	S3-CON	0		
ShallowRow	ShallowTaskGroup	identifier	?	8	1	1		S3-UNIT	S3-UNIT	0		
ShellRow	ShellTaskGroup	identifier	?	8	1	3		S3-CON	S3-CON	0		
ShownRow	ShownTaskGroup	identifier	a	8	1	6	machine:a part: shown	S2-UA	S2-UA	0		
SmRow	SmTaskGroup	identifier	?	8	2	10		S3-CON	S3-CON	0		
SpecRow	SpecRow	identifier	b	8	42	99	machine:b part: spec	S3-CON,S3-SYS,S3-UNIT	S3-CON	0		
StartupRow	StartupTaskGroup	identifier	?	8	2	6		S2-FW,S2-UA	S2-UA	0		
StoredRow	StoredTaskGroup	identifier	?	8	3	18		S3-CON,S3-UNIT	S3-UNIT	0		
SwatchRows	SwatchTaskGroups	identifier	?	8	1	3		S3-SYS	S3-SYS	0		
T107Row	T107TaskGroup	identifier	?	8	1	3		S3-CON	S3-CON	0		
T236Row	T236TaskGroup	identifier	?	8	2	6		S3-CON	S3-CON	0		
T305_ROWS	T305_TASK_GROUPS	identifier	?	8	1	2		S3-CON	S3-CON	0		
T366_SHIFTED_ROWS	T366_SHIFTED_TASK_GROUPS	identifier	?	8	2	5		S3-CON	S3-CON	0		
TABLE_ROWS	TABLE_ROWS	identifier	b	8	1	11	machine:b part: table	S3-CON	S3-CON	0		
TABLE_ROW_OF_SAVE_FORM	TABLE_ROW_OF_SAVE_FORM	identifier	b	8	3	6	machine:b part: table	S2-FW,S3-BASE	S2-FW	0		
TABLE_ROW_PTD	TABLE_ROW_PTD	identifier	b	8	1	2	machine:b part: table	S2-TL	S2-TL	0		
TABLE_T108_ROWS	TABLE_T108_ROWS	identifier	b	8	1	2	machine:b part: table	S2-UA	S2-UA	0		
TALL_ROWS	TALL_TASK_GROUPS	identifier	?	8	1	16		S3-UNIT	S3-UNIT	0		
TARGET_IS_THE_CHOSEN_ROW	TARGET_IS_THE_CHOSEN_TASK_GROUP	identifier	a	8	1	2	machine:a part: chosen	S3-CON	S3-CON	0		
TASKED_ROWS	TASKED_TASK_GROUPS	identifier	?	8	1	3		S3-CON	S3-CON	0		
TASK_NAME_FIELD_ROW	TASK_NAME_FIELD_ROW	identifier	b	8	2	5	machine:b part: field	S2-FW,S2-UA	S2-UA	0		
TASK_ROWS	TASK_TASK_GROUPS	identifier	?	8	1	2		S3-UNIT	S3-UNIT	0		
TEXT_ROW	TEXT_ROW	identifier	b	8	1	5	machine:b part: text	S3-CON	S3-CON	0		
TEXT_ROWS_ON_GROUND	TEXT_ROWS_ON_GROUND	identifier	b	8	1	2	machine:b part: text	S2-UA	S2-UA	0		
THEME_HUE_ROW	THEME_HUE_TASK_GROUP	identifier	?	8	1	2		S1-D	S1-D	0		
THEME_HUE_SWATCH_ROW	THEME_HUE_SWATCH_TASK_GROUP	identifier	?	8	1	2		S2-UA	S2-UA	0		
THEME_ROW_OF_FORM	THEME_TASK_GROUP_OF_FORM	identifier	?	8	2	3		S2-UA,S3-BASE	S2-UA	0		
THERE_ROW	THERE_TASK_GROUP	identifier	?	8	7	18		S3-CON,S3-UNIT	S3-CON	0		
THE_ACTUALS_ROWS	THE_ACTUALS_TASK_GROUPS	identifier	?	8	1	2		S3-CON	S3-CON	0		
THE_BODY_ROW	THE_BODY_TASK_GROUP	identifier	?	8	1	2		S3-CON	S3-CON	0		
THE_ROW	THE_TASK_GROUP	identifier	?	8	1	5		S3-CON	S3-CON	0		
THE_ROWS_ARE_NOT_REWRITTEN_BY_MOVEMENT	THE_TASK_GROUPS_ARE_NOT_REWRITTEN_BY_MOVEMENT	identifier	?	8	1	2		S3-UNIT	S3-UNIT	0		
THREE_FLAT_ROWS	THREE_FLAT_TASK_GROUPS	identifier	?	8	1	4		S3-CON	S3-CON	0		
TIER_OF_ROW	TIER_OF_TASK_GROUP	identifier	?	8	1	6		S3-CON	S3-CON	0		
TITLE_FIELD_ROW	TITLE_FIELD_ROW	identifier	b	8	1	4	machine:b part: field	S3-CON	S3-CON	0		
TITLE_ROW	TITLE_ROW	identifier	b	8	1	2	machine:title row (window title)	S3-UNIT	S3-UNIT	0		
TOP_ROW_DEPTH	TOP_TASK_GROUP_DEPTH	identifier	a	8	1	2	machine:a part: top	S2-UA	S2-UA	0		
TRAVEL_ROWS	TRAVEL_TASK_GROUPS	identifier	?	8	1	2		S3-UNIT	S3-UNIT	0		
TRow	TTaskGroup	identifier	?	8	2	12		S2-ENT,S2-UA	S2-ENT	0		
TURNS_WHOSE_DETENTS_NO_ROW_STATES	TURNS_WHOSE_DETENTS_NO_TASK_GROUP_STATES	identifier	?	8	1	3		S3-UNIT	S3-UNIT	0		
TYPED_ROW	TYPED_TASK_GROUP	identifier	?	8	1	8		S3-CON	S3-CON	0		
TYPED_ROWS	TYPED_TASK_GROUPS	identifier	?	8	2	10		S3-CON	S3-CON	0		
T_023D_TOP_ROW	T_023D_TOP_TASK_GROUP	identifier	a	8	1	4	machine:a part: top	S3-UNIT	S3-UNIT	0		
T_024_FILE_ROWS	T_024_FILE_TASK_GROUPS	identifier	?	8	1	17		S3-UNIT	S3-UNIT	0		
T_024_ROWS_THAT_ARE_NOT_FILES	T_024_TASK_GROUPS_THAT_ARE_NOT_FILES	identifier	?	8	1	2		S3-UNIT	S3-UNIT	0		
T_027_INSIDE_ROWS	T_027_INSIDE_TASK_GROUPS	identifier	?	8	1	3		S3-UNIT	S3-UNIT	0		
T_027_OUTSIDE_ROWS	T_027_OUTSIDE_TASK_GROUPS	identifier	?	8	1	2		S3-UNIT	S3-UNIT	0		
T_033_ROWS	T_033_TASK_GROUPS	identifier	?	8	1	3		S3-UNIT	S3-UNIT	0		
T_037_ROWS	T_037_TASK_GROUPS	identifier	?	8	1	3		S3-UNIT	S3-UNIT	0		
T_041_ROWS	T_041_TASK_GROUPS	identifier	?	8	1	4		S3-UNIT	S3-UNIT	0		
T_051_ONLY_DRAWN_ROWS	T_051_ONLY_DRAWN_TASK_GROUPS	identifier	a	8	1	2	machine:a part: drawn	S3-UNIT	S3-UNIT	0		
T_053_ROWS	T_053_TASK_GROUPS	identifier	?	8	1	3		S3-UNIT	S3-UNIT	0		
T_059_ROWS	T_059_TASK_GROUPS	identifier	?	8	1	4		S3-UNIT	S3-UNIT	0		
T_076_ROWS	T_076_TASK_GROUPS	identifier	?	8	1	6		S3-UNIT	S3-UNIT	0		
T_109_ON_THE_ROW	T_109_ON_THE_TASK_GROUP	identifier	?	8	1	25		S3-UNIT	S3-UNIT	0		
T_109_ROW_EXPANDER	T_109_TASK_GROUP_EXPANDER	identifier	a	8	1	11	machine:a part: expander	S3-UNIT	S3-UNIT	0		
T_202_BOOLEAN_ROWS	T_202_BOOLEAN_TASK_GROUPS	identifier	?	8	1	4		S3-UNIT	S3-UNIT	0		
T_202_OTHER_ROWS	T_202_OTHER_TASK_GROUPS	identifier	?	8	1	2		S3-UNIT	S3-UNIT	0		
T_209_ROWS	T_209_TASK_GROUPS	identifier	?	8	1	2		S3-SYS	S3-SYS	0		
T_227_ROWS	T_227_TASK_GROUPS	identifier	?	8	1	3		S3-UNIT	S3-UNIT	0		
T_233_CARRIES_THE_ROW	T_233_CARRIES_THE_TASK_GROUP	identifier	?	8	1	3		S3-CON	S3-CON	0		
T_233_ONLY_ITS_OWN_ROWS	T_233_ONLY_ITS_OWN_TASK_GROUPS	identifier	?	8	2	4		S3-CON	S3-CON	0		
T_233_REFUSAL_CARRIES_THE_ROW	T_233_REFUSAL_CARRIES_THE_TASK_GROUP	identifier	?	8	2	6		S3-CON,S3-SYS	S3-SYS	0		
T_237_ROWS	T_237_TASK_GROUPS	identifier	?	8	1	3		S3-CON	S3-CON	0		
T_266_NO_OTHER_ROW	T_266_NO_OTHER_TASK_GROUP	identifier	?	8	1	6		S3-CON	S3-CON	0		
T_266_ONE_TARGET_A_ROW	T_266_ONE_TARGET_A_TASK_GROUP	identifier	?	8	1	4		S3-CON	S3-CON	0		
T_337_NO_PART_WITHOUT_A_ROW	T_337_NO_PART_WITHOUT_A_TASK_GROUP	identifier	?	8	1	3		S3-CON	S3-CON	0		
T_337_ROW_ORDER_IS_NOT_ID_ORDER	T_337_TASK_GROUP_ORDER_IS_NOT_ID_ORDER	identifier	?	8	1	4		S3-CON	S3-CON	0		
TableSRow	TableSRow	identifier	b	8	1	2	machine:b part: table	S3-CON	S3-CON	0		
TaskRow	TaskTaskGroup	identifier	?	8	1	3		S3-UNIT	S3-UNIT	0		
TaskSearchRow	TaskSearchRow	identifier	b	8	8	22	machine:section 4 list	S1-D,S2-ENT,S2-UA,S3-CON,S3-UNIT	S1-D	1		
TnRow	TnTaskGroup	identifier	?	8	2	9		S3-CON	S3-CON	0		
TreeRow	TreeTaskGroup	identifier	a	8	1	5	machine:a part: tree	S3-SYS	S3-SYS	0		
UNFOLD_EVERY_ROW	UNFOLD_EVERY_TASK_GROUP	identifier	a	8	1	5	machine:a part: every	S3-SYS	S3-SYS	0		
UNIT_ROW	UNIT_TASK_GROUP	identifier	?	8	1	15		S2-FW	S2-FW	0		
UNLISTED_QUESTION_ROW	UNLISTED_QUESTION_TASK_GROUP	identifier	?	8	1	2		S2-UA	S2-UA	0		
UNLISTED_REASON_ROW	UNLISTED_REASON_TASK_GROUP	identifier	?	8	1	2		S2-UA	S2-UA	0		
UNUSABLE_DATE_ROW	UNUSABLE_DATE_TASK_GROUP	identifier	?	8	1	6		S2-UA	S2-UA	0		
UO_ROW	UO_TASK_GROUP	identifier	?	8	1	2		S2-TL	S2-TL	0		
U_60_ROW	U_60_TASK_GROUP	identifier	?	8	2	7		S3-CON,S3-UNIT	S3-UNIT	0		
U_62_A_COUNT_ROW	U_62_A_COUNT_TASK_GROUP	identifier	?	8	1	2		S3-CON	S3-CON	0		
U_62_A_NAME_ROW	U_62_A_NAME_TASK_GROUP	identifier	a	8	1	2	machine:a part: name	S3-CON	S3-CON	0		
U_62_ROW	U_62_TASK_GROUP	identifier	?	8	1	5		S3-UNIT	S3-UNIT	0		
VIEWING_PRESS_ROWS	VIEWING_PRESS_ROWS	identifier	b	8	1	2	machine:b part: press	S2-UA	S2-UA	0		
VIEW_KEY_ROWS	VIEW_KEY_TASK_GROUPS	identifier	?	8	1	2		S3-CON	S3-CON	0		
WALL_ROWS	WALL_TASK_GROUPS	identifier	?	8	1	2		S3-CON	S3-CON	0		
WANTED_ROWS	WANTED_TASK_GROUPS	identifier	?	8	1	5		S1-D	S1-D	0		
WATERMARK_ROW	WATERMARK_TASK_GROUP	identifier	?	8	1	3		S2-UA	S2-UA	0		
WATERMARK_UNLOCK_ROW	WATERMARK_UNLOCK_TASK_GROUP	identifier	?	8	3	5		S2-FW	S2-FW	0		
WBS_PARENT_CHOICE	PARENT_TASK_CHOICE	identifier	a	1	1	3	machine:rule 1 / JDG-1727	S3-CON	S3-CON	0		
WBS_PARENT_CHOICE_LINKS	PARENT_TASK_CHOICE_LINKS	identifier	a	1	1	2	machine:rule 1 / JDG-1727	S2-UA	S2-UA	0		
WBS_PARENT_CHOICE_PARTS	PARENT_TASK_CHOICE_PARTS	identifier	a	1	1	2	machine:rule 1 / JDG-1727	S1-D	S1-D	0		
WBS_PARENT_CHOICE_QUESTION	PARENT_TASK_CHOICE_QUESTION	identifier	a	1	1	4	machine:rule 1 / JDG-1727	S2-UA	S2-UA	0		
WBS_PARENT_LINKS_ANSWER	PARENT_TASK_LINKS_ANSWER	identifier	a	1	1	2	machine:rule 1 / JDG-1727	S2-FW	S2-FW	0		
WBS_PARENT_LINKS_ENTRY	PARENT_TASK_LINKS_ENTRY	identifier	a	1	1	2	machine:rule 1 / JDG-1727	S2-FW	S2-FW	0		
WBS_PARENT_LINKS_ROW	PARENT_TASK_LINKS_TASK_GROUP	identifier	a	1	1	2	machine:rule 1 / JDG-1727	S2-UA	S2-UA	0		
WB_10_TITLE_ROW	WB_10_TITLE_TASK_GROUP	identifier	a	8	1	5	machine:a part: title	S3-SYS	S3-SYS	0		
WHEEL_ROWS	WHEEL_TASK_GROUPS	identifier	?	8	1	3		S3-CON	S3-CON	0		
WHITESPACE_ROW	WHITESPACE_TASK_GROUP	identifier	?	8	1	3		S3-SYS	S3-SYS	0		
WIDEN_THE_ROW_AXIS	WIDEN_THE_VERTICAL_AXIS	identifier	a	7	1	2	machine:rule 7	S3-UNIT	S3-UNIT	0		
WIDTH_ROW	WIDTH_TASK_GROUP	identifier	?	8	2	11		S3-CON,S3-SYS	S3-CON	0		
WRITE_ORDER_ROW	WRITE_ORDER_TASK_GROUP	identifier	?	8	1	2		S3-SYS	S3-SYS	0		
WS_2_ONLY_THIS_ROW_JUDGES	WS_2_ONLY_THIS_TASK_GROUP_JUDGES	identifier	?	8	1	4		S3-CON	S3-CON	0		
WbsParentArrowGeometry	ParentTaskArrowGeometry	identifier	a	1	1	5	machine:rule 1 / JDG-1727	S2-ENT	S2-ENT	0		
WbsParentCandidateGeometry	ParentTaskCandidateGeometry	identifier	a	1	1	3	machine:rule 1 / JDG-1727	S2-ENT	S2-ENT	0		
WbsParentChoice	ParentTaskChoice	identifier	a	1	2	4	machine:rule 1 / JDG-1727	S2-UA	S2-UA	0		
WbsParentChoiceStep	ParentTaskChoiceStep	identifier	a	1	1	3	machine:rule 1 / JDG-1727	S2-FW	S2-FW	0		
WbsParentFamilies	ParentTaskFamilies	identifier	a	1	7	18	machine:rule 1 / JDG-1727	S1-D,S2-ENT,S2-FW,S3-CON,S3-UNIT	S1-D	1		
WbsParentGeometry	ParentTaskGeometry	identifier	a	1	2	5	machine:rule 1 / JDG-1727	S2-ENT	S2-ENT	0		
WbsParentQueryGeometry	ParentTaskQueryGeometry	identifier	a	1	1	4	machine:rule 1 / JDG-1727	S2-ENT	S2-ENT	0		
WbsParentReadings	ParentTaskReadings	identifier	a	1	1	3	machine:rule 1 / JDG-1727	S2-FW	S2-FW	0		
WbsParentResolution	ParentTaskResolution	identifier	a	1	5	14	machine:rule 1 / JDG-1727	S1-D,S2-ENT,S2-FW	S1-D	1		
WheelRow	WheelTaskGroup	identifier	?	8	1	2		S3-UNIT	S3-UNIT	0		
ZO_THE_ROW_ORDER_IS_NOT_THE_ID_ORDER	ZO_THE_TASK_GROUP_ORDER_IS_NOT_THE_ID_ORDER	identifier	?	8	1	3		S3-CON	S3-CON	0		
ZetaChildRow	ZetaChildTaskGroup	identifier	a	8	1	1	machine:a part: child	S3-SYS	S3-SYS	0		
ZetaHeadRow	ZetaHeadTaskGroup	identifier	?	8	1	1		S3-SYS	S3-SYS	0		
_gate_rows	_gate_task_groups	identifier	?	8	1	2		S1-D	S1-D	0		
_row	_taskGroup	identifier	?	8	10	12		S1-D,S2-TL,S3-CON,S3-UNIT	S1-D	0		
_rowId	_rowId	identifier	b	8	1	1	machine:row id (section 4)	S3-CON	S3-CON	0		
add-row	add-task-group	identifier	?	8	1	1		S3-UNIT	S3-UNIT	0		
addTopRow	addTopTaskGroup	identifier	a	8	2	6	machine:a part: top	S2-FW	S2-FW	0		
addUnderRow	addUnderTaskGroup	identifier	?	8	1	4		S3-SYS	S3-SYS	0		
addedRowOf	addedTaskGroupOf	identifier	a	8	1	5	machine:a part: added	S3-CON	S3-CON	0		
addedRowOwedSight	addedTaskGroupOwedSight	identifier	a	8	1	5	machine:a part: added	S2-FW	S2-FW	0		
addedRows	addedTaskGroups	identifier	a	8	1	2	machine:a part: added	S3-SYS	S3-SYS	0		
afterRows	afterTaskGroups	identifier	?	8	1	4		S2-UA	S2-UA	0		
aimAtRow	aimAtTaskGroup	identifier	?	8	1	4		S3-UNIT	S3-UNIT	0		
allRows	allTaskGroups	identifier	?	8	2	6		S3-SYS	S3-SYS	0		
all_rows	all_task_groups	identifier	?	8	7	14		S1-D,S2-TL	S1-D	0		
anchorRow	anchorTaskGroup	identifier	?	8	2	9		S3-SYS,S3-UNIT	S3-SYS	0		
anyRowText	anyRowText	identifier	b	8	2	17	machine:b part: text	S3-CON,S3-UNIT	S3-UNIT	0		
api_rows	api_task_groups	identifier	?	8	1	2		S2-TL	S2-TL	0		
appended-row	appended-task-group	identifier	?	8	1	1		S2-TL	S2-TL	0		
armModeStateMachine_wbsParentArmed	armModeStateMachine_parentTaskArmed	identifier	a	1	0	0	machine:rule 1 / JDG-1727			1		
armRowOfEntry	armRowOfEntry	identifier	b	8	1	6	machine:b part: entry	S3-CON	S3-CON	0		
armRows	armTaskGroups	identifier	?	8	1	2		S3-UNIT	S3-UNIT	0		
askToDeleteEveryRow	askToDeleteEveryTaskGroup	identifier	a	8	1	2	machine:a part: every	S3-SYS	S3-SYS	0		
assignmentPressWordsByRow	assignmentPressWordsByRow	identifier	b	8	1	2	machine:b part: press	S3-SYS	S3-SYS	0		
bandRowOf	bandTaskGroupOf	identifier	a	8	2	4	machine:a part: band	S2-UA	S2-UA	0		
beforeRow	beforeTaskGroup	identifier	?	8	1	4		S3-CON	S3-CON	0		
belowRowArea	belowTaskGroupArea	identifier	a	6	1	2	machine:rule 6	S2-FW	S2-FW	0		
blockOfRow	blockOfTaskGroup	identifier	?	8	1	5		S3-UNIT	S3-UNIT	0		
bodyRowElement	bodyTaskGroupElement	identifier	?	8	1	2		S2-FW	S2-FW	0		
bodyRows	bodyTaskGroups	identifier	?	8	1	13		S3-CON	S3-CON	0		
body_rows	body_task_groups	identifier	?	8	1	4		S2-TL	S2-TL	0		
bringCreatedRowIntoSight	bringCreatedTaskGroupIntoSight	identifier	a	8	5	11	machine:a part: created	S1-D,S2-FW,S2-UA,S3-CON,S3-UNIT	S1-D	1		
browserRowsListed	browserTaskGroupsListed	identifier	?	8	1	2		S3-SYS	S3-SYS	0		
buildRowMapFigure	buildTaskGroupMapFigure	identifier	?	8	1	4		S2-TL	S2-TL	0		
build_row	build_task_group	identifier	?	8	1	2		S2-TL	S2-TL	0		
byGlyphRow	byGlyphTaskGroup	identifier	?	8	1	7		S3-SYS	S3-SYS	0		
byRow	byTaskGroup	identifier	?	8	4	10		S2-UA,S3-CON,S3-SYS	S2-UA	0		
canAddChildRow	canAddChildTaskGroup	identifier	a	8	8	10	machine:a part: child	S2-FW,S2-UA,S3-UNIT	S2-UA	0		
canCloseEveryRow	canCloseEveryTaskGroup	identifier	a	8	5	8	machine:a part: every	S2-FW,S2-UA,S3-UNIT	S2-UA	0		
canOpenEveryRow	canOpenEveryTaskGroup	identifier	a	8	7	12	machine:a part: every	S2-FW,S2-UA,S3-CON,S3-UNIT	S2-UA	0		
carriedRows	carriedRows	identifier	b	8	2	32	machine:b part: carried	S2-ENT,S2-UA	S2-UA	0		
cellOfRow	cellOfRow	identifier	b	8	1	4	machine:b part: cell	S3-CON	S3-CON	0		
check-device-route-row-ids	check-device-route-row-ids	file	b	8	4	7	machine:row id (section 4)	S1-C,S2-TL	S1-C	0		
check-press-row-ids	check-press-row-ids	file	b	8	4	5	machine:section 4 list	S1-C,S2-TL	S1-C	0		
checkNewNoteRows	checkNewNoteTaskGroups	identifier	?	8	1	1		S2-TL	S2-TL	0		
checkRows	checkTaskGroups	identifier	?	8	1	4		S3-UNIT	S3-UNIT	0		
childRow	childTaskGroup	identifier	a	8	1	7	machine:a part: child	S3-SYS	S3-SYS	0		
childRowAddPressed	childTaskGroupAddPressed	json-key	a	8	8	20	machine:a part: child	S1-A,S1-B,S1-D,S2-UA,S3-CON,S3-UNIT	S1-D	5		
chooseRow	chooseTaskGroup	identifier	?	8	6	11		S2-FW,S2-UA,S3-SYS	S2-UA	0		
chosenRowIds	chosenRowIds	identifier	b	8	1	2	machine:row id (section 4)	S3-SYS	S3-SYS	0		
chosenRows	chosenTaskGroups	identifier	a	8	11	110	machine:a part: chosen	S1-D,S2-FW,S2-UA,S3-CON,S3-UNIT	S1-D	11		
clampedRowShift	clampedTaskGroupShift	identifier	?	8	1	2		S2-UA	S2-UA	0		
closeOnlyTitleRow	closeOnlyTitleTaskGroup	identifier	a	8	1	2	machine:a part: title	S2-FW	S2-FW	0		
closingRuleRows	closingRuleTaskGroups	identifier	?	8	1	5		S3-UNIT	S3-UNIT	0		
collapseEveryRow	collapseEveryTaskGroup	identifier	a	8	2	6	machine:a part: collapse	S2-FW	S2-FW	0		
colourPropertyRows	colourPropertyTaskGroups	identifier	?	8	1	2		S3-SYS	S3-SYS	0		
colourRows	colourTaskGroups	identifier	?	8	4	12		S3-CON,S3-SYS,S3-UNIT	S3-CON	0		
columnByRow	columnByRow	identifier	b	8	1	3	machine:b part: column	S2-FW	S2-FW	0		
columnRow	columnRow	identifier	b	8	1	3	machine:b part: column	S3-UNIT	S3-UNIT	0		
columnRowOf	columnRowOf	identifier	b	8	2	4	machine:b part: column	S3-SYS	S3-SYS	0		
commandFromRowEntry	commandFromRowEntry	identifier	b	8	3	4	machine:b part: command	S2-UA,S3-BASE	S2-UA	0		
commandFromRowExpanderCloseAll	commandFromRowExpanderCloseAll	identifier	b	8	2	3	machine:b part: command	S2-UA	S2-UA	0		
commandFromRowExpanderOpenAll	commandFromRowExpanderOpenAll	identifier	b	8	2	3	machine:b part: command	S2-UA	S2-UA	0		
commandFromRowExpanderOpenLevelZero	commandFromRowExpanderOpenLevelZero	identifier	b	8	2	3	machine:b part: command	S2-UA	S2-UA	0		
commandFromRowGrab	commandFromRowGrab	identifier	b	8	2	3	machine:b part: command	S2-UA	S2-UA	0		
commandFromWbsParentDrag	commandFromParentTaskDrag	identifier	a	1	2	3	machine:rule 1 / JDG-1727	S2-UA	S2-UA	0		
commandFromWbsParentLinkRelease	commandFromParentTaskLinkRelease	identifier	a	1	2	3	machine:rule 1 / JDG-1727	S2-UA	S2-UA	0		
commandRow	commandRow	identifier	b	8	7	57	machine:section 4 list	S2-UA,S3-CON,S3-UNIT	S2-UA	0		
commandsFromRowTitleWidth	commandsFromTaskGroupTitleWidth	identifier	a	4	1	2	machine:rule 4	S2-UA	S2-UA	0		
commentBoxRows	commentBoxTaskGroups	identifier	?	8	7	22		S2-ENT,S2-UA,S3-CON,S3-SYS	S2-UA	0		
commentRow	commentTaskGroup	identifier	?	8	1	5		S3-CON	S3-CON	0		
conflictingProfileRows	conflictingProfileRows	identifier	b	8	1	2	machine:b part: profile	S2-UA	S2-UA	0		
constant_rows	constant_task_groups	identifier	?	8	1	2		S1-D	S1-D	0		
controls-no-longer-set-the-row-height	controls-no-longer-set-the-task-group-height	identifier	a	8	1	1	machine:a part: controls	S3-UNIT	S3-UNIT	0		
controlsOfRow	controlsOfTaskGroup	identifier	a	8	1	2	machine:a part: controls	S3-UNIT	S3-UNIT	0		
copiedRowOf	copiedTaskGroupOf	identifier	?	8	1	2		S2-UA	S2-UA	0		
copiedRows	copiedTaskGroups	identifier	?	8	1	2		S2-UA	S2-UA	0		
copiedThenRowsChosen	copiedThenTaskGroupsChosen	identifier	a	8	1	5	machine:a part: chosen	S3-CON	S3-CON	0		
copiedThenTwoRowsPicked	copiedThenTwoTaskGroupsPicked	identifier	a	8	1	4	machine:a part: picked	S3-CON	S3-CON	0		
coveredElsewhereRows	coveredElsewhereTaskGroups	identifier	?	8	1	3		S3-UNIT	S3-UNIT	0		
cr-380-381-384-name-beside-the-shape-and-row-zoom	cr-380-381-384-name-beside-the-shape-and-vertical-zoom	identifier	a	7	1	1	machine:rule 7	S3-CON	S3-CON	0		
cr-381-row-names-drawn-at-their-own-size	cr-381-task-group-names-drawn-at-their-own-size	file	a	5	1	1	machine:rule 5	S3-BASE	S3-BASE	0		
cr-553-the-row	cr-553-the-task-group	identifier	?	8	1	1		S3-UNIT	S3-UNIT	0		
cr-577-a-row-zoom-in-below-the-floor-always-changes-the-picture	cr-577-a-vertical-zoom-in-below-the-floor-always-changes-the-picture	file	a	7	1	1	machine:rule 7	S3-SYS	S3-SYS	0		
createdRowSelected	createdTaskGroupSelected	json-key	a	8	5	9	machine:a part: created	S1-D,S2-FW,S2-UA,S3-CON	S1-D	2		
crs_naming_row	crs_naming_task_group	identifier	?	8	1	2		S2-TL	S2-TL	0		
cutRows	cutTaskGroups	identifier	?	8	2	5		S2-TL	S2-TL	0		
data-can-add-child-row	data-can-add-child-task-group	dom	a	8	1	1	machine:a part: child	S2-FW	S2-FW	0		
data-field-row	data-field-row	dom	b	8	48	111	machine:section 4 list	S1-C,S2-FW,S3-CON,S3-SYS,S3-UNIT	S1-C	0		
data-folded-rows	data-folded-task-groups	dom	a	8	3	5	machine:a part: folded	S2-FW,S2-TL,S3-SYS	S2-TL	0		
data-row	data-row	dom	b	8	8	22	machine:section 4 list	S2-FW,S3-SYS,S3-UNIT	S2-FW	0		
data-row-control-ground	data-task-group-control-ground	dom	a	8	1	1	machine:a part: control	S2-FW	S2-FW	0		
data-row-control-pair	data-task-group-control-pair	dom	a	8	1	1	machine:a part: control	S2-FW	S2-FW	0		
data-row-folding-grid	data-row-folding-grid	dom	b	8	2	2	machine:b part: grid	S2-FW,S3-SYS	S2-FW	0		
data-row-grab	data-task-group-grab	dom	a	8	6	6	machine:a part: grab	S2-FW,S3-SYS	S2-FW	0		
data-shown-on-another-row	data-shown-on-another-task-group	dom	a	8	1	1	machine:a part: shown	S2-FW	S2-FW	0		
declaredRowOf	declaredTaskGroupOf	identifier	?	8	2	4		S2-UA,S3-CON	S2-UA	0		
deepRowBench	deepTaskGroupBench	identifier	?	8	1	3		S3-CON	S3-CON	0		
deepestAncestorRow	deepestAncestorTaskGroup	identifier	?	8	1	2		S2-UA	S2-UA	0		
deepestDrawnRow	deepestDrawnTaskGroup	identifier	a	8	1	4	machine:a part: drawn	S3-SYS	S3-SYS	0		
defaultRowName	defaultTaskGroupName	identifier	a	5	29	69	machine:rule 5	S2-FW,S2-UA,S3-CON,S3-UNIT	S2-UA	0		
defaultRowNames	defaultTaskGroupNames	identifier	a	5	1	2	machine:rule 5	S2-TL	S2-TL	0		
defaultsBySettingRow	defaultsBySettingTaskGroup	identifier	?	8	1	4		S3-CON	S3-CON	0		
delayDiagnosticsReportRows	delayDiagnosticsReportRows	identifier	b	8	6	12	machine:b part: delay	S1-D,S2-ENT,S2-UA,S3-UNIT	S1-D	1		
deleteEveryRow	deleteEveryTaskGroup	identifier	a	8	3	11	machine:a part: every	S2-FW,S3-CON	S2-FW	0		
depthRow	depthTaskGroup	identifier	a	8	1	2	machine:a part: depth	S2-FW	S2-FW	0		
derivedRow	derivedTaskGroup	identifier	?	8	1	5		S3-UNIT	S3-UNIT	0		
derivedWbsParents	derivedParentTasks	identifier	a	1	7	9	machine:rule 1 / JDG-1727	S2-ENT,S3-CON,S3-UNIT	S2-ENT	0		
dfc-1054-a-pasted-row-copy-writes-no-slack	dfc-1054-a-pasted-task-group-copy-writes-no-slack	file	?	8	1	1		S3-SYS	S3-SYS	0		
dfc-582-every-invariant-row-has-a-dictionary-entry	dfc-582-every-invariant-row-has-a-dictionary-entry	file	b	8	1	1	machine:b part: invariant	S3-BASE	S3-BASE	0		
dfc-587-title-row-entries-are-drawn	dfc-587-title-row-entries-are-drawn	file	b	8	1	1	machine:b part: entries	S3-BASE	S3-BASE	0		
displayRowsExcept	displayTaskGroupsExcept	identifier	?	8	1	3		S3-UNIT	S3-UNIT	0		
documentHoldingOneRow	documentHoldingOneTaskGroup	identifier	?	8	1	3		S2-UA	S2-UA	0		
documentOfTwoRows	documentOfTwoTaskGroups	identifier	?	8	1	13		S3-CON	S3-CON	0		
documentRowsOf	documentTaskGroupsOf	identifier	?	8	1	3		S2-ENT	S2-ENT	0		
documentWithRows	documentWithTaskGroups	identifier	?	8	2	6		S3-CON,S3-SYS	S3-CON	0		
doomedRows	doomedTaskGroups	identifier	a	8	1	9	machine:a part: doomed	S2-UA	S2-UA	0		
doubleClickRowName	doubleClickTaskGroupName	identifier	a	5	1	8	machine:rule 5	S3-UNIT	S3-UNIT	0		
downToRowB	downToTaskGroupB	identifier	?	8	1	4		S3-UNIT	S3-UNIT	0		
drawn-rows	drawn-task-groups	file	a	8	4	6	machine:a part: drawn	S1-C,S2-ENT,S3-CON	S1-C	0		
drawnRow	drawnTaskGroup	identifier	a	8	7	38	machine:a part: drawn	S2-ENT,S2-UA,S3-CON,S3-UNIT	S2-UA	0		
drawnRowBoxes	drawnTaskGroupBoxes	identifier	a	8	3	7	machine:a part: drawn	S2-FW,S2-UA	S2-UA	0		
drawnRowBoxesOf	drawnTaskGroupBoxesOf	identifier	a	8	5	13	machine:a part: drawn	S1-D,S2-FW,S2-UA,S3-UNIT	S1-D	1		
drawnRowGroupIds	drawnTaskGroupIds	identifier	a	8	3	5	machine:a part: drawn	S2-FW,S2-UA	S2-UA	0		
drawnRowIds	drawnRowIds	identifier	b	8	7	27	machine:row id (section 4)	S2-TL,S3-SYS	S2-TL	0		
drawnRowIndentOf	drawnTaskGroupIndentOf	identifier	a	8	1	3	machine:a part: drawn	S2-UA	S2-UA	0		
drawnRowIndexOf	drawnTaskGroupIndexOf	identifier	a	8	1	4	machine:a part: drawn	S2-UA	S2-UA	0		
drawnRowTitlePanelWidthPx	drawnTaskGroupPanelWidthPx	identifier	a	2	1	2	machine:rule 2	S2-ENT	S2-ENT	0		
drawnRowTitles	drawnTaskGroupTitles	identifier	a	4	1	3	machine:rule 4	S3-SYS	S3-SYS	0		
drawnRows	drawnTaskGroups	identifier	a	8	14	117	machine:a part: drawn	S2-ENT,S2-UA,S3-CON,S3-SYS,S3-UNIT	S2-UA	0		
drawnRowsAndPanel	drawnTaskGroupsAndPanel	identifier	a	8	1	3	machine:a part: drawn	S3-SYS	S3-SYS	0		
drawnRowsAt	drawnTaskGroupsAt	identifier	a	8	1	5	machine:a part: drawn	S3-CON	S3-CON	0		
drawnRowsCrossed	drawnTaskGroupsCrossed	identifier	a	8	2	5	machine:a part: drawn	S2-UA	S2-UA	0		
drawnRowsInTreeOf	drawnTaskGroupsInTreeOf	identifier	a	8	1	2	machine:a part: drawn	S2-ENT	S2-ENT	0		
drawnRowsOf	drawnTaskGroupsOf	identifier	a	8	2	5	machine:a part: drawn	S2-UA	S2-UA	0		
drawsSameRows	drawsSameTaskGroups	identifier	?	8	1	3		S2-UA	S2-UA	0		
earlierRowWins	earlierTaskGroupWins	identifier	?	8	1	2		S3-CON	S3-CON	0		
editGroupOnRowOne	editGroupOnTaskGroupOne	identifier	a	8	1	2	machine:a part: group	S3-CON	S3-CON	0		
emptyPointOnADrawnRow	emptyPointOnADrawnTaskGroup	identifier	a	8	1	3	machine:a part: drawn	S3-SYS	S3-SYS	0		
emptyRowDocument	emptyTaskGroupDocument	identifier	?	8	1	7		S3-UNIT	S3-UNIT	0		
emptyRowTaskUids	emptyTaskGroupTaskUids	identifier	?	8	6	8		S2-FW,S2-UA,S3-CON,S3-UNIT	S2-UA	0		
emptyRowUids	emptyTaskGroupUids	identifier	?	8	1	2		S2-UA	S2-UA	0		
enRow	enTaskGroup	identifier	?	8	1	5		S3-CON	S3-CON	0		
entity_rows	entity_task_groups	json-key	?	8	7	11		S1-D,S2-TL	S1-D	0		
entity_rows_block	entity_task_groups_block	identifier	?	8	1	2		S1-D	S1-D	0		
entryRowsIn	entryRowsIn	identifier	b	8	1	2	machine:b part: entry	S3-UNIT	S3-UNIT	0		
entry_without_row_id	entry_without_row_id	identifier	b	8	1	2	machine:row id (section 4)	S2-TL	S2-TL	0		
escRows	escTaskGroups	identifier	?	8	1	3		S3-UNIT	S3-UNIT	0		
event_rows	event_task_groups	identifier	?	8	1	2		S1-D	S1-D	0		
everyRow	everyTaskGroup	identifier	a	8	1	4	machine:a part: every	S3-UNIT	S3-UNIT	0		
everyRowDeletePressed	everyTaskGroupDeletePressed	json-key	a	8	6	15	machine:a part: every	S1-A,S1-D,S2-UA,S3-CON	S1-D	2		
everyRowDeleted	everyTaskGroupDeleted	identifier	a	8	2	3	machine:a part: every	S2-UA	S2-UA	0		
everyRowFoldPressed	everyTaskGroupFoldPressed	json-key	a	8	5	11	machine:a part: every	S1-D,S2-UA,S3-CON,S3-UNIT	S1-D	6		
everyRowOpenPressed	everyTaskGroupOpenPressed	json-key	a	8	9	20	machine:a part: every	S1-A,S1-D,S2-UA,S3-CON,S3-SYS,S3-UNIT	S1-D	8		
exceptionRow	exceptionTaskGroup	identifier	?	8	2	13		S3-UNIT	S3-UNIT	0		
exemptRows	exemptTaskGroups	identifier	?	8	1	4		S3-UNIT	S3-UNIT	0		
expectTheColourRowsLineUp	expectTheColourRowsLineUp	identifier	b	8	1	3	machine:b part: line	S3-SYS	S3-SYS	0		
expectTheControlsEndTheRow	expectTheControlsEndTheTaskGroup	identifier	a	8	1	4	machine:a part: controls	S3-UNIT	S3-UNIT	0		
expectedRows	expectedTaskGroups	identifier	?	8	1	4		S3-UNIT	S3-UNIT	0		
extensionOfRow	extensionOfTaskGroup	identifier	?	8	1	5		S3-CON	S3-CON	0		
faceRowOf	faceTaskGroupOf	identifier	?	8	1	2		S3-CON	S3-CON	0		
fadeRow	fadeTaskGroup	identifier	?	8	1	2		S3-CON	S3-CON	0		
farRowRevealWrites	farTaskGroupRevealWrites	identifier	?	8	1	2		S2-UA	S2-UA	0		
fieldRow	fieldRow	identifier	b	8	9	80	machine:section 4 list	S1-D,S2-FW,S2-UA,S3-CON	S1-D	10		
fieldRowOf	fieldRowOf	identifier	b	8	1	6	machine:b part: field	S3-CON	S3-CON	0		
fig-hit-stacked-row	fig-hit-stacked-task-group	file	a	8	2	5	machine:a part: hit	S1-B,S2-TL	S1-B	1		
fileBearingOutDirectionRows	fileBearingOutDirectionTaskGroups	identifier	?	8	1	8		S3-UNIT	S3-UNIT	0		
fillRowOf	fillTaskGroupOf	identifier	?	8	1	19		S3-CON	S3-CON	0		
fillRowTitleTree	fillTaskGroupTitleTree	identifier	a	4	4	9	machine:rule 4	S2-FW,S3-CON,S3-UNIT	S2-FW	0		
filteredSearchRows	filteredSearchRows	identifier	b	8	4	28	machine:b part: search	S2-UA,S3-CON,S3-UNIT	S2-UA	0		
filteredTableRows	filteredTableRows	identifier	b	8	2	5	machine:b part: table	S2-UA	S2-UA	0		
findingRows	findingTaskGroups	identifier	?	8	2	11		S3-CON,S3-UNIT	S3-UNIT	0		
findingRowsOf	findingTaskGroupsOf	identifier	?	8	1	3		S3-CON	S3-CON	0		
finestRowTicksOf	finestTaskGroupTicksOf	identifier	?	8	1	5		S3-SYS	S3-SYS	0		
firingRows	firingTaskGroups	identifier	?	8	2	4		S3-CON	S3-CON	0		
firstRow	firstTaskGroup	json-key	?	8	10	38		S1-C,S1-D,S2-FW,S2-TL,S2-UA,S3-CON,S3-SYS	S1-D	5		
firstRowHeight	firstTaskGroupHeight	identifier	a	8	1	4	machine:a part: height	S3-UNIT	S3-UNIT	0		
firstRowId	firstRowId	identifier	b	8	1	3	machine:row id (section 4)	S2-FW	S2-FW	0		
firstRowIdOf	firstRowIdOf	identifier	b	8	1	3	machine:row id (section 4)	S2-FW	S2-FW	0		
firstRowTop	firstTaskGroupTop	identifier	a	8	1	6	machine:a part: top	S3-SYS	S3-SYS	0		
firstRowY	firstTaskGroupY	identifier	?	8	1	3		S3-UNIT	S3-UNIT	0		
fitsRowArea	fitsTaskGroupArea	identifier	a	6	1	2	machine:rule 6	S2-ENT	S2-ENT	0		
flooredRowBench	flooredTaskGroupBench	identifier	?	8	2	6		S3-CON	S3-CON	0		
focusByRow	focusByTaskGroup	identifier	?	8	1	8		S2-FW	S2-FW	0		
focusedRow	focusedTaskGroup	identifier	?	8	2	5		S3-SYS	S3-SYS	0		
foldedRowCount	foldedTaskGroupCount	identifier	a	8	7	12	machine:a part: folded	S2-FW,S2-UA,S3-UNIT	S2-UA	0		
foldedRowCountAtLevelZero	foldedTaskGroupCountAtLevelZero	identifier	a	8	1	5	machine:a part: folded	S2-UA	S2-UA	0		
foldedRowCountByGroupId	foldedTaskGroupCountByGroupId	identifier	a	8	1	7	machine:a part: folded	S2-UA	S2-UA	0		
foldedRowCountElement	foldedTaskGroupCountElement	identifier	a	8	2	4	machine:a part: folded	S2-FW	S2-FW	0		
foldedRowCountStyle	foldedTaskGroupCountStyle	identifier	a	8	1	3	machine:a part: folded	S2-FW	S2-FW	0		
foldedRowId	foldedRowId	identifier	b	8	2	11	machine:row id (section 4)	S2-ENT,S2-UA	S2-UA	0		
foldedRows	foldedTaskGroups	identifier	a	8	1	3	machine:a part: folded	S2-FW	S2-FW	0		
followRowGrab	followTaskGroupGrab	identifier	a	8	3	4	machine:a part: grab	S2-FW,S2-UA	S2-UA	0		
followedByFr052Rows	followedByFr052TaskGroups	identifier	?	8	1	3		S3-UNIT	S3-UNIT	0		
foreign_key_block_rows	foreign_key_block_task_groups	identifier	?	8	1	2		S1-D	S1-D	0		
formatOfReadableRow	formatOfReadableTaskGroup	identifier	?	8	1	2		S2-UA	S2-UA	0		
fr-019-hm-9-the-row-tree-decides-what-is-below	fr-019-hm-9-the-task-group-tree-decides-what-is-below	file	a	8	1	1	machine:a part: tree	S3-BASE	S3-BASE	0		
fr-019-no-row-for-the-annotation	fr-019-no-task-group-for-the-annotation	file	?	8	2	3		S3-BASE,S3-UNIT	S3-UNIT	0		
fr-085-double-click-a-row-name	fr-085-double-click-a-task-group-name	file	a	5	3	5	machine:rule 5	S1-C,S3-BASE,S3-UNIT	S1-C	0		
fresh-row	fresh-task-group	identifier	?	8	7	17		S3-CON,S3-UNIT	S3-UNIT	0		
freshRowId	freshRowId	identifier	b	8	1	3	machine:row id (section 4)	S2-UA	S2-UA	0		
freshRowIdOf	freshRowIdOf	identifier	b	8	1	2	machine:row id (section 4)	S2-UA	S2-UA	0		
g-row	g-task-group	identifier	?	8	1	1		S3-CON	S3-CON	0		
gaRows	gaTaskGroups	identifier	?	8	1	2		S2-TL	S2-TL	0		
gaSettingsRows	gaSettingsTaskGroups	identifier	?	8	1	2		S2-TL	S2-TL	0		
gapRightOfRowArea	gapRightOfTaskGroupArea	identifier	a	6	1	2	machine:rule 6	S2-UA	S2-UA	0		
gapRow	gapTaskGroup	identifier	a	8	1	14	machine:a part: gap	S2-FW	S2-FW	0		
gate_rows	gate_task_groups	identifier	?	8	1	5		S1-D	S1-D	0		
glyphRows	glyphTaskGroups	identifier	?	8	1	6		S2-TL	S2-TL	0		
glyphRowsIn	glyphTaskGroupsIn	identifier	?	8	1	3		S3-CON	S3-CON	0		
grabAreaRows	grabAreaTaskGroups	identifier	a	8	3	6	machine:a part: grab	S3-CON,S3-SYS,S3-UNIT	S3-UNIT	0		
grabRow	grabTaskGroup	identifier	a	8	7	26	machine:a part: grab	S2-FW,S2-UA,S3-CON,S3-UNIT	S2-UA	0		
grabRowOf	grabTaskGroupOf	identifier	a	8	4	7	machine:a part: grab	S2-UA	S2-UA	0		
grabRowRight	grabTaskGroupRight	identifier	a	8	1	2	machine:a part: grab	S3-SYS	S3-SYS	0		
grabRows	grabTaskGroups	identifier	a	8	3	9	machine:a part: grab	S3-CON,S3-UNIT	S3-CON	0		
grabSizeRowsOf	grabSizeTaskGroupsOf	identifier	a	8	1	2	machine:a part: grab	S3-UNIT	S3-UNIT	0		
grabbedRowGroupId	grabbedTaskGroupId	identifier	a	8	2	4	machine:a part: group	S2-UA	S2-UA	0		
grabbedRowReadingOf	grabbedTaskGroupReadingOf	identifier	?	8	1	2		S2-FW	S2-FW	0		
grid-auto-rows	grid-auto-rows	identifier	b	8	1	1	machine:b part: grid	S2-FW	S2-FW	0		
grid-row	grid-row	identifier	b	8	2	10	machine:section 4 list	S2-FW,S3-UNIT	S2-FW	0		
grid-template-rows	grid-template-rows	identifier	b	8	1	1	machine:section 4 list	S2-FW	S2-FW	0		
groundOnADrawnRow	groundOnADrawnTaskGroup	identifier	a	8	3	9	machine:a part: drawn	S3-SYS	S3-SYS	0		
groupIdOfRowNamed	groupIdOfTaskGroupNamed	identifier	a	8	1	1	machine:a part: group	S3-SYS	S3-SYS	0		
groupIdsWithAnUnplacedRowBelow	groupIdsWithAnUnplacedTaskGroupBelow	identifier	a	8	1	5	machine:a part: group	S2-UA	S2-UA	0		
groupRow	groupTaskGroup	identifier	a	8	1	3	machine:a part: group	S3-UNIT	S3-UNIT	0		
halfRow	halfTaskGroup	identifier	?	8	1	2		S3-UNIT	S3-UNIT	0		
handedOverRows	handedOverTaskGroups	identifier	?	8	1	2		S3-UNIT	S3-UNIT	0		
hasAHiddenTopRow	hasAHiddenTopTaskGroup	identifier	a	8	1	2	machine:a part: top	S2-UA	S2-UA	0		
hasPinnedRows	hasPinnedTaskGroups	identifier	a	8	1	3	machine:a part: pinned	S2-UA	S2-UA	0		
hashRow	hashTaskGroup	identifier	?	8	1	3		S3-SYS	S3-SYS	0		
headFoldedRowCountRight	headFoldedTaskGroupCountRight	identifier	a	8	2	4	machine:a part: folded	S2-FW	S2-FW	0		
headFoldedRows	headFoldedTaskGroups	identifier	a	8	1	3	machine:a part: folded	S2-FW	S2-FW	0		
headOfRowTree	headOfTaskGroupTree	identifier	a	8	1	2	machine:a part: tree	S3-UNIT	S3-UNIT	0		
headRow	headTaskGroup	identifier	?	8	1	7		S3-SYS	S3-SYS	0		
headerLastRow	headerLastTaskGroup	identifier	?	8	1	3		S3-UNIT	S3-UNIT	0		
header_rows	header_task_groups	identifier	?	8	1	3		S1-D	S1-D	0		
headingRowCommands	headingRowCommands	identifier	b	8	1	3	machine:b part: commands	S2-FW	S2-FW	0		
headingRowOf	headingTaskGroupOf	identifier	?	8	1	4		S3-UNIT	S3-UNIT	0		
heldRow	heldTaskGroup	identifier	a	8	7	16	machine:a part: held	S2-ENT,S2-FW,S2-UA,S3-CON	S2-UA	0		
heldRows	heldTaskGroups	identifier	a	8	2	5	machine:a part: held	S2-FW,S2-UA	S2-FW	0		
helpMouseRows	helpMouseRows	identifier	b	8	1	2	machine:b part: help	S3-SYS	S3-SYS	0		
helpRow	helpRow	identifier	b	8	1	3	machine:b part: help	S3-UNIT	S3-UNIT	0		
helpTitleRow	helpTitleRow	identifier	b	8	2	6	machine:b part: help	S2-FW,S3-CON	S2-FW	0		
hfRow	hfTaskGroup	identifier	?	8	1	4		S3-UNIT	S3-UNIT	0		
highlightBoxPointerRowOf	highlightBoxPointerTaskGroupOf	identifier	?	8	1	2		S2-FW	S2-FW	0		
highlightBoxRows	highlightBoxTaskGroups	identifier	?	8	1	2		S2-UA	S2-UA	0		
highlightRowSpanOf	highlightTaskGroupSpanOf	identifier	?	8	3	6		S2-UA,S3-BASE	S2-UA	0		
highlightRows	highlightTaskGroups	identifier	?	8	1	6		S3-CON	S3-CON	0		
holdWithItsRow	holdWithItsTaskGroup	identifier	?	8	1	2		S2-FW	S2-FW	0		
holdsRow	holdsTaskGroup	identifier	?	8	1	2		S3-UNIT	S3-UNIT	0		
holdsTheRequiredRow	holdsTheRequiredTaskGroup	identifier	?	8	1	6		S3-UNIT	S3-UNIT	0		
hoverRow	hoverTaskGroup	identifier	?	8	2	6		S2-TL	S2-TL	0		
iconRow	iconRow	identifier	b	8	1	5	machine:b part: icon	S2-FW	S2-FW	0		
iconRowId	iconRowId	json-key	b	8	1	1	machine:row id (section 4)	S1-D	S1-D	15		
iconRowOf	iconRowOf	identifier	b	8	1	3	machine:b part: icon	S2-FW	S2-FW	0		
iconRowUnderPointer	iconRowUnderPointer	identifier	b	8	4	6	machine:b part: icon	S2-FW,S2-UA,S3-UNIT	S2-UA	0		
iface_rows	iface_task_groups	identifier	?	8	1	3		S2-TL	S2-TL	0		
inDirectionRows	inDirectionTaskGroups	identifier	?	8	1	2		S3-UNIT	S3-UNIT	0		
inRow	inTaskGroup	identifier	?	8	3	8		S3-CON,S3-UNIT	S3-UNIT	0		
inRowB	inTaskGroupB	identifier	?	8	1	3		S3-CON	S3-CON	0		
in_row	in_task_group	identifier	?	8	2	9		S2-TL	S2-TL	0		
inheritedRowOf	inheritedTaskGroupOf	identifier	?	8	2	5		S3-CON	S3-CON	0		
inter-row	inter-task-group	identifier	?	8	1	1		S3-BASE	S3-BASE	0		
interface_row	interface_task_group	identifier	?	8	1	2		S1-D	S1-D	0		
intoChosenRow	intoChosenTaskGroup	identifier	a	8	1	11	machine:a part: chosen	S3-SYS	S3-SYS	0		
intra-row	intra-task-group	identifier	?	8	1	1		S2-TL	S2-TL	0		
invariantRows	invariantRows	identifier	b	8	2	4	machine:b part: invariant	S3-CON	S3-CON	0		
invariant_rows	invariant_rows	identifier	b	8	2	4	machine:b part: invariant	S1-D	S1-D	0		
isARowOfTheShallowestLevelDrawn	isATaskGroupOfTheShallowestLevelDrawn	identifier	a	8	1	2	machine:a part: drawn	S2-UA	S2-UA	0		
isAcrossInRowArea	isAcrossInTaskGroupArea	identifier	a	6	2	5	machine:rule 6	S2-ENT,S2-UA	S2-ENT	0		
isAnyRowUnplaced	isAnyTaskGroupUnplaced	identifier	?	8	1	3		S2-UA	S2-UA	0		
isBelowPressedRow	isBelowPressedTaskGroup	identifier	a	8	3	24	machine:a part: pressed	S1-D,S2-UA,S3-CON	S1-D	11		
isBelowRow	isBelowTaskGroup	identifier	?	8	1	3		S2-UA	S2-UA	0		
isBlockedByPinnedRows	isBlockedByPinnedTaskGroups	identifier	a	8	5	13	machine:a part: pinned	S2-FW,S2-UA,S3-CON	S2-UA	0		
isBooleanRow	isBooleanTaskGroup	identifier	?	8	1	3		S3-UNIT	S3-UNIT	0		
isCarriedRow	isCarriedRow	identifier	b	8	1	2	machine:b part: carried	S2-UA	S2-UA	0		
isChildOfPressedRow	isChildOfPressedTaskGroup	identifier	a	8	3	4	machine:a part: child	S1-D,S2-UA,S3-CON	S1-D	1		
isDownInRowPlace	isDownInTaskGroupPlace	identifier	?	8	2	4		S2-ENT,S2-UA	S2-ENT	0		
isEveryRowOpenArmed	isEveryTaskGroupOpenArmed	identifier	a	8	3	5	machine:a part: every	S2-UA,S3-BASE	S2-UA	0		
isHiddenRow	isHiddenTaskGroup	identifier	?	8	1	10		S3-UNIT	S3-UNIT	0		
isInRowArea	isInTaskGroupArea	identifier	a	6	1	3	machine:rule 6	S3-CON	S3-CON	0		
isLeafRow	isLeafTaskGroup	identifier	a	8	4	25	machine:a part: leaf	S1-D,S2-TL,S2-UA,S3-CON	S1-D	10		
isOnRowArea	isOnTaskGroupArea	identifier	a	6	3	7	machine:rule 6	S2-UA	S2-UA	0		
isPressedRow	isPressedTaskGroup	identifier	a	8	5	34	machine:a part: pressed	S1-D,S2-TL,S2-UA,S3-CON	S1-D	14		
isRevealedRowOrAncestor	isRevealedTaskGroupOrAncestor	identifier	a	8	3	12	machine:a part: revealed	S1-D,S2-UA,S3-CON	S1-D	4		
isRowChoiceSpentBy	isTaskGroupChoiceSpentBy	identifier	?	8	1	2		S2-FW	S2-FW	0		
isRowEntranceArmed	isTaskGroupEntranceArmed	identifier	?	8	4	12		S3-SYS	S3-SYS	0		
isRowGrabStrip	isTaskGroupGrabStrip	identifier	a	8	9	11	machine:a part: grab	S1-D,S2-FW,S2-UA,S3-CON,S3-UNIT	S1-D	1		
isRowPick	isTaskGroupPick	identifier	?	8	2	4		S2-FW,S2-UA	S2-UA	0		
isRowUnder	isTaskGroupUnder	identifier	?	8	1	2		S2-UA	S2-UA	0		
isRowZoomAtLowerEnd	isVerticalZoomAtLowerEnd	identifier	a	7	1	3	machine:rule 7	S2-UA	S2-UA	0		
isRowZoomEndShown	isVerticalZoomEndShown	identifier	a	7	1	3	machine:rule 7	S2-FW	S2-FW	0		
isRowZoomKey	isVerticalZoomKey	identifier	a	7	1	3	machine:rule 7	S2-UA	S2-UA	0		
isScheduleColourRow	isScheduleColourRow	identifier	b	8	4	7	machine:section 4 list	S1-D,S2-FW,S2-UA	S1-D	3		
isShownOnAnotherRow	isShownOnAnotherTaskGroup	identifier	a	8	14	19	machine:a part: shown	S2-FW,S2-UA,S3-CON,S3-UNIT	S2-UA	0		
isSpecRow	isSpecRow	identifier	b	8	1	2	machine:b part: spec	S3-CON	S3-CON	0		
isTaskWidthRow	isTaskWidthTaskGroup	identifier	?	8	1	2		S3-UNIT	S3-UNIT	0		
isTopLevelRow	isTopLevelTaskGroup	identifier	a	8	3	4	machine:a part: top	S1-D,S2-UA,S3-CON	S1-D	1		
isWbsParentArmed	isParentTaskArmed	identifier	a	1	1	3	machine:rule 1 / JDG-1727	S2-FW	S2-FW	0		
isWbsParentLinksShown	isParentTaskLinksShown	identifier	a	1	5	14	machine:rule 1 / JDG-1727	S2-FW,S2-UA,S3-UNIT	S2-UA	0		
itemRowsOf	itemTaskGroupsOf	identifier	?	8	1	2		S3-CON	S3-CON	0		
jointRow	jointTaskGroup	identifier	?	8	1	11		S2-FW	S2-FW	0		
jointRowOf	jointTaskGroupOf	identifier	?	8	1	2		S2-FW	S2-FW	0		
keyOfRow	keyOfTaskGroup	identifier	?	8	14	42		S3-CON,S3-UNIT	S3-CON	0		
keyRowOf	keyTaskGroupOf	identifier	?	8	1	4		S3-CON	S3-CON	0		
keyRowsOnTheirOwn	keyTaskGroupsOnTheirOwn	identifier	?	8	1	3		S3-CON	S3-CON	0		
keyRowsWithoutEntrance	keyTaskGroupsWithoutEntrance	identifier	?	8	1	3		S3-CON	S3-CON	0		
keyedRows	keyedRows	identifier	b	8	1	5	machine:b part: keyed	S2-UA	S2-UA	0		
keyedShortcutRows	keyedShortcutRows	identifier	b	8	1	3	machine:b part: keyed	S3-SYS	S3-SYS	0		
keys_by_row	keys_by_task_group	identifier	?	8	1	2		S1-D	S1-D	0		
knownRowIds	knownRowIds	identifier	b	8	1	2	machine:row id (section 4)	S3-SYS	S3-SYS	0		
lastRow	lastTaskGroup	identifier	?	8	1	3		S2-UA	S2-UA	0		
lastRowBottom	lastTaskGroupBottom	identifier	?	8	1	2		S2-FW	S2-FW	0		
lastRowReserveOf	lastTaskGroupReserveOf	identifier	?	8	1	2		S2-ENT	S2-ENT	0		
layoutRowsAtPress	layoutRowsAtPress	identifier	b	8	3	4	machine:b part: press	S2-FW,S2-UA	S2-UA	0		
leavesRowArea	leavesTaskGroupArea	identifier	a	6	2	4	machine:rule 6	S2-FW	S2-FW	0		
liftedRows	liftedTaskGroups	identifier	?	8	2	3		S2-ENT	S2-ENT	0		
lineRow	lineRow	identifier	b	8	1	2	machine:b part: line	S2-FW	S2-FW	0		
loadSettingsRows	loadSettingsTaskGroups	identifier	?	8	1	3		S2-TL	S2-TL	0		
looseRows	looseTaskGroups	identifier	?	8	1	2		S3-UNIT	S3-UNIT	0		
lostRows	lostTaskGroups	identifier	a	8	1	6	machine:a part: lost	S2-UA	S2-UA	0		
machineRows	machineTaskGroups	identifier	?	8	3	7		S3-CON	S3-CON	0		
madeRow	madeTaskGroup	identifier	?	8	1	2		S2-FW	S2-FW	0		
manuscriptRow	manuscriptTaskGroup	identifier	?	8	1	3		S3-UNIT	S3-UNIT	0		
manuscriptRowOf	manuscriptTaskGroupOf	identifier	?	8	1	4		S3-CON	S3-CON	0		
manuscriptRowWord	manuscriptTaskGroupWord	identifier	?	8	1	3		S3-UNIT	S3-UNIT	0		
manuscript_rows	manuscript_task_groups	identifier	?	8	1	2		S2-TL	S2-TL	0		
manyRows	manyTaskGroups	identifier	?	8	3	14		S3-CON,S3-UNIT	S3-UNIT	0		
markFoldedRowCount	markFoldedTaskGroupCount	identifier	a	8	2	3	machine:a part: folded	S2-FW	S2-FW	0		
markdown_row	markdown_task_group	identifier	?	8	1	3		S1-D	S1-D	0		
markerPullRow	markerPullRow	identifier	b	8	1	2	machine:b part: marker	S2-UA	S2-UA	0		
measureRows	measureTaskGroups	identifier	?	8	1	3		S3-SYS	S3-SYS	0		
minHeightRowOf	minHeightTaskGroupOf	identifier	a	8	1	7	machine:a part: min	S3-CON	S3-CON	0		
modalTitleRow	modalTitleRow	identifier	b	8	1	2	machine:b part: modal	S2-FW	S2-FW	0		
move_rows	move_task_groups	identifier	?	8	1	1		S1-C	S1-C	0		
msOfRow	msOfTaskGroup	identifier	?	8	1	2		S3-SYS	S3-SYS	0		
mspdi-imported-rows	mspdi-imported-task-groups	file	a	8	2	4	machine:a part: imported	S1-C,S2-UA	S1-C	0		
multilineRows	multilineTaskGroups	identifier	?	8	1	3		S2-FW	S2-FW	0		
nameOfRow	nameOfTaskGroup	identifier	a	8	1	3	machine:a part: name	S2-ENT	S2-ENT	0		
namesTheSameRow	namesTheSameTaskGroup	identifier	a	8	1	3	machine:a part: names	S3-SYS	S3-SYS	0		
nearestDrawnRowBoundary	nearestDrawnTaskGroupBoundary	identifier	a	8	1	2	machine:a part: drawn	S2-UA	S2-UA	0		
nested_rows	nested_task_groups	identifier	?	8	1	2		S1-D	S1-D	0		
newRowSince	newTaskGroupSince	identifier	?	8	1	4		S3-UNIT	S3-UNIT	0		
newRows	newTaskGroups	identifier	?	8	1	3		S3-CON	S3-CON	0		
nextRowPictureZoomYOf	nextTaskGroupPictureZoomYOf	identifier	a	8	1	2	machine:a part: zoom	S2-UA	S2-UA	0		
nextRowY	nextTaskGroupY	identifier	?	8	1	2		S3-SYS	S3-SYS	0		
no-such-row	no-such-task-group	identifier	?	8	2	2		S3-CON,S3-UNIT	S3-UNIT	0		
noFoldedRowAtAll	noFoldedTaskGroupAtAll	identifier	a	8	3	4	machine:a part: folded	S2-FW,S2-UA	S2-UA	0		
noFoldedRowBelow	noFoldedTaskGroupBelow	identifier	a	8	3	4	machine:a part: folded	S2-FW,S2-UA	S2-UA	0		
noRowToPutTheAnnotationOn	noTaskGroupToPutTheAnnotationOn	identifier	?	8	4	6		S2-FW,S2-UA	S2-UA	0		
noUnfoldedRowAtAll	noUnfoldedTaskGroupAtAll	identifier	a	8	3	4	machine:a part: unfolded	S2-FW,S2-UA	S2-UA	0		
noUnfoldedRowBelow	noUnfoldedTaskGroupBelow	identifier	a	8	3	4	machine:a part: unfolded	S2-FW,S2-UA	S2-UA	0		
noticesFirstRow	noticesFirstRow	identifier	b	8	1	3	machine:b part: notices	S3-UNIT	S3-UNIT	0		
nullRow	nullTaskGroup	identifier	?	8	1	7		S2-UA	S2-UA	0		
numberOfRow	numberOfTaskGroup	identifier	?	8	1	2		S3-SYS	S3-SYS	0		
ofThemeRow	ofThemeTaskGroup	identifier	?	8	1	3		S3-SYS	S3-SYS	0		
offRow	offTaskGroup	identifier	?	8	1	2		S3-UNIT	S3-UNIT	0		
omission_rows	omission_task_groups	identifier	?	8	1	2		S2-TL	S2-TL	0		
onCreatedRowSelected	onCreatedTaskGroupSelected	identifier	a	8	1	2	machine:a part: created	S2-UA	S2-UA	0		
onRow	onTaskGroup	identifier	?	8	2	28		S3-UNIT	S3-UNIT	0		
onRowControlsHeightPx	onTaskGroupControlsHeightPx	identifier	a	8	3	4	machine:a part: controls	S2-FW	S2-FW	0		
onRowGrabAxisSettled	onTaskGroupGrabAxisSettled	identifier	a	8	1	2	machine:a part: grab	S2-UA	S2-UA	0		
onRowsPicked	onTaskGroupsPicked	identifier	a	8	1	2	machine:a part: picked	S2-UA	S2-UA	0		
onTheRow	onTheTaskGroup	identifier	?	8	2	5		S3-UNIT	S3-UNIT	0		
one-row	one-task-group	identifier	?	8	4	4		S2-ENT,S3-BASE,S3-CON,S3-UNIT	S2-ENT	0		
oneLiveRow	oneLiveTaskGroup	identifier	?	8	1	25		S3-UNIT	S3-UNIT	0		
oneRow	oneTaskGroup	identifier	?	8	2	13		S3-CON,S3-UNIT	S3-UNIT	0		
oneRowDocument	oneTaskGroupDocument	identifier	?	8	7	22		S3-CON,S3-UNIT	S3-CON	0		
oneRowTaller	oneTaskGroupTaller	identifier	?	8	1	3		S3-CON	S3-CON	0		
onlyRow	onlyTaskGroup	identifier	?	8	1	4		S3-SYS	S3-SYS	0		
onlyRowOf	onlyTaskGroupOf	identifier	?	8	1	2		S3-CON	S3-CON	0		
openChooserRows	openChooserTaskGroups	identifier	?	8	1	2		S2-FW	S2-FW	0		
openEveryRow	openEveryTaskGroup	identifier	a	8	2	6	machine:a part: every	S2-FW	S2-FW	0		
openPanelOnRow	openPanelOnTaskGroup	identifier	a	8	1	6	machine:a part: panel	S3-SYS	S3-SYS	0		
openRow	openTaskGroup	identifier	?	8	2	6		S3-CON	S3-CON	0		
openSurfaceRowsIn	openSurfaceTaskGroupsIn	identifier	?	8	1	4		S3-CON	S3-CON	0		
open_rows	open_task_groups	identifier	?	8	1	2		S2-TL	S2-TL	0		
ours_rows	ours_task_groups	identifier	?	8	1	4		S2-TL	S2-TL	0		
outDirectionRows	outDirectionTaskGroups	identifier	?	8	1	6		S3-UNIT	S3-UNIT	0		
outRow	outTaskGroup	identifier	?	8	1	4		S3-CON	S3-CON	0		
ownRow	ownTaskGroup	identifier	?	8	1	2		S3-CON	S3-CON	0		
palette_rows	palette_rows	identifier	b	8	1	4	machine:b part: palette	S1-D	S1-D	0		
panelRows	panelTaskGroups	identifier	a	8	2	5	machine:a part: panel	S3-CON,S3-SYS	S3-CON	0		
panel_rows	panel_task_groups	identifier	a	8	1	3	machine:a part: panel	S1-D	S1-D	0		
parentRow	parentTaskGroup	identifier	?	8	1	2		S2-UA	S2-UA	0		
pasteTaskSubtree	pasteTasks	api	a	2.4	14	32	JDG-1727	S1-C,S2-FW,S2-UA,S3-CON,S3-UNIT	S1-C	0		
per-row	per-task-group	identifier	?	8	2	2		S3-CON,S3-UNIT	S3-UNIT	0		
perRow	perTaskGroup	identifier	?	8	1	5		S3-UNIT	S3-UNIT	0		
perRowCap	perTaskGroupCap	identifier	?	8	1	2		S2-FW	S2-FW	0		
per_row	per_task_group	identifier	?	8	1	3		S1-D	S1-D	0		
piRow	piTaskGroup	identifier	?	8	1	2		S3-UNIT	S3-UNIT	0		
pickRow	pickTaskGroup	identifier	?	8	3	12		S3-CON,S3-UNIT	S3-CON	0		
pickRowOf	pickTaskGroupOf	identifier	?	8	1	2		S2-UA	S2-UA	0		
pickedRows	pickedTaskGroups	identifier	a	8	2	9	machine:a part: picked	S3-CON	S3-CON	0		
pickedTaskRowId	pickedTaskRowId	identifier	b	8	1	4	machine:row id (section 4)	S3-SYS	S3-SYS	0		
pinnedRow	pinnedTaskGroup	identifier	a	8	4	8	machine:a part: pinned	S2-FW,S3-CON	S2-FW	0		
pinnedRowMax	pinnedTaskGroupMax	identifier	a	8	11	14	machine:a part: pinned	S1-C,S1-D,S2-ENT,S2-TL,S2-UA,S3-UNIT	S1-D	4		
placedRowGroupIds	placedTaskGroupIds	identifier	a	8	3	3	machine:a part: placed	S2-FW,S2-UA	S2-UA	0		
placedRowIdsOf	placedRowIdsOf	identifier	b	8	2	6	machine:row id (section 4)	S2-UA	S2-UA	0		
placedRows	placedTaskGroups	identifier	a	8	5	18	machine:a part: placed	S2-FW,S2-UA,S3-CON	S2-UA	0		
planRowOf	planTaskGroupOf	identifier	?	8	1	3		S3-SYS	S3-SYS	0		
pointed_row	pointed_task_group	identifier	?	8	1	2		S1-D	S1-D	0		
pointerRowFor	pointerTaskGroupFor	identifier	?	8	2	14		S3-CON,S3-UNIT	S3-CON	0		
pointerRowOf	pointerTaskGroupOf	identifier	?	8	7	28		S2-FW,S3-CON,S3-UNIT	S2-FW	0		
predecessorOnlySameRow	predecessorOnlySameTaskGroup	identifier	?	8	1	3		S3-UNIT	S3-UNIT	0		
pressEntranceInRow	pressEntranceInRow	identifier	b	8	2	5	machine:b part: press	S3-SYS	S3-SYS	0		
pressRow	pressRow	identifier	b	8	37	115	machine:b part: press	S1-C,S1-D,S2-FW,S2-TL,S2-UA,S3-CON,S3-UNIT	S1-D	3		
pressRowControl	pressRowControl	identifier	b	8	4	10	machine:b part: press	S3-SYS	S3-SYS	0		
pressRowEntrance	pressRowEntrance	identifier	b	8	4	26	machine:b part: press	S3-SYS	S3-SYS	0		
pressRowOf	pressRowOf	identifier	b	8	13	29	machine:b part: press	S1-D,S2-FW,S2-UA,S3-CON,S3-UNIT	S1-D	1		
pressedRowId	pressedRowId	identifier	b	8	5	34	machine:row id (section 4)	S1-D,S2-UA,S3-CON	S1-D	5		
printedByRow	printedByTaskGroup	identifier	?	8	1	2		S3-SYS	S3-SYS	0		
printedRows	printedTaskGroups	identifier	?	8	1	3		S3-CON	S3-CON	0		
profileRows	profileRows	identifier	b	8	1	6	machine:b part: profile	S2-UA	S2-UA	0		
propertyRowOf	propertyTaskGroupOf	identifier	?	8	1	2		S3-SYS	S3-SYS	0		
questionRow	questionTaskGroup	identifier	?	8	1	30		S3-UNIT	S3-UNIT	0		
raisedRowId	raisedRowId	identifier	b	8	1	5	machine:row id (section 4)	S3-UNIT	S3-UNIT	0		
rankInRowTree	rankInTaskGroupTree	identifier	a	8	1	4	machine:a part: tree	S3-SYS	S3-SYS	0		
ratioRow	ratioTaskGroup	identifier	?	8	1	3		S2-UA	S2-UA	0		
reachesTheRowsRightEdge	reachesTheTaskGroupsRightEdge	identifier	?	8	1	3		S3-UNIT	S3-UNIT	0		
readDocumentRowIds	readDocumentRowIds	identifier	b	8	1	6	machine:row id (section 4)	S3-SYS	S3-SYS	0		
readDrawnRowNames	readDrawnTaskGroupNames	identifier	a	5	1	3	machine:rule 5	S3-SYS	S3-SYS	0		
readRowNameSettings	readTaskGroupNameSettings	identifier	a	5	1	2	machine:rule 5	S3-SYS	S3-SYS	0		
readSearchRows	readSearchRows	identifier	b		13	34	CR-708 2.4 (search table row)	S1-C,S1-D,S2-UA,S3-CON,S3-SYS,S3-UNIT	S1-D	2		
readSearchRowsOf	readSearchRowsOf	identifier	b	8	1	3	machine:b part: search	S3-CON	S3-CON	0		
read_rows	read_task_groups	identifier	?	8	1	8		S2-TL	S2-TL	0		
reasonRow	reasonTaskGroup	json-key	?	8	3	14		S1-D,S3-CON,S3-UNIT	S1-D	0		
regionsClosedUnderRowArea	regionsClosedUnderTaskGroupArea	identifier	a	6	1	2	machine:rule 6	S2-FW	S2-FW	0		
releaseRow	releaseTaskGroup	identifier	?	8	1	5		S2-UA	S2-UA	0		
reportRowControlsHeight	reportRowControlsHeight	identifier	b	8	2	4	machine:b part: report	S2-FW	S2-FW	0		
report_row	report_row	identifier	b	8	1	2	machine:b part: report	S2-TL	S2-TL	0		
resetCellOfRow	resetCellOfRow	identifier	b	8	1	4	machine:b part: cell	S3-UNIT	S3-UNIT	0		
revealRow	revealTaskGroup	identifier	?	8	2	4		S3-SYS	S3-SYS	0		
revealedRowId	revealedRowId	identifier	b	8	5	16	machine:row id (section 4)	S1-D,S2-UA,S3-CON	S1-D	1		
rootRows	rootTaskGroups	identifier	?	8	4	9		S2-UA,S3-CON,S3-UNIT	S2-UA	0		
rosterRow	rosterRow	identifier	b	8	2	5	machine:b part: roster	S3-CON,S3-UNIT	S3-UNIT	0		
roster_rows	roster_rows	identifier	b	8	1	2	machine:b part: roster	S1-D	S1-D	0		
row$	taskGroup$	identifier	?	8	1	1		S3-UNIT	S3-UNIT	0		
row-1	task-group-1	identifier	?	8	11	28		S3-CON,S3-UNIT	S3-CON	0		
row-1-1	task-group-1-1	identifier	?	8	2	2		S3-CON	S3-CON	0		
row-1-2	task-group-1-2	identifier	?	8	2	2		S3-CON	S3-CON	0		
row-2	task-group-2	identifier	?	8	9	23		S3-CON,S3-UNIT	S3-CON	0		
row-20	task-group-20	identifier	?	8	2	2		S3-CON	S3-CON	0		
row-3	task-group-3	identifier	?	8	3	14		S3-CON,S3-UNIT	S3-CON	0		
row-ID	row-ID	identifier	b	8	11	12	machine:row id (section 4)	S1-D,S2-TL,S2-UA,S3-CON,S3-SYS	S1-D	0		
row-a	task-group-a	identifier	?	8	4	7		S3-CON,S3-UNIT	S3-UNIT	0		
row-add	task-group-add	identifier	?	8	1	1		S3-UNIT	S3-UNIT	0		
row-axis	vertical-axis	identifier	a	7	7	12	machine:rule 7	S2-FW,S2-UA,S3-CON,S3-SYS,S3-UNIT	S2-FW	0		
row-b	task-group-b	identifier	?	8	4	14		S3-CON,S3-UNIT	S3-CON	0		
row-band	task-group-band	identifier	a	8	2	2	machine:a part: band	S1-D	S1-D	0		
row-band-ceiling-cache	task-group-band-ceiling-cache	file	a	8	3	5	machine:a part: band	S1-C,S2-FW,S3-BASE	S1-C	0		
row-belongs-to-table	row-belongs-to-table	identifier	b	8	1	1	machine:b part: table	S2-TL	S2-TL	0		
row-boundary	task-group-boundary	identifier	?	8	2	6		S3-CON,S3-SYS	S3-SYS	0		
row-by-row	task-group-by-task-group	identifier	?	8	2	2		S3-UNIT	S3-UNIT	0		
row-c	task-group-c	identifier	?	8	1	1		S3-CON	S3-CON	0		
row-child	task-group-child	identifier	a	8	1	1	machine:a part: child	S3-CON	S3-CON	0		
row-control	task-group-control	identifier	a	8	1	1	machine:a part: control	S1-D	S1-D	0		
row-controls	task-group-controls	identifier	a	8	4	4	machine:a part: controls	S1-C,S1-D,S2-TL	S1-D	1		
row-controls-press-all	row-controls-press-all	file	b	8	3	3	machine:b part: press	S1-C,S2-TL	S1-C	0		
row-controls-sample	task-group-controls-sample	identifier	a	8	4	5	machine:a part: controls	S1-C,S1-D,S2-TL	S1-D	2		
row-copy	task-group-copy	identifier	?	8	1	1		S3-UNIT	S3-UNIT	0		
row-d	task-group-d	identifier	?	8	1	1		S3-CON	S3-CON	0		
row-d-copy	task-group-d-copy	identifier	?	8	1	1		S3-CON	S3-CON	0		
row-deep	task-group-deep	identifier	?	8	1	1		S3-CON	S3-CON	0		
row-fold	task-group-fold	identifier	a	8	1	1	machine:a part: fold	S3-BASE	S3-BASE	0		
row-fresh	task-group-fresh	identifier	?	8	1	1		S3-CON	S3-CON	0		
row-gap	row-gap	identifier	b	8	2	5	machine:section 4 list	S2-FW,S3-UNIT	S2-FW	0		
row-grab	task-group-grab	file	a	8	4	5	machine:a part: grab	S1-C,S2-UA,S3-BASE	S1-C	0		
row-height	task-group-height	identifier	a	8	1	1	machine:a part: height	S3-BASE	S3-BASE	0		
row-id	row-id	identifier	b	8	4	5	machine:section 4 list	S1-D,S2-TL	S1-D	0		
row-id-prefixes	row-id-prefixes	file	b	8	9	17	machine:section 4 list	S1-C,S1-D,S2-TL	S1-D	2		
row-inner	task-group-inner	identifier	?	8	1	1		S3-CON	S3-CON	0		
row-m	task-group-m	identifier	?	8	1	1		S3-CON	S3-CON	0		
row-minted-outside	task-group-minted-outside	identifier	?	8	19	20		S3-CON,S3-UNIT	S3-UNIT	0		
row-name	task-group-name	identifier	a	5	5	7	machine:rule 5	S3-CON,S3-SYS,S3-UNIT	S3-UNIT	0		
row-name-font	task-group-name-font	file	a	5	8	8	machine:rule 5	S3-BASE,S3-CON,S3-UNIT	S3-UNIT	0		
row-names	task-group-names	file	a	5	3	4	machine:rule 5	S1-C,S2-ENT	S1-C	0		
row-other	task-group-other	identifier	?	8	1	1		S3-CON	S3-CON	0		
row-owning	task-group-owning	identifier	?	8	1	1		S3-UNIT	S3-UNIT	0		
row-p	task-group-p	identifier	?	8	1	1		S3-CON	S3-CON	0		
row-p-copy	task-group-p-copy	identifier	?	8	1	1		S3-CON	S3-CON	0		
row-parent	task-group-parent	identifier	?	8	1	1		S3-CON	S3-CON	0		
row-q	task-group-q	identifier	?	8	1	1		S3-CON	S3-CON	0		
row-reverse	row-reverse	identifier	b	8	1	1	machine:section 4 list	S3-CON	S3-CON	0		
row-root	task-group-root	identifier	?	8	1	1		S3-CON	S3-CON	0		
row-scroll	task-group-scroll	file	a	8	4	6	machine:a part: scroll	S1-C,S2-ENT,S2-UA,S3-BASE	S1-C	0		
row-title	task-group-title	identifier	a	4	2	2	machine:rule 4	S3-CON,S3-UNIT	S3-UNIT	0		
row-title-panel	task-group-panel	file	a	2	11	18	machine:rule 2	S1-C,S1-D,S2-TL,S2-UA,S3-BASE,S3-CON	S1-D	0		
row-title-panel-drawing	task-group-panel-drawing	file	a	2	6	6	machine:rule 2	S1-C,S1-D,S2-FW,S3-BASE,S3-CON,S3-UNIT	S1-D	0		
row-to-row	task-group-to-task-group	identifier	?	8	1	1		S1-D	S1-D	0		
row-top	task-group-top	identifier	a	8	3	4	machine:a part: top	S3-CON	S3-CON	0		
row-tree	task-group-tree	identifier	a	8	2	2	machine:a part: tree	S2-UA,S3-CON	S2-UA	0		
row-tree-entrances	task-group-tree-entrances	file	a	8	6	9	machine:a part: tree	S1-C,S2-UA,S3-BASE	S1-C	0		
row-x	task-group-x	identifier	?	8	1	1		S3-CON	S3-CON	0		
row-zoom	vertical-zoom	identifier	a	7	3	5	machine:rule 7	S2-FW,S3-CON,S3-UNIT	S2-FW	0		
rowABefore	taskGroupABefore	identifier	?	8	1	4		S3-UNIT	S3-UNIT	0		
rowAddChild	taskGroupAddChild	identifier	a	8	3	6	machine:a part: child	S2-UA,S3-UNIT	S2-UA	0		
rowAddTopRow	taskGroupAddTopTaskGroup	identifier	a	8	1	2	machine:a part: top	S2-UA	S2-UA	0		
rowAnchorAt	taskGroupAnchorAt	identifier	?	8	4	5		S2-ENT,S2-TL,S2-UA,S3-BASE	S2-UA	0		
rowAnchorIn	taskGroupAnchorIn	identifier	?	8	6	15		S2-TL,S2-UA,S3-BASE	S2-UA	0		
rowAndAncestors	taskGroupAndAncestors	identifier	?	8	1	4		S3-SYS	S3-SYS	0		
rowArea	taskGroupArea	identifier	a	6	104	418	machine:rule 6	S1-D,S2-ENT,S2-FW,S2-UA,S3-CON,S3-SYS,S3-UNIT	S1-D	0		
rowAreaBottom	taskGroupAreaBottom	identifier	a	6	2	4	machine:rule 6	S2-ENT,S2-FW	S2-FW	0		
rowAreaHeight	taskGroupAreaHeight	identifier	a	6	6	13	machine:rule 6	S2-ENT,S3-CON,S3-UNIT	S2-ENT	0		
rowAreaOf	taskGroupAreaOf	identifier	a	6	2	15	machine:rule 6	S3-SYS,S3-UNIT	S3-UNIT	0		
rowAreaSpanOf	taskGroupAreaSpanOf	identifier	a	6	1	5	machine:rule 6	S3-SYS	S3-SYS	0		
rowAreaWidth	taskGroupAreaWidth	identifier	a	6	11	40	machine:rule 6	S2-ENT,S3-CON,S3-UNIT	S2-ENT	0		
rowAreaWidthAt	taskGroupAreaWidthAt	identifier	a	6	1	2	machine:rule 6	S2-UA	S2-UA	0		
rowAreaWidthWithoutPanels	taskGroupAreaWidthWithoutPanels	identifier	a	6	30	35	machine:rule 6	S2-FW,S2-UA,S3-CON,S3-UNIT	S2-UA	0		
rowAreaX	taskGroupAreaX	identifier	a	6	1	3	machine:rule 6	S2-ENT	S2-ENT	0		
rowAreaY	taskGroupAreaY	identifier	a	6	2	4	machine:rule 6	S2-ENT	S2-ENT	0		
rowAt	taskGroupAt	identifier	?	8	2	4		S2-TL,S3-BASE	S2-TL	0		
rowAtY	taskGroupAtY	identifier	?	8	2	5		S2-UA	S2-UA	0		
rowAxisReadingOf	verticalAxisReadingOf	identifier	a	7	1	4	machine:rule 7	S2-UA	S2-UA	0		
rowBand	taskGroupBand	identifier	a	8	2	15	machine:a part: band	S3-UNIT	S3-UNIT	0		
rowBandCeiling	taskGroupBandCeiling	identifier	a	8	3	3	machine:a part: band	S2-FW,S2-UA	S2-UA	0		
rowBandCeilingCacheOf	taskGroupBandCeilingCacheOf	identifier	a	8	3	6	machine:a part: band	S2-FW,S3-BASE	S2-FW	0		
rowBandCeilingOf	taskGroupBandCeilingOf	identifier	a	8	8	11	machine:a part: band	S1-C,S1-D,S2-FW,S2-UA,S3-UNIT	S1-D	1		
rowBandPx	taskGroupBandPx	identifier	a	8	1	3	machine:a part: band	S2-FW	S2-FW	0		
rowBands	taskGroupBands	identifier	a	8	2	2	machine:a part: bands	S1-C,S2-TL	S1-C	0		
rowBandsNow	taskGroupBandsNow	identifier	a	8	1	8	machine:a part: bands	S3-SYS	S3-SYS	0		
rowBottom	taskGroupBottom	identifier	?	8	1	3		S3-SYS	S3-SYS	0		
rowBoundary	taskGroupBoundary	identifier	?	8	1	9		S2-UA	S2-UA	0		
rowBox	taskGroupBox	identifier	?	8	3	13		S2-TL,S3-SYS	S2-TL	0		
rowBoxes	taskGroupBoxes	identifier	a	8	41	45	machine:a part: boxes	S2-FW,S2-UA,S3-CON,S3-SYS,S3-UNIT	S2-UA	0		
rowById	taskGroupById	identifier	?	8	3	21		S2-ENT,S3-SYS	S2-ENT	0		
rowByIdOf	taskGroupByIdOf	identifier	?	8	1	10		S3-SYS	S3-SYS	0		
rowCells	rowCells	identifier	b	8	5	46	machine:b part: cells	S3-CON	S3-CON	0		
rowColour	taskGroupColour	identifier	?	8	1	3		S3-UNIT	S3-UNIT	0		
rowControl	taskGroupControl	identifier	a	8	2	3	machine:a part: control	S2-FW	S2-FW	0		
rowControlBoxPx	taskGroupControlBoxPx	identifier	a	8	1	4	machine:a part: control	S2-FW	S2-FW	0		
rowControlBoxStyle	taskGroupControlBoxStyle	identifier	a	8	1	3	machine:a part: control	S2-FW	S2-FW	0		
rowControlCellStyle	rowControlCellStyle	identifier	b	8	1	7	machine:b part: cell	S2-FW	S2-FW	0		
rowControlElement	taskGroupControlElement	identifier	a	8	1	8	machine:a part: control	S2-FW	S2-FW	0		
rowControlFaintInk	taskGroupControlFaintInk	identifier	a	8	2	2	machine:a part: control	S2-FW	S2-FW	0		
rowControlGlyphGapStyle	taskGroupControlGlyphGapStyle	identifier	a	8	1	3	machine:a part: control	S2-FW	S2-FW	0		
rowControlGridStyle	rowControlGridStyle	identifier	b	8	1	5	machine:b part: grid	S2-FW	S2-FW	0		
rowControlGroundStyle	taskGroupControlGroundStyle	identifier	a	8	1	2	machine:a part: control	S2-FW	S2-FW	0		
rowControlLatticeHeightPx	taskGroupControlLatticeHeightPx	identifier	a	8	3	4	machine:a part: control	S1-D,S2-ENT	S1-D	1		
rowControlLatticePx	taskGroupControlLatticePx	identifier	a	8	1	2	machine:a part: control	S2-FW	S2-FW	0		
rowControlRight	taskGroupControlRight	identifier	a	8	2	4	machine:a part: control	S2-FW,S3-UNIT	S2-FW	0		
rowControlRightPx	taskGroupControlRightPx	identifier	a	8	1	4	machine:a part: control	S2-FW	S2-FW	0		
rowControlStepPx	taskGroupControlStepPx	identifier	a	8	1	2	machine:a part: control	S2-FW	S2-FW	0		
rowControlWidthCss	taskGroupControlWidthCss	identifier	a	8	1	2	machine:a part: control	S2-FW	S2-FW	0		
rowControls	taskGroupControls	identifier	a	8	1	2	machine:a part: controls	S2-ENT	S2-ENT	0		
rowControlsHeightPx	taskGroupControlsHeightPx	identifier	a	8	13	54	machine:a part: controls	S2-ENT,S2-FW,S2-UA,S3-UNIT	S2-FW	0		
rowControlsHeightReporter	taskGroupControlsHeightReporter	identifier	a	8	2	3	machine:a part: controls	S2-FW	S2-FW	0		
rowControlsMeasureKey	taskGroupControlsMeasureKey	identifier	a	8	2	3	machine:a part: controls	S2-FW	S2-FW	0		
rowControlsMeasuredAgainst	taskGroupControlsMeasuredAgainst	identifier	a	8	1	3	machine:a part: controls	S2-FW	S2-FW	0		
rowControlsOf	taskGroupControlsOf	identifier	a	8	1	4	machine:a part: controls	S3-UNIT	S3-UNIT	0		
rowControlsPanelDrawnAtMs	taskGroupControlsPanelDrawnAtMs	identifier	a	8	1	3	machine:a part: controls	S2-FW	S2-FW	0		
rowCount	taskGroupCount	identifier	?	8	1	3		S3-UNIT	S3-UNIT	0		
rowDefaultNumber	taskGroupDefaultNumber	identifier	?	8	1	4		S2-TL	S2-TL	0		
rowDelete	taskGroupDelete	identifier	?	8	2	3		S2-UA	S2-UA	0		
rowDeleteAll	taskGroupDeleteAll	identifier	?	8	1	2		S2-UA	S2-UA	0		
rowDeleted	taskGroupDeleted	identifier	?	8	1	2		S2-UA	S2-UA	0		
rowDepth	taskGroupDepth	identifier	a	8	4	11	machine:a part: depth	S2-UA,S3-BASE,S3-UNIT	S2-UA	0		
rowDepthByTask	taskGroupDepthByTask	identifier	a	8	1	2	machine:a part: depth	S2-ENT	S2-ENT	0		
rowDepthOf	taskGroupDepthOf	identifier	a	8	1	16	machine:a part: depth	S2-ENT	S2-ENT	0		
rowDepthOfGroup	taskGroupDepthOfGroup	identifier	a	8	3	5	machine:a part: depth	S2-UA	S2-UA	0		
rowDocument	taskGroupDocument	identifier	?	8	66	163		S3-CON,S3-UNIT	S3-CON	0		
rowElement	taskGroupElement	identifier	?	8	2	16		S3-SYS,S3-UNIT	S3-UNIT	0		
rowEntrancesOf	taskGroupEntrancesOf	identifier	?	8	1	2		S2-FW	S2-FW	0		
rowExpander	taskGroupExpander	identifier	a	8	2	7	machine:a part: expander	S2-FW	S2-FW	0		
rowExpanderClose	taskGroupExpanderClose	identifier	a	8	2	6	machine:a part: expander	S2-UA,S3-UNIT	S2-UA	0		
rowExpanderCloseAll	taskGroupExpanderCloseAll	identifier	a	8	1	2	machine:a part: expander	S2-UA	S2-UA	0		
rowExpanderCloseBelow	taskGroupExpanderCloseBelow	identifier	a	8	3	5	machine:a part: expander	S2-UA,S3-UNIT	S2-UA	0		
rowExpanderGap	taskGroupExpanderGap	identifier	a	8	1	3	machine:a part: expander	S3-UNIT	S3-UNIT	0		
rowExpanderOpen	taskGroupExpanderOpen	identifier	a	8	3	16	machine:a part: expander	S2-UA,S3-UNIT	S2-UA	0		
rowExpanderOpenAll	taskGroupExpanderOpenAll	identifier	a	8	1	2	machine:a part: expander	S2-UA	S2-UA	0		
rowExpanderOpenLevelZero	taskGroupExpanderOpenLevelZero	identifier	a	8	1	2	machine:a part: expander	S2-UA	S2-UA	0		
rowExpanderOpenOneLevel	taskGroupExpanderOpenOneLevel	identifier	a	8	2	3	machine:a part: expander	S2-UA	S2-UA	0		
rowFor	taskGroupFor	identifier	?	8	1	6		S3-UNIT	S3-UNIT	0		
rowForestDepth	taskGroupForestDepth	identifier	a	8	1	4	machine:a part: depth	S3-UNIT	S3-UNIT	0		
rowGap	taskGroupGap	identifier	a	8	17	39	machine:a part: gap	S1-A,S1-C,S1-D,S2-ENT,S2-FW,S2-UA,S3-BASE,S3-CON,S3-SYS,S3-UNIT	S1-C	4		
rowGrab	taskGroupGrab	identifier	a	8	3	18	machine:a part: grab	S2-UA,S3-CON,S3-SYS	S2-UA	0		
rowGrabAxis	taskGroupGrabAxis	identifier	a	8	3	5	machine:a part: grab	S2-FW,S2-UA	S2-UA	0		
rowGrabAxisAt	taskGroupGrabAxisAt	identifier	a	8	3	6	machine:a part: grab	S2-UA,S3-BASE	S2-UA	0		
rowGrabAxisIn	taskGroupGrabAxisIn	identifier	a	8	1	2	machine:a part: grab	S2-FW	S2-FW	0		
rowGrabAxisSettled	taskGroupGrabAxisSettled	json-key	a	8	5	8	machine:a part: grab	S1-D,S2-FW,S2-UA,S3-CON	S1-D	4		
rowGrabDepthOf	taskGroupGrabDepthOf	identifier	a	8	2	7	machine:a part: grab	S2-UA	S2-UA	0		
rowGrabDepthSteps	taskGroupGrabDepthSteps	identifier	a	8	1	3	machine:a part: grab	S2-UA	S2-UA	0		
rowGrabFollow	taskGroupGrabFollow	identifier	a	8	2	3	machine:a part: grab	S2-UA	S2-UA	0		
rowGrabLandingOf	taskGroupGrabLandingOf	identifier	a	8	2	4	machine:a part: grab	S2-UA,S3-BASE	S2-UA	0		
rowGrabPlacesInDrawingOrder	taskGroupGrabPlacesInDrawingOrder	identifier	a	8	2	3	machine:a part: grab	S2-UA,S3-BASE	S2-UA	0		
rowGrabPositionOf	taskGroupGrabPositionOf	identifier	a	8	1	3	machine:a part: grab	S2-UA	S2-UA	0		
rowGrabResistedPx	taskGroupGrabResistedPx	identifier	a	8	1	3	machine:a part: grab	S2-UA	S2-UA	0		
rowGrabRowHeightOf	taskGroupGrabTaskGroupHeightOf	identifier	a	8	1	2	machine:a part: grab	S2-UA	S2-UA	0		
rowGrabSiblings	taskGroupGrabSiblings	identifier	a	8	1	4	machine:a part: grab	S2-UA	S2-UA	0		
rowGrabState	taskGroupGrabState	identifier	a	8	3	11	machine:a part: grab	S2-FW,S2-UA,S3-CON	S2-UA	0		
rowGrabStateMachine	taskGroupGrabStateMachine	identifier	a	8	3	6	machine:a part: grab	S1-D,S2-UA,S3-CON	S1-D	10		
rowGrabStateMachine_axisUndecided	task_groupGrabStateMachine_axisUndecided	identifier	a	8	0	0	machine:a part: grab			4		
rowGrabStateMachine_changingDepth	task_groupGrabStateMachine_changingDepth	identifier	a	8	0	0	machine:a part: grab			2		
rowGrabStateMachine_changingPosition	task_groupGrabStateMachine_changingPosition	identifier	a	8	0	0	machine:a part: grab			2		
rowGrabStateMachine_group	task_groupGrabStateMachine_group	identifier	a	8	0	0	machine:a part: grab			2		
rowGrabStateMachine_notGrabbed	task_groupGrabStateMachine_notGrabbed	identifier	a	8	0	0	machine:a part: grab			4		
rowGrabStrip	taskGroupGrabStrip	identifier	a	8	3	8	machine:a part: grab	S2-FW,S2-UA,S3-CON	S2-UA	0		
rowGrabStripStyle	taskGroupGrabStripStyle	identifier	a	8	1	2	machine:a part: grab	S2-FW	S2-FW	0		
rowGrabSubtreeHeight	taskGroupGrabSubtreeHeight	identifier	a	8	1	2	machine:a part: grab	S2-UA	S2-UA	0		
rowGrabbedAt	taskGroupGrabbedAt	identifier	?	8	3	11		S2-FW,S2-UA	S2-FW	0		
rowGrabbedStyle	taskGroupGrabbedStyle	identifier	?	8	1	2		S2-FW	S2-FW	0		
rowGroupId	taskGroupId	identifier	a	8	108	192	machine:a part: group	S2-FW,S2-UA,S3-CON,S3-SYS,S3-UNIT	S2-UA	0		
rowH	taskGroupH	identifier	?	8	1	8		S2-TL	S2-TL	0		
rowHeight	taskGroupHeight	identifier	a	8	1	3	machine:a part: height	S2-UA	S2-UA	0		
rowHeightPx	taskGroupHeightPx	identifier	a	8	1	4	machine:a part: height	S3-UNIT	S3-UNIT	0		
rowHeldOf	taskGroupHeldOf	identifier	a	8	1	3	machine:a part: held	S2-UA	S2-UA	0		
rowHeldOn	taskGroupHeldOn	identifier	a	8	1	9	machine:a part: held	S3-UNIT	S3-UNIT	0		
rowHeldStill	taskGroupHeldStill	identifier	a	8	1	2	machine:a part: held	S2-UA	S2-UA	0		
rowId	rowId	json-key	b	8	157	1655	machine:section 4 list	S1-A,S1-C,S1-D,S2-FW,S2-TL,S2-UA,S3-BASE,S3-CON,S3-SYS,S3-UNIT	S1-D	814		
rowIdMadeFrom	rowIdMadeFrom	identifier	b	8	1	3	machine:row id (section 4)	S3-UNIT	S3-UNIT	0		
rowIdOf	rowIdOf	identifier	b	8	8	41	machine:section 4 list	S3-CON,S3-SYS,S3-UNIT	S3-UNIT	0		
rowIdOfTask	rowIdOfTask	identifier	b	8	1	2	machine:row id (section 4)	S2-UA	S2-UA	0		
rowIds	rowIds	identifier	b	8	1	3	machine:section 4 list	S3-UNIT	S3-UNIT	0		
rowIdsIn	rowIdsIn	identifier	b	8	1	6	machine:row id (section 4)	S3-UNIT	S3-UNIT	0		
rowIn	taskGroupIn	identifier	?	8	17	85		S2-UA,S3-CON,S3-UNIT	S2-UA	0		
rowIndex	taskGroupIndex	identifier	?	8	1	3		S3-SYS	S3-SYS	0		
rowIndexAtTopEdge	taskGroupIndexAtTopEdge	identifier	a	8	2	5	machine:a part: top	S2-UA	S2-UA	0		
rowIndexOfTask	taskGroupIndexOfTask	identifier	?	8	1	5		S2-UA	S2-UA	0		
rowIsAtTheDeepestLevel	taskGroupIsAtTheDeepestLevel	identifier	?	8	3	3		S2-FW,S2-UA	S2-UA	0		
rowIsAtTheShallowestLevel	taskGroupIsAtTheShallowestLevel	identifier	?	8	3	3		S2-FW,S2-UA	S2-UA	0		
rowIsOpenWithNoHiddenChild	taskGroupIsOpenWithNoHiddenChild	identifier	a	8	3	4	machine:a part: child	S2-FW,S2-UA	S2-UA	0		
rowKey	taskGroupKey	identifier	?	8	1	3		S2-UA	S2-UA	0		
rowLabel	taskGroupLabel	identifier	a	8	4	7	machine:a part: label	S2-FW,S3-UNIT	S2-FW	0		
rowLabelOf	taskGroupLabelOf	identifier	a	8	1	2	machine:a part: label	S3-SYS	S3-SYS	0		
rowLetter	taskGroupLetter	identifier	?	8	1	10		S3-CON	S3-CON	0		
rowMinHeightField	rowMinHeightField	json-key	b	8	5	14	machine:b part: field	S1-D,S2-UA,S3-CON	S1-D	1		
rowMinHeightFieldFramesShowing	rowMinHeightFieldFramesShowing	identifier	b	8	1	2	machine:b part: field	S3-CON	S3-CON	0		
rowMinHeightWord	taskGroupMinHeightWord	identifier	a	8	1	7	machine:a part: min	S2-UA	S2-UA	0		
rowMoves	taskGroupMoves	identifier	?	8	1	4		S3-UNIT	S3-UNIT	0		
rowName	taskGroupName	identifier	a	5	8	15	machine:rule 5	S2-ENT,S2-FW,S2-UA,S3-CON,S3-SYS	S2-UA	0		
rowNameFont	taskGroupNameFont	identifier	a	5	8	15	machine:rule 5	S3-CON,S3-SYS,S3-UNIT	S3-UNIT	0		
rowNameFontPx	taskGroupNameFontPx	identifier	a	5	2	4	machine:rule 5	S3-CON,S3-SYS	S3-SYS	0		
rowNameOf	taskGroupNameOf	identifier	a	5	6	12	machine:rule 5	S1-D,S2-ENT,S2-UA,S3-CON	S1-D	1		
rowNamePoint	taskGroupNamePoint	identifier	a	5	1	2	machine:rule 5	S2-TL	S2-TL	0		
rowNamed	taskGroupNamed	identifier	?	8	4	23		S3-CON,S3-SYS,S3-UNIT	S3-UNIT	0		
rowNames	taskGroupNames	identifier	a	5	1	3	machine:rule 5	S3-UNIT	S3-UNIT	0		
rowNode	taskGroupNode	identifier	?	8	1	9		S3-UNIT	S3-UNIT	0		
rowOf	taskGroupOf	identifier	?	8	188	940		S2-ENT,S2-FW,S2-UA,S3-CON,S3-SYS,S3-UNIT	S2-ENT	0		
rowOfColumn	rowOfColumn	identifier	b	8	1	5	machine:b part: column	S3-CON	S3-CON	0		
rowOfColumns	rowOfColumns	identifier	b	8	1	3	machine:b part: columns	S3-CON	S3-CON	0		
rowOfEachTask	taskGroupOfEachTask	identifier	?	8	1	4		S3-UNIT	S3-UNIT	0		
rowOfSchedule	taskGroupOfSchedule	identifier	?	8	3	14		S3-UNIT	S3-UNIT	0		
rowOfSettingsKey	taskGroupOfSettingsKey	identifier	?	8	1	2		S3-CON	S3-CON	0		
rowOfT212	taskGroupOfT212	identifier	?	8	2	6		S3-CON	S3-CON	0		
rowOfTask	taskGroupOfTask	identifier	?	8	8	31		S2-UA,S3-CON,S3-UNIT	S2-UA	0		
rowOmissions	taskGroupOmissions	identifier	?	8	1	2		S2-ENT	S2-ENT	0		
rowOpenOneLevel	taskGroupOpenOneLevel	identifier	?	8	1	6		S3-UNIT	S3-UNIT	0		
rowOut	taskGroupOut	identifier	?	8	3	4		S2-UA	S2-UA	0		
rowOwners	taskGroupOwners	identifier	?	8	1	8		S3-UNIT	S3-UNIT	0		
rowPanel	taskGroupPanel	identifier	a	8	3	9	machine:a part: panel	S2-TL,S3-UNIT	S2-TL	0	same new name as rowTitlePanel	
rowPanelRuleOf	taskGroupPanelRuleOf	identifier	a	8	1	2	machine:a part: panel	S3-SYS	S3-SYS	0		
rowPanelWidth	taskGroupPanelWidth	identifier	a	8	1	4	machine:a part: panel	S3-SYS	S3-SYS	0	same new name as rowTitlePanelWidth	
rowPart	taskGroupPart	identifier	?	8	1	9		S3-UNIT	S3-UNIT	0		
rowPartAt	taskGroupPartAt	identifier	?	8	1	2		S3-CON	S3-CON	0		
rowPasted	taskGroupPasted	identifier	?	8	1	4		S3-CON	S3-CON	0		
rowPath	rowPath	identifier	b	8	6	13	machine:section 4 list	S2-ENT,S2-UA,S3-CON	S2-UA	0		
rowPathOf	taskGroupPathOf	identifier	?	8	2	3		S2-ENT	S2-ENT	0		
rowPin	taskGroupPin	identifier	a	8	5	12	machine:a part: pin	S2-FW,S2-UA,S3-UNIT	S2-FW	0		
rowPitchOf	taskGroupPitchOf	identifier	?	8	1	3		S3-SYS	S3-SYS	0		
rowPlacements	taskGroupPlacements	identifier	a	8	2	9	machine:a part: placements	S2-ENT	S2-ENT	0		
rowPlacesAtZoomY	taskGroupPlacesAtZoomY	identifier	a	8	10	20	machine:a part: zoom	S1-B,S1-C,S1-D,S2-ENT,S2-UA,S3-CON	S1-D	1		
rowPointIn	taskGroupPointIn	identifier	?	8	3	6		S2-UA,S3-BASE	S2-UA	0		
rowRevealAsked	taskGroupRevealAsked	json-key	?	8	7	21		S1-A,S1-B,S1-D,S2-UA,S3-CON	S1-D	7		
rowSelector	taskGroupSelector	identifier	?	8	3	9		S3-SYS	S3-SYS	0		
rowShrinkWrites	taskGroupShrinkWrites	identifier	?	8	1	3		S2-UA	S2-UA	0		
rowSpans	taskGroupSpans	identifier	?	8	1	6		S3-SYS	S3-SYS	0		
rowStep	taskGroupStep	identifier	?	8	2	9		S3-UNIT	S3-UNIT	0		
rowStoodUp	taskGroupStoodUp	identifier	?	8	2	4		S2-UA	S2-UA	0		
rowText	rowText	identifier	b	8	23	141	machine:b part: text	S2-TL,S3-CON,S3-UNIT	S2-TL	0		
rowTitle	taskGroupTitle	identifier	a	4	11	75	machine:rule 4	S2-FW,S2-UA,S3-CON,S3-UNIT	S2-FW	0		
rowTitleElement	taskGroupTitleElement	identifier	a	4	2	5	machine:rule 4	S2-FW,S3-BASE	S2-FW	0		
rowTitleFont	taskGroupTitleFont	identifier	a	4	11	26	machine:rule 4	S1-C,S1-D,S2-ENT,S2-UA,S3-SYS,S3-UNIT	S1-D	3		
rowTitleFontPxOf	taskGroupTitleFontPxOf	identifier	a	4	6	10	machine:rule 4	S1-D,S2-UA,S3-SYS	S1-D	1		
rowTitleIndent	taskGroupTitleIndent	identifier	a	4	19	32	machine:rule 4	S1-A,S1-C,S1-D,S2-ENT,S2-UA,S3-CON,S3-SYS,S3-UNIT	S1-D	4		
rowTitleOf	taskGroupTitleOf	identifier	a	4	1	3	machine:rule 4	S2-UA	S2-UA	0		
rowTitlePanel	taskGroupPanel	identifier	a	2	120	277	machine:rule 2	S2-ENT,S2-FW,S2-TL,S2-UA,S3-CON,S3-SYS,S3-UNIT	S2-FW	0	same new name as rowPanel	
rowTitlePanelDrawnWidth	taskGroupPanelDrawnWidth	identifier	a	2	4	4	machine:rule 2	S2-FW,S2-UA,S3-CON	S2-UA	0		
rowTitlePanelFromSchedule	taskGroupPanelFromSchedule	identifier	a	2	5	8	machine:rule 2	S2-UA,S3-BASE,S3-CON	S2-UA	0		
rowTitlePanelWidth	taskGroupPanelWidth	json-key	a	2	44	134	machine:rule 2	S1-A,S1-C,S1-D,S2-ENT,S2-FW,S2-UA,S3-CON,S3-SYS,S3-UNIT	S1-D	6	same new name as rowPanelWidth	
rowTitlePanelWidthAfterDrag	taskGroupPanelWidthAfterDrag	identifier	a	2	1	2	machine:rule 2	S2-UA	S2-UA	0		
rowTitlePanelWidthEdited	taskGroupPanelWidthEdited	identifier	a	2	1	2	machine:rule 2	S2-UA	S2-UA	0		
rowTitlePanelWidthFixed	taskGroupPanelWidthFixed	json-key	a	2	16	27	machine:rule 2	S1-C,S1-D,S2-ENT,S2-FW,S2-UA,S3-CON,S3-SYS,S3-UNIT	S1-D	5		
rowTitleRight	taskGroupTitleRight	identifier	a	4	1	2	machine:rule 4	S3-SYS	S3-SYS	0		
rowTitleSvg	taskGroupTitleSvg	identifier	a	4	1	3	machine:rule 4	S2-UA	S2-UA	0		
rowTitleTopScale	taskGroupTitleTopScale	identifier	a	4	10	19	machine:rule 4	S1-C,S1-D,S2-ENT,S2-UA,S3-SYS,S3-UNIT	S1-D	3		
rowTitleTree	taskGroupTitleTree	identifier	a	4	2	14	machine:rule 4	S2-FW	S2-FW	0		
rowTitleWidthField	taskGroupPanelWidthField	json-key	a	3	6	22	machine:rule 3	S1-A,S1-B,S1-D,S2-UA,S3-CON	S1-D	1		
rowTop	taskGroupTop	identifier	a	8	1	3	machine:a part: top	S3-SYS	S3-SYS	0		
rowTopPx	taskGroupTopPx	identifier	a	8	2	18	machine:a part: top	S2-TL	S2-TL	0		
rowTrack	taskGroupTrack	identifier	?	8	1	2		S2-FW	S2-FW	0		
rowTracks	taskGroupTracks	identifier	?	8	1	2		S2-FW	S2-FW	0		
rowTree	taskGroupTree	identifier	a	8	8	30	machine:a part: tree	S1-D,S2-UA,S3-BASE,S3-CON,S3-UNIT	S1-D	34		
rowTreeFactsOf	taskGroupTreeFactsOf	identifier	a	8	1	3	machine:a part: tree	S2-UA	S2-UA	0		
rowTreeNoEntry	rowTreeNoEntry	identifier	b	8	1	3	machine:b part: entry	S3-UNIT	S3-UNIT	0		
rowTreeRankById	taskGroupTreeRankById	identifier	a	8	2	4	machine:a part: tree	S2-UA,S3-BASE	S2-UA	0		
rowTurnedTo	taskGroupTurnedTo	identifier	?	8	1	2		S2-UA	S2-UA	0		
rowUnderTheMovedAnchor	taskGroupUnderTheMovedAnchor	identifier	?	8	1	2		S3-SYS	S3-SYS	0		
rowWidthPx	taskGroupWidthPx	identifier	?	8	1	2		S3-UNIT	S3-UNIT	0		
rowWithAGrandchild	taskGroupWithAGrandchild	identifier	?	8	1	2		S3-SYS	S3-SYS	0		
rowWithControls	taskGroupWithControls	identifier	a	8	1	5	machine:a part: controls	S3-UNIT	S3-UNIT	0		
rowWithGroupId	taskGroupWithGroupId	identifier	a	8	1	4	machine:a part: group	S3-UNIT	S3-UNIT	0		
rowWordOf	taskGroupWordOf	identifier	?	8	1	3		S2-UA	S2-UA	0		
rowWords	taskGroupWords	identifier	?	8	1	3		S3-CON	S3-CON	0		
rowY	taskGroupY	identifier	?	8	1	10		S3-UNIT	S3-UNIT	0		
rowZoomAnswer	verticalZoomAnswer	identifier	a	7	4	7	machine:rule 7	S2-UA	S2-UA	0		
rowZoomEnd	verticalZoomEnd	identifier	a	7	1	4	machine:rule 7	S2-FW	S2-FW	0		
rowZoomEndReached	verticalZoomEndReached	json-key	a	7	3	6	machine:rule 7	S1-D,S2-FW,S2-UA	S1-D	4		
rowZoomEndShown	verticalZoomEndShown	identifier	a	7	3	4	machine:rule 7	S2-FW,S2-UA	S2-UA	0		
rowZoomShrinkPressed	verticalZoomShrinkPressed	json-key	a	7	8	14	machine:rule 7	S1-A,S1-D,S2-UA,S3-CON,S3-SYS,S3-UNIT	S1-D	3		
rowZoomStepOf	verticalZoomStepOf	identifier	a	7	1	3	machine:rule 7	S2-UA	S2-UA	0		
rowZoomToItsEnd	verticalZoomToItsEnd	identifier	a	7	1	2	machine:rule 7	S3-CON	S3-CON	0		
row_band	task_group_band	identifier	a	8	1	2	machine:a part: band	S1-D	S1-D	0		
row_comment	task_group_comment	json-key	?	8	1	2		S1-D	S1-D	0		
row_cr	task_group_cr	identifier	?	8	1	2		S2-TL	S2-TL	0		
row_hits	task_group_hits	identifier	?	8	1	2		S2-TL	S2-TL	0		
row_id	row_id	identifier	b	8	20	251	machine:row id (section 4)	S1-D,S2-TL	S1-D	0		
row_id_prefixes_json_to_md	row_id_prefixes_json_to_md	file	b	8	9	13	machine:section 4 list	S1-C,S1-D,S2-FW,S2-TL	S1-D	1		
row_ids	row_ids	identifier	b	8	1	1	machine:row id (section 4)	S2-TL	S2-TL	0		
row_line	row_line	identifier	b	8	1	2	machine:b part: line	S1-D	S1-D	0		
row_of	task_group_of	identifier	?	8	2	6		S1-D,S2-TL	S1-D	0		
row_owner	task_group_owner	identifier	?	8	6	15		S1-D,S2-TL	S1-D	0		
row_pattern	task_group_pattern	identifier	?	8	1	3		S1-D	S1-D	0		
row_prefix	row_prefix	json-key	b	8	3	9	machine:b part: prefix	S1-D	S1-D	0		
row_table	row_table	identifier	b	8	1	1	machine:b part: table	S1-D	S1-D	0		
row_without_row_id_heading	row_without_row_id_heading	identifier	b	8	1	2	machine:row id (section 4)	S2-TL	S2-TL	0		
rows-fixed-with-nothing-holding-them	task-groups-fixed-with-nothing-holding-them	file	?	8	4	4		S1-C,S3-BASE,S3-SYS	S1-C	0		
rows-only	task-groups-only	identifier	?	8	1	1		S3-SYS	S3-SYS	0		
rowsAdded	taskGroupsAdded	identifier	a	8	1	5	machine:a part: added	S3-SYS	S3-SYS	0		
rowsAfter	taskGroupsAfter	identifier	?	8	2	5		S3-SYS,S3-UNIT	S3-SYS	0		
rowsApart	taskGroupsApart	identifier	?	8	1	10		S3-CON	S3-CON	0		
rowsAt	taskGroupsAt	identifier	?	8	2	8		S3-CON	S3-CON	0		
rowsAtZoomY	taskGroupsAtZoomY	identifier	a	8	2	7	machine:a part: zoom	S2-UA	S2-UA	0		
rowsBack	taskGroupsBack	identifier	?	8	1	3		S2-UA	S2-UA	0		
rowsBefore	taskGroupsBefore	identifier	?	8	3	9		S3-SYS,S3-UNIT	S3-SYS	0		
rowsBelongingTo	taskGroupsBelongingTo	identifier	?	8	1	2		S3-SYS	S3-SYS	0		
rowsByBlock	taskGroupsByBlock	identifier	?	8	1	5		S3-SYS	S3-SYS	0		
rowsCarryingShown	taskGroupsCarryingShown	identifier	a	8	1	2	machine:a part: shown	S2-ENT	S2-ENT	0		
rowsChosenWith	taskGroupsChosenWith	identifier	a	8	1	2	machine:a part: chosen	S2-FW	S2-FW	0		
rowsCovered	taskGroupsCovered	identifier	?	8	1	3		S3-CON	S3-CON	0		
rowsDocument	taskGroupsDocument	identifier	?	8	8	22		S3-SYS	S3-SYS	0		
rowsDrawn	taskGroupsDrawn	identifier	a	8	1	2	machine:a part: drawn	S2-FW	S2-FW	0		
rowsFor	taskGroupsFor	identifier	?	8	1	5		S3-CON	S3-CON	0		
rowsFromTasks	taskGroupsFromTasks	identifier	?	8	2	3		S2-UA	S2-UA	0		
rowsHeld	taskGroupsHeld	identifier	a	8	1	5	machine:a part: held	S3-UNIT	S3-UNIT	0		
rowsIn	taskGroupsIn	identifier	?	8	1	3		S2-ENT	S2-ENT	0		
rowsInFirstScreenful	taskGroupsInFirstScreenful	identifier	?	8	1	3		S3-UNIT	S3-UNIT	0		
rowsNow	taskGroupsNow	identifier	?	8	1	2		S2-UA	S2-UA	0		
rowsOf	rowsOf	identifier	b	8	19	76	machine:section 4 list	S2-UA,S3-CON,S3-SYS,S3-UNIT	S2-UA	0		
rowsOnTheFace	taskGroupsOnTheFace	identifier	?	8	1	3		S3-CON	S3-CON	0		
rowsPastTheCap	taskGroupsPastTheCap	identifier	?	8	1	3		S3-SYS	S3-SYS	0		
rowsPicked	taskGroupsPicked	json-key	a	8	7	11	machine:a part: picked	S1-D,S2-FW,S2-UA,S3-CON	S1-D	2		
rowsPlacedOn	taskGroupsPlacedOn	identifier	a	8	1	3	machine:a part: placed	S3-CON	S3-CON	0		
rowsStatingARule	taskGroupsStatingARule	identifier	?	8	1	3		S3-SYS	S3-SYS	0		
rowsTop	taskGroupsTop	identifier	a	8	1	3	machine:a part: top	S2-FW	S2-FW	0		
rowsTopPx	taskGroupsTopPx	identifier	a	8	2	3	machine:a part: top	S2-FW	S2-FW	0		
rowsWith	taskGroupsWith	identifier	?	8	1	2		S3-CON	S3-CON	0		
rowsWithAnExtension	taskGroupsWithAnExtension	identifier	?	8	1	3		S3-UNIT	S3-UNIT	0		
rowsWithinSchedule	taskGroupsWithinSchedule	identifier	?	8	1	2		S2-FW	S2-FW	0		
rows_cell	rows_cell	identifier	b	8	1	2	machine:b part: cell	S1-D	S1-D	0		
rows_in_list	task_groups_in_list	identifier	?	8	1	2		S2-TL	S2-TL	0		
rows_of	task_groups_of	identifier	?	8	5	14		S2-TL	S2-TL	0		
rows_of_table	rows_of_table	identifier	b	8	2	4	machine:b part: table	S2-TL	S2-TL	0		
ruleRowOf	ruleTaskGroupOf	identifier	?	8	1	4		S3-CON	S3-CON	0		
same-row	same-task-group	identifier	?	8	1	1		S3-SYS	S3-SYS	0		
sameRow	sameTaskGroup	identifier	?	8	3	11		S2-UA,S3-SYS	S2-UA	0		
sameRows	sameTaskGroups	identifier	?	8	1	2		S3-CON	S3-CON	0		
sampleRow	sampleTaskGroup	identifier	?	8	1	2		S3-CON	S3-CON	0		
sceneKindOfRow	sceneKindOfTaskGroup	identifier	?	8	1	4		S3-CON	S3-CON	0		
screenRowPitch	screenTaskGroupPitch	identifier	?	8	1	3		S3-SYS	S3-SYS	0		
scrolledRows	scrolledTaskGroups	identifier	?	8	2	3		S2-ENT	S2-ENT	0		
scrollingRows	scrollingTaskGroups	identifier	?	8	1	6		S2-ENT	S2-ENT	0		
scrollingRowsOf	scrollingTaskGroupsOf	identifier	?	8	4	8		S2-UA	S2-UA	0		
searchRows	searchRows	identifier	b	8	1	5	machine:b part: search	S3-SYS	S3-SYS	0		
searchRowsOf	searchRowsOf	identifier	b	8	8	42	machine:b part: search	S1-D,S2-ENT,S2-UA,S3-CON,S3-UNIT	S1-D	1		
search_column_width_rows_block	search_column_width_rows_block	identifier	b	8	1	2	machine:b part: search	S1-D	S1-D	0		
seen_rows	seen_task_groups	identifier	?	8	1	3		S1-D	S1-D	0		
selRow	selTaskGroup	identifier	?	8	1	13		S3-CON	S3-CON	0		
selectOneRow	selectOneTaskGroup	identifier	?	8	1	2		S3-SYS	S3-SYS	0		
selectionWithinDrawnRows	selectionWithinDrawnTaskGroups	identifier	a	8	5	6	machine:a part: drawn	S1-C,S1-D,S2-ENT,S2-FW	S1-D	1		
selfRow	selfTaskGroup	identifier	?	8	2	6		S3-CON	S3-CON	0		
setRowColour	setTaskGroupColour	identifier	?	8	1	5		S3-CON	S3-CON	0		
setRowTitlePanelWidth	setTaskGroupPanelWidth	api	a	2.4	11	24	CR-708 X-18	S1-C,S2-UA,S3-CON,S3-UNIT	S1-C	0		
setRowTitlePanelWidthFixed	setTaskGroupPanelWidthFixed	api	a	2.4	6	8	CR-708 X-18	S1-C,S2-UA,S3-UNIT	S1-C	0		
setTaskWbsParent	setTaskParentTask	api	a	2.4	9	18	JDG-1728	S1-B,S1-C,S2-UA,S3-CON,S3-UNIT	S1-C	0		
settingRow	settingTaskGroup	identifier	?	8	10	27		S3-CON,S3-SYS,S3-UNIT	S3-CON	0		
settingRows	settingTaskGroups	identifier	?	8	1	7		S3-UNIT	S3-UNIT	0		
settings-row	settings-task-group	identifier	?	8	3	9		S1-D,S2-TL	S1-D	1		
settingsRowOf	settingsTaskGroupOf	identifier	?	8	1	7		S3-CON	S3-CON	0		
settingsRowValue	settingsTaskGroupValue	identifier	?	8	1	7		S3-CON	S3-CON	0		
settings_row	settings_task_group	identifier	?	8	2	5		S1-D	S1-D	0		
settings_row_default	settings_task_group_default	identifier	?	8	1	2		S1-D	S1-D	0		
settings_rows	settings_task_groups	identifier	?	8	2	4		S1-D	S1-D	0		
settledRow	settledTaskGroup	identifier	?	8	2	5		S2-UA	S2-UA	0		
seven-row	seven-task-group	identifier	?	8	2	2		S1-D,S3-CON	S1-D	0		
shapeAtEmptyRowArea	shapeAtEmptyTaskGroupArea	identifier	a	6	1	5	machine:rule 6	S3-CON	S3-CON	0		
shapeRow	shapeTaskGroup	identifier	?	8	2	7		S3-CON,S3-UNIT	S3-CON	0		
shape_rows	shape_task_groups	identifier	?	8	1	2		S1-D	S1-D	0		
shapedRows	shapedTaskGroups	identifier	?	8	1	2		S2-UA	S2-UA	0		
shared-row	shared-task-group	identifier	?	8	1	4		S3-UNIT	S3-UNIT	0		
shiftWithinRows	shiftWithinTaskGroups	identifier	?	8	1	3		S2-UA	S2-UA	0		
showRowControls	showTaskGroupControls	identifier	a	8	1	4	machine:a part: controls	S3-SYS	S3-SYS	0		
showRowZoomEndMessage	showVerticalZoomEndMessage	identifier	a	7	1	2	machine:rule 7	S2-FW	S2-FW	0		
shownOnAnotherRow	shownOnAnotherTaskGroup	identifier	a	8	3	3	machine:a part: shown	S1-D,S2-UA	S1-D	1		
shownOnAnotherRowMark	shownOnAnotherTaskGroupMark	identifier	a	8	6	9	machine:a part: shown	S2-FW,S2-UA,S3-CON,S3-UNIT	S2-UA	0		
shownRowsOf	shownTaskGroupsOf	identifier	a	8	1	4	machine:a part: shown	S2-UA	S2-UA	0		
single-row	single-task-group	identifier	?	8	1	1		S3-CON	S3-CON	0		
sit-on-the-row-centre	sit-on-the-task-group-centre	identifier	?	8	1	1		S3-SYS	S3-SYS	0		
sizeRow	sizeTaskGroup	identifier	?	8	1	2		S3-UNIT	S3-UNIT	0		
sizeRowOf	sizeTaskGroupOf	identifier	?	8	1	3		S3-CON	S3-CON	0		
sortedRows	sortedTaskGroups	identifier	?	8	1	2		S2-UA	S2-UA	0		
specRow	specRow	identifier	b	8	3	13	machine:b part: spec	S3-CON,S3-SYS,S3-UNIT	S3-UNIT	0		
specRowLine	specRowLine	identifier	b	8	1	2	machine:b part: spec	S3-CON	S3-CON	0		
spec_rows	spec_rows	identifier	b	8	1	2	machine:b part: spec	S2-TL	S2-TL	0		
spentOnWbsParentChoice	spentOnParentTaskChoice	identifier	a	1	1	2	machine:rule 1 / JDG-1727	S2-FW	S2-FW	0		
splicedCarriedRows	splicedCarriedRows	identifier	b	8	1	6	machine:b part: carried	S2-UA	S2-UA	0		
split_row	split_task_group	identifier	?	8	1	3		S2-TL	S2-TL	0		
stackedRowBench	stackedTaskGroupBench	identifier	a	8	2	6	machine:a part: stacked	S3-CON	S3-CON	0		
stated_row_count	stated_task_group_count	identifier	?	8	2	4		S1-D	S1-D	0		
storedRow	storedTaskGroup	identifier	?	8	2	5		S3-UNIT	S3-UNIT	0		
stuckInEveryRow	stuckInEveryTaskGroup	identifier	a	8	1	3	machine:a part: every	S3-CON	S3-CON	0		
successorOnlySameRow	successorOnlySameTaskGroup	identifier	?	8	1	2		S3-UNIT	S3-UNIT	0		
surfaceRowOf	surfaceTaskGroupOf	identifier	?	8	1	2		S3-CON	S3-CON	0		
swatchRowsOf	swatchTaskGroupsOf	identifier	?	8	1	2		S3-SYS	S3-SYS	0		
sweep-row	sweep-task-group	identifier	?	8	1	1		S3-SYS	S3-SYS	0		
t-023d-double-click-only-rows	t-023d-double-click-only-task-groups	identifier	?	8	2	2		S2-TL,S3-UNIT	S2-TL	0		
t-050-a-document-always-holds-one-row	t-050-a-document-always-holds-one-task-group	file	?	8	2	2		S1-C,S3-BASE	S1-C	0		
t-051-hf-14-a-raised-row-is-visible	t-051-hf-14-a-raised-task-group-is-visible	file	?	8	2	2		S3-BASE,S3-CON	S3-CON	0		
t-051-hf-14-the-depth-cap-refuses-a-row	t-051-hf-14-the-depth-cap-refuses-a-task-group	file	a	8	3	9	machine:a part: depth	S3-BASE,S3-UNIT	S3-UNIT	0		
t-051-hf-15-grabbing-a-row	t-051-hf-15-grabbing-a-task-group	file	?	8	2	2		S1-C,S3-BASE	S1-C	0		
t-051-hf-17-adding-a-row-walks-the-rename-road	t-051-hf-17-adding-a-task-group-walks-the-rename-road	file	?	8	2	3		S3-BASE,S3-UNIT	S3-UNIT	0		
t-051-hf-6-ground-under-the-row-controls	t-051-hf-6-ground-under-the-task-group-controls	file	a	8	2	2	machine:a part: controls	S3-BASE,S3-SYS	S3-SYS	0		
t-051-hf-6-the-pinned-rows-pin-is-filled	t-051-hf-6-the-pinned-task-groups-pin-is-filled	identifier	a	8	1	1	machine:a part: pinned	S3-CON	S3-CON	0		
t-233-reason-words-tell-the-row	t-233-reason-words-tell-the-task-group	file	?	8	5	5		S2-TL,S3-BASE,S3-SYS,S3-UNIT	S2-TL	0		
t-233-rs-56-a-self-dependency-is-told-its-own-row	t-233-rs-56-a-self-dependency-is-told-its-own-task-group	file	?	8	1	1		S3-BASE	S3-BASE	0		
t016RowOf	t016TaskGroupOf	identifier	?	8	1	6		S3-UNIT	S3-UNIT	0		
t109Row	t109TaskGroup	identifier	?	8	1	6		S3-CON	S3-CON	0		
t220Row	t220TaskGroup	identifier	?	8	1	3		S3-CON	S3-CON	0		
t236Row	t236TaskGroup	identifier	?	8	1	3		S3-CON	S3-CON	0		
table-row	table-row	identifier	b	8	1	1	machine:b part: table	S3-CON	S3-CON	0		
tableRows	tableRows	identifier	b	8	1	2	machine:b part: table	S3-CON	S3-CON	0		
table_row	table_row	identifier	b	8	1	5	machine:b part: table	S2-TL	S2-TL	0		
table_rows	table_rows	identifier	b	8	1	20	machine:b part: table	S1-D	S1-D	0		
taskRow	taskTaskGroup	identifier	?	8	10	60		S3-CON,S3-SYS,S3-UNIT	S3-UNIT	0		
taskRowOf	taskTaskGroupOf	identifier	?	8	3	18		S3-CON,S3-UNIT	S3-CON	0		
taskRows	taskTaskGroups	identifier	?	8	8	41		S2-ENT,S2-UA,S3-CON,S3-SYS,S3-UNIT	S2-UA	0		
taskUidsWithoutRow	taskUidsWithoutTaskGroup	identifier	?	8	1	3		S2-UA	S2-UA	0		
tasksRankedByTheRowTree	tasksRankedByTheTaskGroupTree	identifier	a	8	3	5	machine:a part: tree	S2-UA	S2-UA	0		
tbl-row-id-prefixes	tbl-row-id-prefixes	file	b	8	10	14	machine:section 4 list	S1-A,S1-C,S1-D,S2-TL,S3-SYS	S1-D	0		
templateWithRowColour	templateWithRowColour	identifier	b	8	1	3	machine:b part: template	S3-CON	S3-CON	0		
theOneRow	theOneTaskGroup	identifier	?	8	1	6		S3-CON	S3-CON	0		
theOnlyRowsName	theOnlyTaskGroupsName	identifier	a	8	1	3	machine:a part: name	S2-TL	S2-TL	0		
theRow	theTaskGroup	identifier	?	8	1	3		S3-CON	S3-CON	0		
theRowOf	theTaskGroupOf	identifier	?	8	1	38		S3-UNIT	S3-UNIT	0		
three-rows-read-from-the-spec-alone	three-rows-read-from-the-spec-alone	file	b	8	2	2	machine:b part: spec	S3-BASE,S3-SYS	S3-SYS	0		
threeRowDocument	threeTaskGroupDocument	identifier	?	8	1	2		S3-UNIT	S3-UNIT	0		
threeRows	threeTaskGroups	identifier	?	8	2	10		S3-CON	S3-CON	0		
ticksOfRow	ticksOfTaskGroup	identifier	?	8	1	3		S2-UA	S2-UA	0		
titleRow	titleRow	identifier	b	8	2	7	machine:title row (window title)	S3-SYS,S3-UNIT	S3-UNIT	0		
titleRowOf	titleRowOf	identifier	b	8	1	6	machine:title row (window title)	S3-CON	S3-CON	0		
titleRowStyle	titleRowStyle	identifier	b	8	1	2	machine:title row (window title)	S2-FW	S2-FW	0		
tnRow	tnTaskGroup	identifier	?	8	2	6		S3-CON	S3-CON	0		
toRowOf	toTaskGroupOf	identifier	?	8	1	5		S3-UNIT	S3-UNIT	0		
top-row	top-task-group	identifier	a	8	1	2	machine:a part: top	S3-UNIT	S3-UNIT	0		
topRow	topTaskGroup	identifier	a	8	2	3	machine:a part: top	S2-TL,S3-UNIT	S2-TL	0		
topRowOf	topTaskGroupOf	identifier	a	8	1	2	machine:a part: top	S3-UNIT	S3-UNIT	0		
topRows	topTaskGroups	identifier	a	8	1	4	machine:a part: top	S3-UNIT	S3-UNIT	0		
top_rows	top_task_groups	identifier	a	8	1	2	machine:a part: top	S1-D	S1-D	0		
totalRows	totalTaskGroups	identifier	?	8	1	3		S2-TL	S2-TL	0		
transition_rows	transition_task_groups	identifier	?	8	1	2		S1-D	S1-D	0		
two-row	two-task-group	identifier	?	8	4	5		S3-CON,S3-UNIT	S3-UNIT	0		
twoRowDocument	twoTaskGroupDocument	identifier	?	8	7	122		S3-UNIT	S3-UNIT	0		
twoRowDraft	twoTaskGroupDraft	identifier	?	8	1	6		S3-CON	S3-CON	0		
twoRows	twoTaskGroups	identifier	?	8	2	11		S3-UNIT	S3-UNIT	0		
typedByRow	typedByTaskGroup	identifier	?	8	1	20		S2-FW	S2-FW	0		
typedControlsByRow	typedControlsByTaskGroup	identifier	a	8	2	4	machine:a part: controls	S2-FW	S2-FW	0		
u-row	u-task-group	identifier	?	8	1	1		S2-TL	S2-TL	0		
uRowNamed	uTaskGroupNamed	identifier	?	8	1	6		S3-CON	S3-CON	0		
under_a_row	under_a_task_group	identifier	?	8	6	33		S1-D,S2-TL	S1-D	0		
undoRow	undoTaskGroup	identifier	?	8	2	12		S3-CON,S3-UNIT	S3-UNIT	0		
undrawnRowDepth	undrawnTaskGroupDepth	identifier	a	8	2	11	machine:a part: undrawn	S2-ENT,S2-UA	S2-UA	0		
unfoldedRows	unfoldedTaskGroups	identifier	a	8	2	7	machine:a part: unfolded	S2-ENT	S2-ENT	0		
unnamed-row	unnamed-task-group	identifier	?	8	1	1		S3-CON	S3-CON	0		
valueRowsOf	valueTaskGroupsOf	identifier	?	8	1	4		S3-UNIT	S3-UNIT	0		
wbs-parent	parent-task	identifier	a	1	2	2	machine:rule 1 / JDG-1727	S2-UA,S3-UNIT	S2-UA	0		
wbs-parent-arrows	parent-task-arrows	file	a	1	4	7	machine:rule 1 / JDG-1727	S1-C,S1-D,S2-ENT,S3-CON	S1-D	0		
wbs-parent-hold	parent-task-hold	file	a	1	3	4	machine:rule 1 / JDG-1727	S1-C,S2-FW,S3-UNIT	S1-C	0		
wbs-parent-palette-icons	parent-task-palette-icons	identifier	a	1	1	1	machine:rule 1 / JDG-1727	S1-D	S1-D	1		
wbsParent	parentTask	identifier	a	1	1	2	machine:rule 1 / JDG-1727	S2-UA	S2-UA	0		
wbsParentAfterTheMove	parentTaskAfterTheMove	identifier	a	1	1	2	machine:rule 1 / JDG-1727	S2-UA	S2-UA	0		
wbsParentArmed	parentTaskArmed	json-key	a	1	11	24	machine:rule 1 / JDG-1727	S1-D,S2-FW,S2-UA,S3-CON,S3-UNIT	S1-D	3		
wbsParentChoice	parentTaskChoice	json-key	a	1	9	25	machine:rule 1 / JDG-1727	S1-D,S2-FW,S2-UA,S3-CON,S3-UNIT	S1-D	2		
wbsParentChoiceOf	parentTaskChoiceOf	identifier	a	1	1	2	machine:rule 1 / JDG-1727	S2-UA	S2-UA	0		
wbsParentChooserOf	parentTaskChooserOf	identifier	a	1	1	2	machine:rule 1 / JDG-1727	S2-FW	S2-FW	0		
wbsParentFamilies	parentTaskFamilies	identifier	a	1	2	7	machine:rule 1 / JDG-1727	S2-ENT,S2-FW	S2-FW	0		
wbsParentFamiliesOf	parentTaskFamiliesOf	identifier	a	1	1	2	machine:rule 1 / JDG-1727	S2-FW	S2-FW	0		
wbsParentGeometryOf	parentTaskGeometryOf	identifier	a	1	2	3	machine:rule 1 / JDG-1727	S2-ENT	S2-ENT	0		
wbsParentHoldOf	parentTaskHoldOf	identifier	a	1	3	13	machine:rule 1 / JDG-1727	S2-FW,S3-UNIT	S2-FW	0		
wbsParentLink	parentTaskLink	api	a	2.4	15	39	CR-708 2.4	S2-ENT,S2-FW,S2-UA,S3-UNIT	S2-FW	0		
wbsParentLinkHitOf	parentTaskLinkHitOf	identifier	a	1	1	2	machine:rule 1 / JDG-1727	S2-ENT	S2-ENT	0		
wbsParentLinksIn	parentTaskLinksIn	identifier	a	1	1	2	machine:rule 1 / JDG-1727	S2-ENT	S2-ENT	0		
wbsParentLinksShown	parentTaskLinksShown	identifier	a	1	1	1	machine:rule 1 / JDG-1727	S1-D	S1-D	1		
wbsParentOf	parentTaskOf	identifier	a	1	3	4	machine:rule 1 / JDG-1727	S3-SYS	S3-SYS	0		
wbsParentParts	parentTaskParts	identifier	a	1	3	5	machine:rule 1 / JDG-1727	S2-UA,S3-UNIT	S2-UA	0		
wbsParentResolutionsOf	parentTaskResolutionsOf	identifier	a	1	8	18	machine:rule 1 / JDG-1727	S1-D,S2-ENT,S2-FW,S2-UA,S3-UNIT	S1-D	2		
wbsParentUid	parentTaskUid	api	a	2.4	171	2391	JDG-1666	S1-A,S1-B,S1-C,S1-D,S2-ENT,S2-FW,S2-TL,S2-UA,S3-CON,S3-SYS,S3-UNIT	S1-D	13		
wbsParentViewOf	parentTaskViewOf	identifier	a	1	1	2	machine:rule 1 / JDG-1727	S2-FW	S2-FW	0		
wbsParents	parentTasks	identifier	a	1	9	20	machine:rule 1 / JDG-1727	S2-ENT,S2-FW,S2-UA,S3-CON,S3-SYS,S3-UNIT	S2-FW	0		
wbsParentsOf	parentTasksOf	identifier	a	1	3	13	machine:rule 1 / JDG-1727	S2-ENT,S3-UNIT	S2-ENT	0		
weightRow	weightTaskGroup	identifier	?	8	1	3		S3-CON	S3-CON	0		
wheelRows	wheelTaskGroups	identifier	?	8	1	2		S3-UNIT	S3-UNIT	0		
wheelRowsOfTable	wheelRowsOfTable	identifier	b	8	1	2	machine:b part: table	S3-UNIT	S3-UNIT	0		
wheelUpOverRows	wheelUpOverTaskGroups	identifier	?	8	1	2		S2-TL	S2-TL	0		
wholeRow	wholeTaskGroup	identifier	?	8	2	11		S3-CON,S3-SYS	S3-SYS	0		
wholeRowOf	wholeTaskGroupOf	identifier	?	8	1	3		S3-CON	S3-CON	0		
widenRowTitlePanel	widenTaskGroupPanel	identifier	a	2	1	2	machine:rule 2	S2-TL	S2-TL	0		
widthRow	widthTaskGroup	identifier	?	8	1	2		S3-UNIT	S3-UNIT	0		
windowTitleRowElement	windowTitleRowElement	identifier	b	8	4	8	machine:section 4 list	S2-FW	S2-FW	0		
withRow	withTaskGroup	identifier	?	8	5	11		S2-UA,S3-CON	S2-UA	0		
withRows	withTaskGroups	identifier	?	8	1	3		S2-UA	S2-UA	0		
withRowsAlso	withTaskGroupsAlso	identifier	?	8	1	4		S2-UA	S2-UA	0		
withTwoRows	withTwoTaskGroups	identifier	?	8	1	2		S3-UNIT	S3-UNIT	0		
withWbsOrderFollowingTheRows	withWbsOrderFollowingTheTaskGroups	identifier	?	8	1	4		S2-UA	S2-UA	0		
with_calendar_rows_printed	with_calendar_task_groups_printed	identifier	?	8	3	3		S1-D	S1-D	0		
withoutRow	withoutTaskGroup	identifier	?	8	1	3		S2-UA	S2-UA	0		
without_row	without_task_group	identifier	?	8	1	4		S1-D	S1-D	0		
wordsRowOf	wordsTaskGroupOf	identifier	?	8	6	17		S2-UA,S3-CON,S3-SYS,S3-UNIT	S2-UA	0		
wouldMoveARow	wouldMoveATaskGroup	identifier	?	8	1	1		S3-BASE	S3-BASE	0		
writeRows	writeTaskGroups	identifier	?	8	1	1		S2-TL	S2-TL	0		
write_row	write_task_group	identifier	?	8	1	2		S2-TL	S2-TL	0		
zoomRowIn	zoomVerticalIn	identifier	a	7	1	4	machine:rule 7	S2-UA	S2-UA	0		
zoomRowOut	zoomVerticalOut	identifier	a	7	1	3	machine:rule 7	S2-UA	S2-UA	0		
Show WBS Parents	Show Parent Tasks	spec-word	a	2.1	1	1	JDG-1667	S1-D		1		
Set a WBS Parent	Set Parent Task	spec-word	a	2.1	1	2	JDG-1667	S1-D		2		
Row Title Panel	Task Group Panel	spec-word	a	2.1	66	204	JDG-1659	S1-A,S1-B,S1-C,S1-D,S2-ENT,S2-FW,S2-TL,S2-UA,S3-CON,S3-SYS,S3-UNIT		30		
row title panel	task group panel	spec-word	a	2.1	24	39	JDG-1659	S1-D,S2-TL,S2-UA,S3-BASE,S3-CON,S3-SYS,S3-UNIT		0		
Row Title Tree	Task Group Title Tree	spec-word	a	2.1	19	34	JDG-1662	S1-B,S1-C,S2-FW,S2-UA,S3-CON,S3-SYS,S3-UNIT		0		
Row Title	Task Group Name	spec-word	a	2.1	5	5	JDG-1659 / JDG-1662	S1-D,S3-CON,S3-SYS,S3-UNIT		1		
Pinned Row	Pinned Task Group	spec-word	a	2.1	5	5	JDG-1659	S1-B,S1-C,S2-FW,S3-UNIT		0		
Row Expander	Task Group Expander	spec-word	a	2.1	6	18	JDG-1659	S1-A,S1-B,S1-C,S2-FW,S3-UNIT		0		
Row Pin	Task Group Pin	spec-word	a	2.1	8	23	JDG-1659	S1-A,S1-B,S1-C,S1-D,S2-FW,S2-TL,S3-UNIT		0		
Row Area	Task Group Area	spec-word	a	2.1	79	371	JDG-1661	S1-A,S1-B,S1-C,S1-D,S2-ENT,S2-FW,S2-TL,S2-UA,S3-CON,S3-SYS,S3-UNIT		19		
row title	task group title	spec-word	a	2.1	16	17	JDG-1662	S1-D,S2-UA,S3-CON,S3-SYS,S3-UNIT		1		
row name	task group name	spec-word	a	2.1	48	63	JDG-1662	S1-D,S2-ENT,S2-TL,S3-CON,S3-SYS,S3-UNIT		1		
row axis	vertical axis	spec-word	a	2.1	9	20	JDG-1660	S1-D,S3-BASE,S3-CON,S3-SYS,S3-UNIT		3		
WBS Link	Parent Task Link	spec-word	a	2.1	1	1	JDG-1731	S1-D		1		
WBS parents	parent tasks	spec-word	a	2.1	3	3	JDG-1652	S1-D,S3-CON		1		
WBS parent	parent task	spec-word	a	2.1	26	38	JDG-1652	S1-D,S2-ENT,S2-FW,S2-UA,S3-CON,S3-SYS,S3-UNIT		3		
WL-1	PTL-1	row-id	a	2.7	3	5	JDG-1731	S1-B,S3-SYS,S3-UNIT		0		
WL-2	PTL-2	row-id	a	2.7	3	7	JDG-1731	S1-B,S1-D,S3-UNIT		0		
WL-3	PTL-3	row-id	a	2.7	3	5	JDG-1731	S1-B,S2-UA,S3-UNIT		0		
WL-4	PTL-4	row-id	a	2.7	3	5	JDG-1731	S1-B,S2-ENT,S3-UNIT		0		
WL-5	PTL-5	row-id	a	2.7	5	10	JDG-1731	S1-B,S2-UA,S3-SYS,S3-UNIT		0		
WL-6	PTL-6	row-id	a	2.7	3	4	JDG-1731	S1-B,S2-UA,S3-UNIT		0		
WL-7	PTL-7	row-id	a	2.7	3	4	JDG-1731	S1-B,S2-UA,S3-UNIT		0		
WL-8	PTL-8	row-id	a	2.7	6	9	JDG-1731	S1-B,S1-D,S2-UA,S3-CON,S3-SYS,S3-UNIT		1		
WL-9	PTL-9	row-id	a	2.7	3	4	JDG-1731	S1-B,S2-UA,S3-CON		0		
WL-10	PTL-10	row-id	a	2.7	7	15	JDG-1731	S1-B,S2-ENT,S2-FW,S2-UA,S3-UNIT		0		
WL-11	PTL-11	row-id	a	2.7	3	11	JDG-1731	S1-A,S1-B,S3-SYS,S3-UNIT		0		
WL-12	PTL-12	row-id	a	2.7	6	8	JDG-1731	S1-B,S1-D,S2-ENT,S2-UA,S3-CON,S3-UNIT		1		
WL-13	PTL-13	row-id	a	2.7	10	20	JDG-1731	S1-B,S1-C,S1-D,S2-FW,S2-UA,S3-CON,S3-UNIT		1		
WL-14	PTL-14	row-id	a	2.7	6	12	JDG-1731	S1-B,S1-C,S1-D,S2-FW,S3-UNIT		1		
WL-15	PTL-15	row-id	a	2.7	11	24	JDG-1731	S1-B,S1-D,S2-ENT,S2-FW,S2-UA,S3-SYS		2		
WL-16	PTL-16	row-id	a	2.7	7	15	JDG-1731	S1-B,S1-D,S2-FW,S2-UA,S3-SYS,S3-UNIT		2		
WL-17	PTL-17	row-id	a	2.7	9	12	JDG-1731	S1-B,S1-D,S2-FW,S2-UA,S3-SYS		1		
WL	PTL	row-id-prefix	a	2.7	1	1	JDG-1731	S1-D	S1-D	1		the registry entry of docs/spec/_source/row-id-prefixes.json only
docs/spec/_assets/fig-hit-stacked-row.svg	docs/spec/_assets/fig-hit-stacked-task-group.svg	file-path	a	2.6	1	1	machine:a part: hit	S1-C	S1-C	0		git mv; import paths follow (rename_symbols.mjs)
src/adapter/document-codec/mspdi-imported-rows.ts	src/adapter/document-codec/mspdi-imported-task-groups.ts	file-path	a	2.6	1	1	machine:a part: imported	S2-UA	S2-UA	0		git mv; import paths follow (rename_symbols.mjs)
src/adapter/input-command-translator/row-grab.ts	src/adapter/input-command-translator/task-group-grab.ts	file-path	a	2.6	1	1	machine:a part: grab	S2-UA	S2-UA	0		git mv; import paths follow (rename_symbols.mjs)
src/adapter/input-command-translator/row-tree-entrances.ts	src/adapter/input-command-translator/task-group-tree-entrances.ts	file-path	a	2.6	1	1	machine:a part: tree	S2-UA	S2-UA	0		git mv; import paths follow (rename_symbols.mjs)
src/adapter/screen-renderer/row-title-panel.ts	src/adapter/screen-renderer/task-group-panel.ts	file-path	a	2.6	1	1	machine:rule 2	S2-UA	S2-UA	0		git mv; import paths follow (rename_symbols.mjs)
src/entity/document-model/schedule/row-names.ts	src/entity/document-model/schedule/task-group-names.ts	file-path	a	2.6	1	1	machine:rule 5	S2-ENT	S2-ENT	0		git mv; import paths follow (rename_symbols.mjs)
src/entity/layout-engine/schedule-geometry/wbs-parent-arrows.ts	src/entity/layout-engine/schedule-geometry/parent-task-arrows.ts	file-path	a	2.6	1	1	machine:rule 1 / JDG-1727	S2-ENT	S2-ENT	0		git mv; import paths follow (rename_symbols.mjs)
src/entity/layout-engine/schedule-layout/drawn-rows.ts	src/entity/layout-engine/schedule-layout/drawn-task-groups.ts	file-path	a	2.6	1	1	machine:a part: drawn	S2-ENT	S2-ENT	0		git mv; import paths follow (rename_symbols.mjs)
src/entity/layout-engine/schedule-layout/row-scroll.ts	src/entity/layout-engine/schedule-layout/task-group-scroll.ts	file-path	a	2.6	1	1	machine:a part: scroll	S2-ENT	S2-ENT	0		git mv; import paths follow (rename_symbols.mjs)
src/framework/dom-screen-surface/row-title-panel-drawing.ts	src/framework/dom-screen-surface/task-group-panel-drawing.ts	file-path	a	2.6	1	1	machine:rule 2	S2-FW	S2-FW	0		git mv; import paths follow (rename_symbols.mjs)
src/framework/single-html-shell/row-band-ceiling-cache.ts	src/framework/single-html-shell/task-group-band-ceiling-cache.ts	file-path	a	2.6	1	1	machine:a part: band	S2-FW	S2-FW	0		git mv; import paths follow (rename_symbols.mjs)
src/framework/single-html-shell/wbs-parent-hold.ts	src/framework/single-html-shell/parent-task-hold.ts	file-path	a	2.6	1	1	machine:rule 1 / JDG-1727	S2-FW	S2-FW	0		git mv; import paths follow (rename_symbols.mjs)
tests/contract/cr-441-t-274-principles-and-rows-both-ways.contract.test.ts	tests/contract/cr-441-t-274-principles-and-task-groups-both-ways.contract.test.ts	file-path	?	2.6	1	1		S3-CON	S3-CON	0		git mv; import paths follow (rename_symbols.mjs)
tests/contract/cr-577-a-row-zoom-in-below-the-floor-always-changes-the-picture.test.ts	tests/contract/cr-577-a-vertical-zoom-in-below-the-floor-always-changes-the-picture.test.ts	file-path	a	2.6	1	1	machine:rule 7	S3-CON	S3-CON	0		git mv; import paths follow (rename_symbols.mjs)
tests/contract/cr-582-the-drawn-floor-of-a-row-follows-the-zoom.test.ts	tests/contract/cr-582-the-drawn-floor-of-a-task-group-follows-the-zoom.test.ts	file-path	a	2.6	1	1	machine:a part: drawn	S3-CON	S3-CON	0		git mv; import paths follow (rename_symbols.mjs)
tests/contract/cr-583-milestone-figures-sit-on-the-row-centre.contract.test.ts	tests/contract/cr-583-milestone-figures-sit-on-the-task-group-centre.contract.test.ts	file-path	?	2.6	1	1		S3-CON	S3-CON	0		git mv; import paths follow (rename_symbols.mjs)
tests/contract/cr-586-the-row-colour-list-is-one-and-black-is-refused.test.ts	tests/contract/cr-586-the-task-group-colour-list-is-one-and-black-is-refused.test.ts	file-path	?	2.6	1	1		S3-CON	S3-CON	0		git mv; import paths follow (rename_symbols.mjs)
tests/contract/cr-592-monochrome-greys-every-t-236-row.test.ts	tests/contract/cr-592-monochrome-greys-every-t-236-task-group.test.ts	file-path	a	2.6	1	1	machine:a part: every	S3-CON	S3-CON	0		git mv; import paths follow (rename_symbols.mjs)
tests/contract/cr-606-the-panel-rows-follow-t-016.test.ts	tests/contract/cr-606-the-panel-task-groups-follow-t-016.test.ts	file-path	a	2.6	1	1	machine:a part: panel	S3-CON	S3-CON	0		git mv; import paths follow (rename_symbols.mjs)
tests/contract/cr-608-an-added-row-opens-until-the-view-shrinks.test.ts	tests/contract/cr-608-an-added-task-group-opens-until-the-view-shrinks.test.ts	file-path	a	2.6	1	1	machine:a part: added	S3-CON	S3-CON	0		git mv; import paths follow (rename_symbols.mjs)
tests/contract/cr-608-the-row-createtaskgroup-makes.test.ts	tests/contract/cr-608-the-task-group-createtaskgroup-makes.test.ts	file-path	?	2.6	1	1		S3-CON	S3-CON	0		git mv; import paths follow (rename_symbols.mjs)
tests/contract/cr-657-group-grid-lines-across-the-row-title-panel.test.ts	tests/contract/cr-657-group-grid-lines-across-the-task-group-panel.test.ts	file-path	a	2.6	1	1	machine:rule 2	S3-CON	S3-CON	0		git mv; import paths follow (rename_symbols.mjs)
tests/contract/cr-690-the-row-title-width-fields-and-the-settings-face.test.ts	tests/contract/cr-690-the-task-group-title-width-fields-and-the-settings-face.test.ts	file-path	a	2.6	1	1	machine:rule 4	S3-CON	S3-CON	0		git mv; import paths follow (rename_symbols.mjs)
tests/contract/cr-707-the-startup-margin-the-palette-corner-and-the-row-name-top.contract.test.ts	tests/contract/cr-707-the-startup-margin-the-palette-corner-and-the-task-group-name-top.contract.test.ts	file-path	a	2.6	1	1	machine:rule 5	S3-CON	S3-CON	0		git mv; import paths follow (rename_symbols.mjs)
tests/contract/cr-712-the-display-manner-of-every-row.contract.test.ts	tests/contract/cr-712-the-display-manner-of-every-task-group.contract.test.ts	file-path	a	2.6	1	1	machine:a part: every	S3-CON	S3-CON	0		git mv; import paths follow (rename_symbols.mjs)
tests/contract/cr-712-the-words-and-the-hidden-rows.contract.test.ts	tests/contract/cr-712-the-words-and-the-hidden-task-groups.contract.test.ts	file-path	?	2.6	1	1		S3-CON	S3-CON	0		git mv; import paths follow (rename_symbols.mjs)
tests/contract/cr-718-a-paste-onto-two-rows-carries-rs-27.test.ts	tests/contract/cr-718-a-paste-onto-two-task-groups-carries-rs-27.test.ts	file-path	?	2.6	1	1		S3-CON	S3-CON	0		git mv; import paths follow (rename_symbols.mjs)
tests/contract/cr-718-an-import-refusal-names-its-t-220-row.contract.test.ts	tests/contract/cr-718-an-import-refusal-names-its-t-220-task-group.contract.test.ts	file-path	a	2.6	1	1	machine:a part: names	S3-CON	S3-CON	0		git mv; import paths follow (rename_symbols.mjs)
tests/contract/dfc-1000-hf-10-the-open-all-stance-counts-every-placed-row.test.ts	tests/contract/dfc-1000-hf-10-the-open-all-stance-counts-every-placed-task-group.test.ts	file-path	a	2.6	1	1	machine:a part: every	S3-CON	S3-CON	0		git mv; import paths follow (rename_symbols.mjs)
tests/contract/dfc-1015-fr-019-a-hidden-end-row-shrinks-the-frame.test.ts	tests/contract/dfc-1015-fr-019-a-hidden-end-task-group-shrinks-the-frame.test.ts	file-path	?	2.6	1	1		S3-CON	S3-CON	0		git mv; import paths follow (rename_symbols.mjs)
tests/contract/dfc-1054-a-pasted-row-copy-writes-no-slack.test.ts	tests/contract/dfc-1054-a-pasted-task-group-copy-writes-no-slack.test.ts	file-path	?	2.6	1	1		S3-CON	S3-CON	0		git mv; import paths follow (rename_symbols.mjs)
tests/contract/dfc-1172-ep-3-the-exported-row-name-baseline-is-one-font-below-the-box-top.test.ts	tests/contract/dfc-1172-ep-3-the-exported-task-group-name-baseline-is-one-font-below-the-box-top.test.ts	file-path	a	2.6	1	1	machine:rule 5	S3-CON	S3-CON	0		git mv; import paths follow (rename_symbols.mjs)
tests/contract/dfc-1282-sj-7-sj-8-a-pinned-row-drawn-in-the-band-is-never-told-as-no-room.test.ts	tests/contract/dfc-1282-sj-7-sj-8-a-pinned-task-group-drawn-in-the-band-is-never-told-as-no-room.test.ts	file-path	a	2.6	1	1	machine:a part: pinned	S3-CON	S3-CON	0		git mv; import paths follow (rename_symbols.mjs)
tests/contract/dfc-1412-fr-006-every-target-lists-its-looks-in-one-order-one-colour-a-row.test.ts	tests/contract/dfc-1412-fr-006-every-target-lists-its-looks-in-one-order-one-colour-a-task-group.test.ts	file-path	a	2.6	1	1	machine:a part: every	S3-CON	S3-CON	0		git mv; import paths follow (rename_symbols.mjs)
tests/contract/dfc-1720-a-row-control-tip-sits-under-its-row.test.ts	tests/contract/dfc-1720-a-task-group-control-tip-sits-under-its-task-group.test.ts	file-path	a	2.6	1	1	machine:a part: control	S3-CON	S3-CON	0		git mv; import paths follow (rename_symbols.mjs)
tests/contract/dfc-2160-a-row-under-the-pinned-band-is-not-picked.test.ts	tests/contract/dfc-2160-a-task-group-under-the-pinned-band-is-not-picked.test.ts	file-path	a	2.6	1	1	machine:a part: pinned	S3-CON	S3-CON	0		git mv; import paths follow (rename_symbols.mjs)
tests/contract/dfc-2301-a-pan-keeps-the-zoom-ends-without-laying-the-rows-out.test.ts	tests/contract/dfc-2301-a-pan-keeps-the-zoom-ends-without-laying-the-task-groups-out.test.ts	file-path	a	2.6	1	1	machine:a part: zoom	S3-CON	S3-CON	0		git mv; import paths follow (rename_symbols.mjs)
tests/contract/dfc-612-fr-085-a-row-name-is-cut-once-and-the-rest-is-hidden.test.ts	tests/contract/dfc-612-fr-085-a-task-group-name-is-cut-once-and-the-rest-is-hidden.test.ts	file-path	a	2.6	1	1	machine:rule 5	S3-CON	S3-CON	0		git mv; import paths follow (rename_symbols.mjs)
tests/contract/dfc-615-mk-5-a-horizontal-scroll-leaves-the-row-anchor-alone.test.ts	tests/contract/dfc-615-mk-5-a-horizontal-scroll-leaves-the-task-group-anchor-alone.test.ts	file-path	a	2.6	1	1	machine:a part: scroll	S3-CON	S3-CON	0		git mv; import paths follow (rename_symbols.mjs)
tests/contract/dfc-697-a-display-scale-step-keeps-the-row-area-middle.contract.test.ts	tests/contract/dfc-697-a-display-scale-step-keeps-the-task-group-area-middle.contract.test.ts	file-path	a	2.6	1	1	machine:rule 6	S3-CON	S3-CON	0		git mv; import paths follow (rename_symbols.mjs)
tests/contract/dfc-699-fr-016-t-253-the-row-zoom-ceiling-follows-the-rows-the-detail-level-draws.test.ts	tests/contract/dfc-699-fr-016-t-253-the-vertical-zoom-ceiling-follows-the-task-groups-the-detail-level-draws.test.ts	file-path	a	2.6	1	1	machine:rule 7	S3-CON	S3-CON	0		git mv; import paths follow (rename_symbols.mjs)
tests/contract/dfc-699-the-row-zoom-ceiling-and-the-held-day.contract.test.ts	tests/contract/dfc-699-the-vertical-zoom-ceiling-and-the-held-day.contract.test.ts	file-path	a	2.6	1	1	machine:rule 7	S3-CON	S3-CON	0		git mv; import paths follow (rename_symbols.mjs)
tests/contract/dfc-703-t-280-the-screen-session-names-its-surfaces-by-u-row.test.ts	tests/contract/dfc-703-t-280-the-screen-session-names-its-surfaces-by-u-task-group.test.ts	file-path	a	2.6	1	1	machine:a part: names	S3-CON	S3-CON	0		git mv; import paths follow (rename_symbols.mjs)
tests/contract/dfc-732-ir-3-the-record-names-the-t-220-row-of-a-refused-import.test.ts	tests/contract/dfc-732-ir-3-the-record-names-the-t-220-task-group-of-a-refused-import.test.ts	file-path	a	2.6	1	1	machine:a part: names	S3-CON	S3-CON	0		git mv; import paths follow (rename_symbols.mjs)
tests/contract/e24-paste-refused-while-several-rows-are-chosen.test.ts	tests/contract/e24-paste-refused-while-several-task-groups-are-chosen.test.ts	file-path	a	2.6	1	1	machine:a part: chosen	S3-CON	S3-CON	0		git mv; import paths follow (rename_symbols.mjs)
tests/contract/t-233-reason-words-tell-the-row.contract.test.ts	tests/contract/t-233-reason-words-tell-the-task-group.contract.test.ts	file-path	?	2.6	1	1		S3-CON	S3-CON	0		git mv; import paths follow (rename_symbols.mjs)
tests/contract/w3-t3-a-row-title-width-saved-unchanged-is-no-edit.test.ts	tests/contract/w3-t3-a-task-group-title-width-saved-unchanged-is-no-edit.test.ts	file-path	a	2.6	1	1	machine:rule 4	S3-CON	S3-CON	0		git mv; import paths follow (rename_symbols.mjs)
tests/contract/w3-t5-fr-039-the-drawn-row-title-panel-width-and-its-floor.contract.test.ts	tests/contract/w3-t5-fr-039-the-drawn-task-group-panel-width-and-its-floor.contract.test.ts	file-path	a	2.6	1	1	machine:rule 2	S3-CON	S3-CON	0		git mv; import paths follow (rename_symbols.mjs)
tests/contract/w3-t5-in-4-the-selection-rung-stands-for-rows-alone.contract.test.ts	tests/contract/w3-t5-in-4-the-selection-rung-stands-for-task-groups-alone.contract.test.ts	file-path	?	2.6	1	1		S3-CON	S3-CON	0		git mv; import paths follow (rename_symbols.mjs)
tests/fixtures/row-name-font.ts	tests/fixtures/task-group-name-font.ts	file-path	a	2.6	1	1	machine:rule 5	S3-SYS	S3-SYS	0		git mv; import paths follow (rename_symbols.mjs)
tests/system/cr-381-row-names-drawn-at-their-own-size.test.ts	tests/system/cr-381-task-group-names-drawn-at-their-own-size.test.ts	file-path	a	2.6	1	1	machine:rule 5	S3-SYS	S3-SYS	0		git mv; import paths follow (rename_symbols.mjs)
tests/system/cr-553-a-shown-control-group-stays-its-row.test.ts	tests/system/cr-553-a-shown-control-group-stays-its-task-group.test.ts	file-path	a	2.6	1	1	machine:a part: shown	S3-SYS	S3-SYS	0		git mv; import paths follow (rename_symbols.mjs)
tests/system/cr-657-group-grid-lines-across-the-row-title-panel.test.ts	tests/system/cr-657-group-grid-lines-across-the-task-group-panel.test.ts	file-path	a	2.6	1	1	machine:rule 2	S3-SYS	S3-SYS	0		git mv; import paths follow (rename_symbols.mjs)
tests/system/fr-019-hm-9-the-row-tree-decides-what-is-below.test.ts	tests/system/fr-019-hm-9-the-task-group-tree-decides-what-is-below.test.ts	file-path	a	2.6	1	1	machine:a part: tree	S3-SYS	S3-SYS	0		git mv; import paths follow (rename_symbols.mjs)
tests/system/rows-fixed-with-nothing-holding-them.test.ts	tests/system/task-groups-fixed-with-nothing-holding-them.test.ts	file-path	?	2.6	1	1		S3-SYS	S3-SYS	0		git mv; import paths follow (rename_symbols.mjs)
tests/system/w3-t1-a-landed-merge-tells-its-rows.test.ts	tests/system/w3-t1-a-landed-merge-tells-its-task-groups.test.ts	file-path	?	2.6	1	1		S3-SYS	S3-SYS	0		git mv; import paths follow (rename_symbols.mjs)
tests/system/w3-t1-pinned-rows-that-do-not-fit.test.ts	tests/system/w3-t1-pinned-task-groups-that-do-not-fit.test.ts	file-path	a	2.6	1	1	machine:a part: pinned	S3-SYS	S3-SYS	0		git mv; import paths follow (rename_symbols.mjs)
tests/system/w3-t1-the-wbs-parent-and-the-panel-rows.test.ts	tests/system/w3-t1-the-parent-task-and-the-panel-task-groups.test.ts	file-path	a	2.6	1	1	machine:rule 1	S3-SYS	S3-SYS	0		git mv; import paths follow (rename_symbols.mjs)
tests/system/w3-t3-the-row-title-panel-head-row.test.ts	tests/system/w3-t3-the-task-group-panel-head-task-group.test.ts	file-path	a	2.6	1	1	machine:rule 2	S3-SYS	S3-SYS	0		git mv; import paths follow (rename_symbols.mjs)
tests/unit/cr-404-a-row-opened-by-hand-stays-open.test.ts	tests/unit/cr-404-a-task-group-opened-by-hand-stays-open.test.ts	file-path	?	2.6	1	1		S3-UNIT	S3-UNIT	0		git mv; import paths follow (rename_symbols.mjs)
tests/unit/cr-423-the-row-zoom-stops-where-the-picture-stops-changing.test.ts	tests/unit/cr-423-the-vertical-zoom-stops-where-the-picture-stops-changing.test.ts	file-path	a	2.6	1	1	machine:rule 7	S3-UNIT	S3-UNIT	0		git mv; import paths follow (rename_symbols.mjs)
tests/unit/cr-439-row-title-panel-controls-and-pins.test.ts	tests/unit/cr-439-task-group-panel-controls-and-pins.test.ts	file-path	a	2.6	1	1	machine:rule 2	S3-UNIT	S3-UNIT	0		git mv; import paths follow (rename_symbols.mjs)
tests/unit/cr-541-row-title-panel-open-all-and-reset.test.ts	tests/unit/cr-541-task-group-panel-open-all-and-reset.test.ts	file-path	a	2.6	1	1	machine:rule 2	S3-UNIT	S3-UNIT	0		git mv; import paths follow (rename_symbols.mjs)
tests/unit/cr-567-an-imported-leaf-task-sits-on-its-parents-row.test.ts	tests/unit/cr-567-an-imported-leaf-task-sits-on-its-parents-task-group.test.ts	file-path	a	2.6	1	1	machine:a part: imported	S3-UNIT	S3-UNIT	0		git mv; import paths follow (rename_symbols.mjs)
tests/unit/cr-631-wbs-parent-resolutions-and-arrows.test.ts	tests/unit/cr-631-parent-task-resolutions-and-arrows.test.ts	file-path	a	2.6	1	1	machine:rule 1	S3-UNIT	S3-UNIT	0		git mv; import paths follow (rename_symbols.mjs)
tests/unit/dfc-540-541-695-696-1651-the-chosen-rows-the-chosen-assignees-and-the-question.test.ts	tests/unit/dfc-540-541-695-696-1651-the-chosen-task-groups-the-chosen-assignees-and-the-question.test.ts	file-path	a	2.6	1	1	machine:a part: chosen	S3-UNIT	S3-UNIT	0		git mv; import paths follow (rename_symbols.mjs)
tests/unit/dfc-991-the-row-boxes-are-measured-by-the-renderer.test.ts	tests/unit/dfc-991-the-task-group-boxes-are-measured-by-the-renderer.test.ts	file-path	a	2.6	1	1	machine:a part: boxes	S3-UNIT	S3-UNIT	0		git mv; import paths follow (rename_symbols.mjs)
tests/unit/fr-019-no-row-for-the-annotation.test.ts	tests/unit/fr-019-no-task-group-for-the-annotation.test.ts	file-path	?	2.6	1	1		S3-UNIT	S3-UNIT	0		git mv; import paths follow (rename_symbols.mjs)
tests/unit/fr-085-double-click-a-row-name.test.ts	tests/unit/fr-085-double-click-a-task-group-name.test.ts	file-path	a	2.6	1	1	machine:rule 5	S3-UNIT	S3-UNIT	0		git mv; import paths follow (rename_symbols.mjs)
tests/unit/t-050-a-document-always-holds-one-row.test.ts	tests/unit/t-050-a-document-always-holds-one-task-group.test.ts	file-path	?	2.6	1	1		S3-UNIT	S3-UNIT	0		git mv; import paths follow (rename_symbols.mjs)
tests/unit/t-051-hf-14-a-raised-row-is-visible.test.ts	tests/unit/t-051-hf-14-a-raised-task-group-is-visible.test.ts	file-path	?	2.6	1	1		S3-UNIT	S3-UNIT	0		git mv; import paths follow (rename_symbols.mjs)
tests/unit/t-051-hf-14-the-depth-cap-refuses-a-row.test.ts	tests/unit/t-051-hf-14-the-depth-cap-refuses-a-task-group.test.ts	file-path	a	2.6	1	1	machine:a part: depth	S3-UNIT	S3-UNIT	0		git mv; import paths follow (rename_symbols.mjs)
tests/unit/t-051-hf-15-grabbing-a-row.test.ts	tests/unit/t-051-hf-15-grabbing-a-task-group.test.ts	file-path	?	2.6	1	1		S3-UNIT	S3-UNIT	0		git mv; import paths follow (rename_symbols.mjs)
tests/unit/t-051-hf-17-adding-a-row-walks-the-rename-road.test.ts	tests/unit/t-051-hf-17-adding-a-task-group-walks-the-rename-road.test.ts	file-path	?	2.6	1	1		S3-UNIT	S3-UNIT	0		git mv; import paths follow (rename_symbols.mjs)
tests/unit/t-051-hf-6-ground-under-the-row-controls.test.ts	tests/unit/t-051-hf-6-ground-under-the-task-group-controls.test.ts	file-path	a	2.6	1	1	machine:a part: controls	S3-UNIT	S3-UNIT	0		git mv; import paths follow (rename_symbols.mjs)
tests/unit/t-233-rs-56-a-self-dependency-is-told-its-own-row.test.ts	tests/unit/t-233-rs-56-a-self-dependency-is-told-its-own-task-group.test.ts	file-path	?	2.6	1	1		S3-UNIT	S3-UNIT	0		git mv; import paths follow (rename_symbols.mjs)
tests/unit/uf-105-fill-row-title-tree.test.ts	tests/unit/uf-105-fill-task-group-title-tree.test.ts	file-path	a	2.6	1	1	machine:rule 4	S3-UNIT	S3-UNIT	0		git mv; import paths follow (rename_symbols.mjs)
tests/usecase/uc-002-build-rows-as-a-hierarchy.test.ts	tests/usecase/uc-002-build-task-groups-as-a-hierarchy.test.ts	file-path	?	2.6	1	1		S3-SYS	S3-SYS	0		git mv; import paths follow (rename_symbols.mjs)
