survey	pattern_id	area	pattern	count	files	examples	class	reason	proposal_ja	proposal_en	generated
J1	J1-A01	spec 01-04	行見出しパネル (Row Title Panel)	54	1	docs/spec/01-04-requirements.md:655, docs/spec/01-04-requirements.md:1657, docs/spec/01-04-requirements.md:1669	a	UI part U-22 holding TaskGroup titles	タスクグループパネル	Task Group Panel	no
J1	J1-A03	spec 01-04	行の名前 / 行名 / 行タイトル (TaskGroup.label)	54	1	docs/spec/01-04-requirements.md:1161, docs/spec/01-04-requirements.md:1359, docs/spec/01-04-requirements.md:1450	a	name of a TaskGroup (AT-53)	タスクグループ名	task group name	no
J1	J1-A04	spec 01-04	行の帯 / 行の帯高 / 行の地 (row band)	52	1	docs/spec/01-04-requirements.md:232, docs/spec/01-04-requirements.md:233, docs/spec/01-04-requirements.md:1197	a	band drawn for a TaskGroup	タスクグループの帯	task group band	no
J1	J1-A05	spec 01-04	ピン止めした行 / 留めた行 (pinned row)	48	1	docs/spec/01-04-requirements.md:1759, docs/spec/01-04-requirements.md:1763, docs/spec/01-04-requirements.md:2841	a	TaskGroup pinned by FR-098	ピン止めしたタスクグループ	pinned task group	no
J1	J1-A06	spec 01-04	行自身（その行自身）	15	1	docs/spec/01-04-requirements.md:1740, docs/spec/01-04-requirements.md:1741, docs/spec/01-04-requirements.md:1746	a	the TaskGroup itself vs its descendants	そのタスクグループ自身	the task group itself	no
J1	J1-A07	spec 01-04	行の高さ / 行の最小の高さ / 行高固定	11	1	docs/spec/01-04-requirements.md:1573, docs/spec/01-04-requirements.md:1593, docs/spec/01-04-requirements.md:1765	a	height of a TaskGroup (AT-59)	タスクグループの高さ	task group height	no
J1	J1-A08	spec 01-04	行の操作子 / 行の掴み代 / 行の格子	19	1	docs/spec/01-04-requirements.md:1359, docs/spec/01-04-requirements.md:1686, docs/spec/01-04-requirements.md:1687	a	controls/grab drawn per TaskGroup in the panel	タスクグループの操作子	task group controls	no
J1	J1-A09	spec 01-04	行の木 / 行の木の状態 / 行と階層	26	2	docs/spec/01-04-requirements.md:167, docs/spec/01-04-requirements.md:646, docs/spec/01-04-requirements.md:1711	a	TaskGroup tree (axis B) and treeState (input also had hits outside 01-04)	タスクグループの木	task group tree	no
J1	J1-A10	spec 01-04	行の識別子 (anchorGroupId etc.)	10	1	docs/spec/01-04-requirements.md:848, docs/spec/01-04-requirements.md:853, docs/spec/01-04-requirements.md:2643	a	TaskGroup id used to anchor notes	タスクグループの識別子	task group identifier	no
J1	J1-A11	spec 01-04	行の色 (TaskGroup.color)	8	1	docs/spec/01-04-requirements.md:655, docs/spec/01-04-requirements.md:2073, docs/spec/01-04-requirements.md:2095	a	TaskGroup.color	タスクグループの色	task group color	no
J1	J1-A12	spec 01-04	畳んだ行・隠した行・開いた行・描かれていない行	103	1	docs/spec/01-04-requirements.md:660, docs/spec/01-04-requirements.md:1738, docs/spec/01-04-requirements.md:1739	a	TaskGroup fold/hide/LOD state	畳んだタスクグループ・隠したタスクグループ	folded / hidden task group	no
J1	J1-A13	spec 01-04	行を作る・足す・立てる・消す・削除する	64	1	docs/spec/01-04-requirements.md:227, docs/spec/01-04-requirements.md:1152, docs/spec/01-04-requirements.md:1161	a	create/add/delete a TaskGroup	タスクグループを作る／消す	create / delete a task group	no
J1	J1-A14	spec 01-04	行に載る・載せる行・別の行へ移す	71	1	docs/spec/01-04-requirements.md:260, docs/spec/01-04-requirements.md:667, docs/spec/01-04-requirements.md:820	a	TaskGroupMember: the TaskGroup a Task sits on	タスクグループに載る	sit on a task group	no
J1	J1-A15	spec 01-04	行の数・N 行・1 行 ＝ 1 対象・行数（TaskGroup の数）	57	1	docs/spec/01-04-requirements.md:25, docs/spec/01-04-requirements.md:73, docs/spec/01-04-requirements.md:167	a	count of TaskGroups	タスクグループの数 / N 個のタスクグループ	number of task groups	no
J1	J1-A99	spec 01-04	行（TaskGroup、その他の文脈: この行・その行・最上位の行・配下の行・各行・全行…）	593	2	docs/spec/01-04-requirements.md:68, docs/spec/01-04-requirements.md:73, docs/spec/01-04-requirements.md:233	a	TaskGroup on the chart / in the panel (input also had hits outside 01-04)	タスクグループ	task group	no
J1	J1-B01	spec 01-04	行 ID	178	1	docs/spec/01-04-requirements.md:33, docs/spec/01-04-requirements.md:54, docs/spec/01-04-requirements.md:165	b	spec-table row ID	-	-	no
J1	J1-B02	spec 01-04	本行	114	1	docs/spec/01-04-requirements.md:196, docs/spec/01-04-requirements.md:197, docs/spec/01-04-requirements.md:230	b	this spec-table row	-	-	no
J1	J1-B03	spec 01-04	表 T-xxx の行・同表の行・本表の行・`XX-n` の行・`xxxPressed` の行・表 T-xxx の全行／各行	74	2	docs/development-rules/09-tools.md:154, docs/spec/01-04-requirements.md:1447, docs/spec/01-04-requirements.md:1482	b	row of a specification table (input also had hits outside 01-04)	-	-	no
J1	J1-B04	spec 01-04	仕様表の行（表番号を前に置かない散文: 表に行を足す・行を持たない・N 行の表・設定値の行）	224	2	docs/spec/_source/published-entries.json:1188, docs/spec/01-04-requirements.md:219, docs/spec/01-04-requirements.md:226	b	row of a specification/settings table in prose (input also had hits outside 01-04)	-	-	no
J1	J1-B04-gen	spec 01-04	仕様表の行（表番号を前に置かない散文: 表に行を足す・行を持たない・N 行の表・設定値の行）	1	1	docs/spec/_assets/tbl-published-entries.md:25	b	row of a specification/settings table in prose (generated from docs/spec/_source/*.json)	-	-	yes
J1	J1-B05	spec 01-04	文字の行: 1 行に並べる・行目・改行・空行・複数行・行送り・行番号・コマンド行・deltaMode の行	87	2	docs/spec/_source/settings.json:3923, docs/spec/01-04-requirements.md:11, docs/spec/01-04-requirements.md:198	b	line of text / code / wheel line unit (input also had hits outside 01-04)	-	-	no
J1	J1-B05-gen	spec 01-04	文字の行: 1 行に並べる・行目・改行・空行・複数行・行送り・行番号・コマンド行・deltaMode の行	1	1	docs/spec/_assets/tbl-settings.md:413	b	line of text / code / wheel line unit (generated from docs/spec/_source/*.json)	-	-	yes
J1	J1-B06a	spec 01-04	プロパティパネル・面の欄の行（表 T-016 の入力の行）	35	1	docs/spec/01-04-requirements.md:1902, docs/spec/01-04-requirements.md:1905, docs/spec/01-04-requirements.md:1906	b	properties-panel field row (data-field-row)	-	-	no
J1	J1-B06b	spec 01-04	検索パネル・遅延診断レポートの表の行	38	1	docs/spec/01-04-requirements.md:3681, docs/spec/01-04-requirements.md:3696, docs/spec/01-04-requirements.md:3722	b	SearchRow / delay-report row	-	-	no
J1	J1-B06c	spec 01-04	題の行・見出しの行（ウインドウ・面の題の帯）	53	1	docs/spec/01-04-requirements.md:2581, docs/spec/01-04-requirements.md:4180, docs/spec/01-04-requirements.md:4182	b	window/panel title bar	-	-	no
J1	J1-B06d	spec 01-04	説明（ツールチップ）・通知・追従札の行	44	1	docs/spec/01-04-requirements.md:3350, docs/spec/01-04-requirements.md:6100, docs/spec/01-04-requirements.md:6448	b	tooltip / notification / follower-label line	-	-	no
J1	J1-B06e	spec 01-04	暇の例外日・曜日の行	8	1	docs/spec/01-04-requirements.md:4391, docs/spec/01-04-requirements.md:4410, docs/spec/01-04-requirements.md:5482	b	calendar editor exception-day / weekday row	-	-	no
J1	J1-B06f	spec 01-04	担当者名簿の行	5	1	docs/spec/01-04-requirements.md:2577	b	assignee roster row	-	-	no
J1	J1-B06g	spec 01-04	色相・色の一覧の行	6	1	docs/spec/01-04-requirements.md:2134, docs/spec/01-04-requirements.md:2136, docs/spec/01-04-requirements.md:2137	b	hue/colour picker list row	-	-	no
J1	J1-B06h	spec 01-04	ヘルプの一覧・備考・ライセンスの行	15	1	docs/spec/01-04-requirements.md:7768, docs/spec/01-04-requirements.md:7770, docs/spec/01-04-requirements.md:7773	b	help-table / licence row	-	-	no
J1	J1-B08	spec 01-04	MSPDI・取込入力の行（中身のない行・OutlineLevel 0 の行・ID は行の番号・Exception の行）	21	2	docs/spec/_source/erd.json:3671, docs/spec/01-04-requirements.md:2927, docs/spec/01-04-requirements.md:3228	b	MSPDI / MS Project record or imported data row (input also had hits outside 01-04)	-	-	no
J1	J1-B08-gen	spec 01-04	MSPDI・取込入力の行（中身のない行・OutlineLevel 0 の行・ID は行の番号・Exception の行）	1	1	docs/spec/_assets/fig-erd-detail.md:481	b	MSPDI / MS Project record or imported data row (generated from docs/spec/_source/*.json)	-	-	yes
J1	J1-B09	spec 01-04	字を含むだけの語（先行・進行中・実行・平行・退行・刊行・発行・行かせる…）	166	2	docs/spec/01-04-requirements.md:43, docs/spec/01-04-requirements.md:134, docs/spec/01-04-requirements.md:147	b	word only contains the character (input also had hits outside 01-04)	-	-	no
J1	J1-B10	spec 01-04	同行（同じ表の行）	23	1	docs/spec/01-04-requirements.md:382, docs/spec/01-04-requirements.md:1746, docs/spec/01-04-requirements.md:1768	b	the same spec-table row	-	-	no
J1	J1-B11	spec 01-04	従来の日程管理ソフトの行（1 行に 1 タスク）	7	1	docs/spec/01-04-requirements.md:23, docs/spec/01-04-requirements.md:37, docs/spec/01-04-requirements.md:43	b	row of other/conventional schedule tools (background)	-	-	no
J1	J1-C01	spec 01-04	行見出し（パネルでない: 行見出しの名前・行見出しの箱・行見出しの側・行見出しの木）	14	1	docs/spec/01-04-requirements.md:651, docs/spec/01-04-requirements.md:4013, docs/spec/01-04-requirements.md:4143	c	cell/side of the panel; title vs name not settled	タスクグループ見出し（名前ならタスクグループ名）	task group title (or task group name)	no
J1	J1-C02	spec 01-04	行の軸 / 行軸（縦） (zoomY axis)	25	2	docs/spec/01-04-requirements.md:2380, docs/spec/01-04-requirements.md:2440, docs/spec/01-04-requirements.md:2441	c	settled zoom-axis name; user must choose (input also had hits outside 01-04)	タスクグループの軸？（縦の軸も候補）	task-group axis? (or vertical axis)	no
J1	J1-C03	spec 01-04	遅れの診断の散文の行（信用できない行・赤の行・紫の行・矛盾の行・巣き添えの行）	22	1	docs/spec/01-04-requirements.md:62, docs/spec/01-04-requirements.md:130, docs/spec/01-04-requirements.md:131	c	means a Task line, a TaskGroup or a report row - unclear	タスク（またはレポートの行）	task (or report row)	no
J1	J1-C04	spec 01-04	リンクのアンカー user-order.md#行と階層	6	1	docs/spec/01-04-requirements.md:583, docs/spec/01-04-requirements.md:584, docs/spec/01-04-requirements.md:589	c	anchor to a heading in previous-project-result/user-order.md	結び先の見出しに従う	follows the target heading	no
J1	J1-C05	spec 01-04	表 T-006b の A-2（語「行」そのものの規則）	2	1	docs/spec/01-04-requirements.md:380, docs/spec/01-04-requirements.md:389	c	notation rule about the word itself; needs rewriting	「タスクグループ」の規則へ書き換え	rewrite the rule for "task group"	no
J2	J2-001	screen words	この行の配下に行を 1 つ追加する。名前はその場で打つ / "Add one row below this one, and type its name there"	2	1	docs/spec/_source/display-words.json:900	a	screen word for the TaskGroup	このタスクグループの配下にタスクグループを 1 つ追加する。名前はその場で打つ	Add one task group below this one, and type its name there	no
J2	J2-002	screen words	この行と、その配下の行と、載っているタスクを削除する / "Delete this row, the rows below it and the tasks they carry"	2	1	docs/spec/_source/display-words.json:922	a	screen word for the TaskGroup	このタスクグループと、その配下のタスクグループと、載っているタスクを削除する	Delete this task group, the task groups below it and the tasks they carry	no
J2	J2-003	screen words	行を畳むか、期間を絞ってから書き出してください / "Fold some rows or narrow the period, then export again"	2	1	docs/spec/_source/display-words.json:2928, docs/spec/_source/display-words.json:3148	a	screen word for the TaskGroup	タスクグループを畳むか、期間を絞ってから書き出してください	Fold some task groups or narrow the period, then export again	no
J2	J2-004	screen words	この行と、行に載っているタスクを削除しますか？ / "Delete this row and the tasks on it?"	2	1	docs/spec/_source/display-words.json:3487	a	screen word for the TaskGroup	このタスクグループと、タスクグループに載っているタスクを削除しますか？	Delete this task group and the tasks on it?	no
J2	J2-005	screen words	すべての行と、行に載っているタスクを削除しますか？ / "Delete all rows and the tasks on them?"	2	1	docs/spec/_source/display-words.json:3529	a	screen word for the TaskGroup	すべてのタスクグループと、タスクグループに載っているタスクを削除しますか？	Delete all task groups and the tasks on them?	no
J2	J2-006	screen words	この行の配下をすべて開く / "Open every row below this one"	1	1	docs/spec/_source/display-words.json:856	a	screen word for the TaskGroup	このタスクグループの配下をすべて開く	Open every task group below this one	no
J2	J2-007	screen words	この行自身を畳む / "Collapse this row itself"	1	1	docs/spec/_source/display-words.json:867	a	screen word for the TaskGroup	このタスクグループ自身を畳む	Collapse this task group itself	no
J2	J2-008	screen words	この行の配下をすべて畳む / "Collapse every row below this one"	1	1	docs/spec/_source/display-words.json:878	a	screen word for the TaskGroup	このタスクグループの配下をすべて畳む	Collapse every task group below this one	no
J2	J2-009	screen words	この行の直下の子だけを開く。孫より下は畳んだままにする / "Open only this row's own children, leaving deeper rows folded"	1	1	docs/spec/_source/display-words.json:889	a	screen word for the TaskGroup	このタスクグループの直下の子だけを開く。孫より下は畳んだままにする	Open only this task group's own children, leaving deeper task groups folded	no
J2	J2-010	screen words	行をピン止めして画面に残す。もう一度押すと外す / "Pin the row so it stays on screen; press again to unpin it"	1	1	docs/spec/_source/display-words.json:911	a	screen word for the TaskGroup	タスクグループをピン止めして画面に残す。もう一度押すと外す	Pin the task group so it stays on screen; press again to unpin it	no
J2	J2-011	screen words	行を削除 / "Delete Row"	1	1	docs/spec/_source/display-words.json:918	a	screen word for the TaskGroup	タスクグループを削除	Delete Task Group	no
J2	J2-012	screen words	すべての行を削除 / "Delete All Rows"	1	1	docs/spec/_source/display-words.json:929	a	screen word for the TaskGroup	すべてのタスクグループを削除	Delete All Task Groups	no
J2	J2-013	screen words	すべての行と、載っているタスクを削除する / "Delete all rows and the tasks they carry"	1	1	docs/spec/_source/display-words.json:933	a	screen word for the TaskGroup	すべてのタスクグループと、載っているタスクを削除する	Delete all task groups and the tasks they carry	no
J2	J2-014	screen words	畳んだ行をすべて開く / "Open every row that was collapsed"	1	1	docs/spec/_source/display-words.json:1285	a	screen word for the TaskGroup	畳んだタスクグループをすべて開く	Open every task group that was collapsed	no
J2	J2-015	screen words	すべての行を畳む / "Collapse every row"	1	1	docs/spec/_source/display-words.json:1296	a	screen word for the TaskGroup	すべてのタスクグループを畳む	Collapse every task group	no
J2	J2-016	screen words	最も浅い段の行だけを戻す。その配下は畳まったままにする / "Bring back only the shallowest rows, leaving what is under them folded"	1	1	docs/spec/_source/display-words.json:1307	a	screen word for the TaskGroup	最も浅い段のタスクグループだけを戻す。その配下は畳まったままにする	Bring back only the shallowest task groups, leaving what is under them folded	no
J2	J2-017	screen words	最も浅い段に行を 1 つ追加する。名前はその場で打つ / "Add one row at the shallowest level, and type its name there"	1	1	docs/spec/_source/display-words.json:1318	a	screen word for the TaskGroup	最も浅い段にタスクグループを 1 つ追加する。名前はその場で打つ	Add one task group at the shallowest level, and type its name there	no
J2	J2-018	screen words	表示の上端が指す行 / "scrollGroupId"	1	1	docs/spec/_source/display-words.json:2186	a	screen word for the TaskGroup	表示の上端が指すタスクグループ	scrollGroupId (key already says Group; unchanged)	no
J2	J2-019	screen words	表示の上端が指す行のどこにあるか / "scrollGroupOffset"	1	1	docs/spec/_source/display-words.json:2508	a	screen word for the TaskGroup	表示の上端が指すタスクグループのどこにあるか	scrollGroupOffset (key already says Group; unchanged)	no
J2	J2-020	screen words	1 つの行に重なるタスクが多すぎるので、これ以上積めません / "Too many tasks overlap on one row, so no more can be stacked"	1	1	docs/spec/_source/display-words.json:2946	a	screen word for the TaskGroup	1 つのタスクグループに重なるタスクが多すぎるので、これ以上積めません	Too many tasks overlap on one task group, so no more can be stacked	no
J2	J2-021	screen words	重なっているタスクを別の行へ移すか、日付をずらしてください / "Move some of the overlapping tasks to another row, or shift their dates"	1	1	docs/spec/_source/display-words.json:2950	a	screen word for the TaskGroup	重なっているタスクを別のタスクグループへ移すか、日付をずらしてください	Move some of the overlapping tasks to another task group, or shift their dates	no
J2	J2-022	screen words	この行は、描かれている子を 1 つも持っていません / "This row draws no child, so there is nothing to fold away"	1	1	docs/spec/_source/display-words.json:3001	a	screen word for the TaskGroup	このタスクグループは、描かれている子を 1 つも持っていません	This task group draws no child, so there is nothing to fold away	no
J2	J2-023	screen words	配下の行を戻してから、もう一度押してください / "Bring a row under this one back first, then press again"	1	1	docs/spec/_source/display-words.json:3005	a	screen word for the TaskGroup	配下のタスクグループを戻してから、もう一度押してください	Bring a task group under this one back first, then press again	no
J2	J2-024	screen words	この行の直下に、画面へ戻せる子がありません / "No child of this row is out of the picture to bring back"	1	1	docs/spec/_source/display-words.json:3012	a	screen word for the TaskGroup	このタスクグループの直下に、画面へ戻せる子がありません	No child of this task group is out of the picture to bring back	no
J2	J2-025	screen words	配下を畳むか、直下の行を隠してから、もう一度押してください / "Fold what is under this row, or hide one of its children, then press again"	1	1	docs/spec/_source/display-words.json:3016	a	screen word for the TaskGroup	配下を畳むか、直下のタスクグループを隠してから、もう一度押してください	Fold what is under this task group, or hide one of its children, then press again	no
J2	J2-026	screen words	すべての行が、もう開いて描かれています / "Every row is already open and drawn"	1	1	docs/spec/_source/display-words.json:3023	a	screen word for the TaskGroup	すべてのタスクグループが、もう開いて描かれています	Every task group is already open and drawn	no
J2	J2-027	screen words	どれかの行を畳むか、縦に縮小してから、もう一度押してください / "Fold a row or zoom out vertically, then press again"	1	1	docs/spec/_source/display-words.json:3027	a	screen word for the TaskGroup	どれかのタスクグループを畳むか、縦に縮小してから、もう一度押してください	Fold a task group or zoom out vertically, then press again	no
J2	J2-028	screen words	開いている行が 1 つもありません / "No row is open"	1	1	docs/spec/_source/display-words.json:3034	a	screen word for the TaskGroup	開いているタスクグループが 1 つもありません	No task group is open	no
J2	J2-029	screen words	どれかの行を開いてから、もう一度押してください / "Open a row first, then press again"	1	1	docs/spec/_source/display-words.json:3038	a	screen word for the TaskGroup	どれかのタスクグループを開いてから、もう一度押してください	Open a task group first, then press again	no
J2	J2-030	screen words	行が多すぎて、この大きさでは描けません / "There are too many rows to draw at this size"	1	1	docs/spec/_source/display-words.json:3144	a	screen word for the TaskGroup	タスクグループが多すぎて、この大きさでは描けません	There are too many task groups to draw at this size	no
J2	J2-031	screen words	そこには注記を置く行がありません / "There is no row there to put the annotation on"	1	1	docs/spec/_source/display-words.json:3155	a	screen word for the TaskGroup	そこには注記を置くタスクグループがありません	There is no task group there to put the annotation on	no
J2	J2-032	screen words	行の上で置いてください / "Place it over a row"	1	1	docs/spec/_source/display-words.json:3159	a	screen word for the TaskGroup	タスクグループの上で置いてください	Place it over a task group	no
J2	J2-033	screen words	これ以上深い段には行を追加できません / "A row cannot be added any deeper than this"	1	1	docs/spec/_source/display-words.json:3166	a	screen word for the TaskGroup	これ以上深い段にはタスクグループを追加できません	A task group cannot be added any deeper than this	no
J2	J2-034	screen words	もっと浅い行に追加してください / "Add it to a shallower row"	1	1	docs/spec/_source/display-words.json:3170	a	screen word for the TaskGroup	もっと浅いタスクグループに追加してください	Add it to a shallower task group	no
J2	J2-035	screen words	自分自身や、その下にある行の中へは動かせません / "A row cannot be moved under itself or under one of its own descendants"	1	1	docs/spec/_source/display-words.json:3276	a	screen word for the TaskGroup	自分自身や、その下にあるタスクグループの中へは動かせません	A task group cannot be moved under itself or under one of its own descendants	no
J2	J2-036	screen words	先に外へ出してから、親にしたい行の下へ動かしてください / "Move it out first, then under the row you want as its parent"	1	1	docs/spec/_source/display-words.json:3280	a	screen word for the TaskGroup	先に外へ出してから、親にしたいタスクグループの下へ動かしてください	Move it out first, then under the task group you want as its parent	no
J2	J2-037	screen words	この行は読み取り専用です（編集グループが設定されています） / "This row is read-only (an edit group is set on it)"	1	1	docs/spec/_source/display-words.json:3342	a	screen word for the TaskGroup	このタスクグループは読み取り専用です（編集グループが設定されています）	This task group is read-only (an edit group is set on it)	no
J2	J2-038	screen words	編集グループの無い行へコピーしてから編集してください / "Copy it into a row with no edit group, then edit it"	1	1	docs/spec/_source/display-words.json:3346	a	screen word for the TaskGroup	編集グループの無いタスクグループへコピーしてから編集してください	Copy it into a task group with no edit group, then edit it	no
J2	J2-039	screen words	ピン止め行が多くて検索結果を表示できません。 / "Too many pinned rows to show the search result."	1	1	docs/spec/_source/display-words.json:3364	a	screen word for the TaskGroup	ピン止めのタスクグループが多くて検索結果を表示できません。	Too many pinned task groups to show the search result.	no
J2	J2-040	screen words	行見出しパネル / "Row Title Panel"	1	1	docs/spec/_source/display-words.json:4077	a	screen word for the TaskGroup	タスクグループパネル	Task Group Panel	no
J2	J2-041	screen words	対象で意味が決まる。コメントボックス＝プロパティパネルを開いて本文を編集、ハイライトボックス＝プロパティパネルを開いて枠の色を編集、名称ラベル＝名称、担当ラベル＝プロパティパネルを開いて担当者を編集、タスクと実績＝プロパティパネルを開いて名前を編集、行見出し＝行名 / "What it does depends on what it lands on -- Comment Box: opens the Properties Panel and edits its body; Highlight Box: opens the Properties Panel and edits its frame colour; Name Label: its name; Assignee Label: opens the Properties Panel and edits the assignee; task and actual: opens the Properties Panel and edits its name; row title: the row name"	1	1	docs/spec/_source/display-words.json:4300	a	screen word for the TaskGroup	対象で意味が決まる。コメントボックス＝プロパティパネルを開いて本文を編集、ハイライトボックス＝プロパティパネルを開いて枠の色を編集、名称ラベル＝名称、担当ラベル＝プロパティパネルを開いて担当者を編集、タスクと実績＝プロパティパネルを開いて名前を編集、タスクグループ見出し＝タスクグループ名	What it does depends on what it lands on -- Comment Box: opens the Properties Panel and edits its body; Highlight Box: opens the Properties Panel and edits its frame colour; Name Label: its name; Assignee Label: opens the Properties Panel and edits the assignee; task and actual: opens the Properties Panel and edits its name; task group title: the task group name	no
J2	J2-042	screen words	日付を変えずに行だけを移す（選択に無いタスクは選択に足す） / "Move to another row only, keeping the dates; a task outside the Selection joins it"	1	1	docs/spec/_source/display-words.json:4322	a	screen word for the TaskGroup	日付を変えずにタスクグループだけを移す（選択に無いタスクは選択に足す）	Move to another task group only, keeping the dates; a task outside the Selection joins it	no
J2	J2-043	screen words	行タイトル / "Row Title"	1	1	docs/spec/_source/display-words.json:4755	a	screen word for the TaskGroup	タスクグループ名	Task Group Name	no
J2	J2-044	screen words	行軸（縦）を縮小 / "Zoom the row axis (vertical) out"	1	1	docs/spec/_source/display-words.json:174	c	vertical zoom axis name; user must choose (タスクグループ軸 vs 縦軸)	タスクグループ軸（縦）を縮小 / or 縦軸を縮小	Zoom the task group axis (vertical) out	no
J2	J2-045	screen words	行軸（縦）を拡大 / "Zoom the row axis (vertical) in"	1	1	docs/spec/_source/display-words.json:185	c	vertical zoom axis name; user must choose (タスクグループ軸 vs 縦軸)	タスクグループ軸（縦）を拡大 / or 縦軸を拡大	Zoom the task group axis (vertical) in	no
J2	J2-046	screen words	行の間隔 / "rowGap"	1	1	docs/spec/_source/display-words.json:1766	c	ja label is a TaskGroup word but its en label is the settings key; key rename is the user call	タスクグループの間隔	rowGap (keep the key?) or taskGroupGap	no
J2	J2-047	screen words	行名の文字 / "rowTitleFont"	1	1	docs/spec/_source/display-words.json:1969	c	ja label is a TaskGroup word but its en label is the settings key; key rename is the user call	タスクグループ名の文字	rowTitleFont (keep the key?) or taskGroupNameFont	no
J2	J2-048	screen words	行名の TaskGroup の深さ 1 段ぶんのインデント / "rowTitleIndent"	1	1	docs/spec/_source/display-words.json:1976	c	ja label is a TaskGroup word but its en label is the settings key; key rename is the user call	タスクグループ名の TaskGroup の深さ 1 段ぶんのインデント	rowTitleIndent (keep the key?) or taskGroupNameIndent	no
J2	J2-049	screen words	TaskGroup 深さ 1 の行名の倍率 / "rowTitleTopScale"	1	1	docs/spec/_source/display-words.json:1983	c	ja label is a TaskGroup word but its en label is the settings key; key rename is the user call	TaskGroup 深さ 1 のタスクグループ名の倍率	rowTitleTopScale (keep the key?) or taskGroupNameTopScale	no
J2	J2-050	screen words	別の行に表示中 / "shown on another row"	1	1	docs/spec/_source/display-words.json:3835	c	mark key shownOnAnotherRow is a settled identifier	別のタスクグループに表示中	shown on another task group	no
J2	J2-051	screen words	行軸（縦）だけをズームする / "Zoom the row axis only"	1	1	docs/spec/_source/display-words.json:4190	c	vertical zoom axis name; user must choose (タスクグループ軸 vs 縦軸)	タスクグループ軸（縦）だけをズームする / or 縦軸だけをズームする	Zoom the task group axis only	no
J2	J2-052	screen words	対象で意味が決まる。コメントボックス＝プロパティパネルを開いて本文を編集、ハイライトボックス＝プロパティパネルを開いて枠の色を編集、名称ラベル＝名称、担当ラベル＝プロパティパネルを開いて担当者を編集、タスクと実績＝プロパティパネルを開いて名前を編集、行見出し＝行名 / "What it does depends on what it lands on -- Comment Box: opens the Properties Panel and edits its body; Highlight Box: opens the Properties Panel and edits its frame colour; Name Label: its name; Assignee Label: opens the Properties Panel and edits the assignee; task and actual: opens the Properties Panel and edits its name; row title: the row name"	1	1	docs/spec/_source/display-words.json:4300	c	title cell, not clearly the name	対象で意味が決まる。コメントボックス＝プロパティパネルを開いて本文を編集、ハイライトボックス＝プロパティパネルを開いて枠の色を編集、名称ラベル＝名称、担当ラベル＝プロパティパネルを開いて担当者を編集、タスクと実績＝プロパティパネルを開いて名前を編集、タスクグループ見出し＝タスクグループ名	What it does depends on what it lands on -- Comment Box: opens the Properties Panel and edits its body; Highlight Box: opens the Properties Panel and edits its frame colour; Name Label: its name; Assignee Label: opens the Properties Panel and edits the assignee; task and actual: opens the Properties Panel and edits its name; task group title: the task group name	no
J2	J2-053	screen words	この行を束ねる上位タスクが無い / "No summary task holds this row"	1	1	docs/spec/_source/display-words.json:5256	c	row here is a task row in a diagnostics list, not a TaskGroup?	このタスクを束ねる上位タスクが無い ?	No summary task holds this task ?	no
J2	J2-054	screen words	先行 / "predecessors"	2	1	docs/spec/_source/display-words.json:1505, docs/spec/_source/display-words.json:1652	b	word merely contains 行 (predecessor)	-	-	no
J2	J2-055	screen words	例外日の行を追加する / "Add an exception day row"	1	1	docs/spec/_source/display-words.json:1208	b	calendar editor exception-day row	-	-	no
J2	J2-056	screen words	この例外日の行を削除する（適用するまで文書は変わらない） / "Delete this exception day row (the document changes only when applied)"	1	1	docs/spec/_source/display-words.json:1219	b	calendar editor exception-day row	-	-	no
J2	J2-057	screen words	いまの文書を読み直してから、もう一度行ってください / "Read the current document again, then try once more"	1	1	docs/spec/_source/display-words.json:2785	b	verb 行う (do)	-	-	no
J2	J2-058	screen words	ドラッグを終えてから、もう一度行ってください / "Finish the drag, then try once more"	1	1	docs/spec/_source/display-words.json:2796	b	verb 行う (do)	-	-	no
J2	J2-059	screen words	編集を確定するか取りやめてから、もう一度行ってください / "Commit or cancel the edit, then try once more"	1	1	docs/spec/_source/display-words.json:2807	b	verb 行う (do)	-	-	no
J2	J2-060	screen words	少し待ってから、もう一度行ってください / "Wait a moment, then try once more"	1	1	docs/spec/_source/display-words.json:2818	b	verb 行う (do)	-	-	no
J2	J2-061	screen words	受け付けられなかった操作を取り除いて、もう一度行ってください / "Take out the refused change, then try once more"	1	1	docs/spec/_source/display-words.json:2829	b	verb 行う (do)	-	-	no
J2	J2-062	screen words	画面の問いに答えが出てから、もう一度行ってください / "Once the question on the screen has been answered, try once more"	1	1	docs/spec/_source/display-words.json:3467	b	verb 行う (do)	-	-	no
J2	J2-063	screen words	もう一度行ってください。続くときは、直前の操作を控えてください / "Try once more; if it keeps happening, note what you did"	1	1	docs/spec/_source/display-words.json:3478	b	verb 行う (do)	-	-	no
J2	J2-064	screen words	進行中 / "In progress"	1	1	docs/spec/_source/display-words.json:4799	b	word merely contains 行 (in progress)	-	-	no
J2	J2-065	screen words	同じタスクを先行と後続にする依存（自己依存） / "A dependency links a task to itself"	1	1	docs/spec/_source/display-words.json:5151	b	word merely contains 行 (predecessor)	-	-	no
J2	J2-066	screen words	後続が完了しているのに、依存が縛る先行の端がまだ起きていない / "The successor is finished but the predecessor end it waits for has not happened"	1	1	docs/spec/_source/display-words.json:5228	b	word merely contains 行 (predecessor)	-	-	no
J2	J2-067	screen words	手で完了にしたマイルストーンの先行に、未完了がある / "A milestone finished by hand has an unfinished predecessor"	1	1	docs/spec/_source/display-words.json:5235	b	word merely contains 行 (predecessor)	-	-	no
J2	J2-068	screen words	先行が未着手なのに、後続が着手済み / "The predecessor has not started but the successor has"	1	1	docs/spec/_source/display-words.json:5263	b	word merely contains 行 (predecessor)	-	-	no
J2	J2-069	screen words	先行の無いマイルストーンは診断できない / "A milestone with no predecessor cannot be diagnosed"	1	1	docs/spec/_source/display-words.json:5300	b	word merely contains 行 (predecessor)	-	-	no
J2	J2-070	spec 05-07	「行」 = TaskGroup (other phrasing: 行を作る・行を足す・親の行・この行・すべての行 ...)	34	1	docs/spec/05-07-design.md:347, docs/spec/05-07-design.md:350, docs/spec/05-07-design.md:366	a	TaskGroup entity	タスクグループ	task group	no
J2	J2-071	spec 05-07	「描く行」「スクロールする行」「最後の行」「行の並び」 (layout of drawn TaskGroups)	28	1	docs/spec/05-07-design.md:347, docs/spec/05-07-design.md:409, docs/spec/05-07-design.md:410	a	drawn TaskGroups in layout	描くタスクグループ	drawn task groups	no
J2	J2-072	spec 05-07	「行の帯」「行の帯高」「行の縦位置」「行の高さ」 (row band geometry)	11	1	docs/spec/05-07-design.md:479, docs/spec/05-07-design.md:904, docs/spec/05-07-design.md:1352	a	band of a TaskGroup	タスクグループの帯	task group band	no
J2	J2-073	spec 05-07	「畳んだ行」「隠した行」「配下の行」「行を畳む/開く」 (fold / hide / descendants)	9	1	docs/spec/05-07-design.md:409, docs/spec/05-07-design.md:469, docs/spec/05-07-design.md:515	a	fold/hide state of TaskGroups	畳んだタスクグループ・配下のタスクグループ	folded / descendant task groups	no
J2	J2-074	spec 05-07	「ピン止めした行」「ピン止め行」 (pinned row)	9	1	docs/spec/05-07-design.md:412, docs/spec/05-07-design.md:413, docs/spec/05-07-design.md:1321	a	pinned TaskGroup	ピン止めのタスクグループ	pinned task group	no
J2	J2-075	spec 05-07	「行の木」 (TaskGroup tree / treeState)	7	1	docs/spec/05-07-design.md:335, docs/spec/05-07-design.md:440, docs/spec/05-07-design.md:797	a	tree of TaskGroups	タスクグループの木	task group tree	no
J2	J2-076	spec 05-07	「行名」「行の名前」「行タイトル」 (TaskGroup.label)	5	1	docs/spec/05-07-design.md:346, docs/spec/05-07-design.md:395, docs/spec/05-07-design.md:1353	a	TaskGroup.label	タスクグループ名	task group name	no
J2	J2-077	spec 05-07	「行に載る/載っているタスク」「タスクと行」「1 つの行に重なる」 (task placed on a TaskGroup)	5	1	docs/spec/05-07-design.md:420, docs/spec/05-07-design.md:485, docs/spec/05-07-design.md:489	a	TaskGroup that holds tasks	タスクグループ（に載るタスク）	task group (holding tasks)	no
J2	J2-078	spec 05-07	「行の操作子」「行の掴み(代)」「掴んだ行」 (row controls and grab)	4	1	docs/spec/05-07-design.md:343, docs/spec/05-07-design.md:470, docs/spec/05-07-design.md:1366	a	controls of a TaskGroup	タスクグループの操作子・掴み代	task group controls / grab	no
J2	J2-079	spec 05-07	「行の色」「行の縞」 (TaskGroup colour / stripes)	3	1	docs/spec/05-07-design.md:439, docs/spec/05-07-design.md:901	a	TaskGroup colour	タスクグループの色・縞	task group colour / stripes	no
J2	J2-080	spec 05-07	「行見出しパネル」 (Row Title Panel)	3	1	docs/spec/05-07-design.md:1353, docs/spec/05-07-design.md:1366	a	Row Title Panel = TaskGroup panel	タスクグループパネル	Task Group Panel	no
J2	J2-081	spec 05-07	「行の間隔」「行と行のあいだ」 (rowGap)	2	1	docs/spec/05-07-design.md:1363	a	gap between TaskGroup bands	タスクグループの間隔	task group gap	no
J2	J2-082	spec 05-07	「1 行」 counting TaskGroups (1 つのタスクは 1 行にしか載らない, 1 行または全行)	1	1	docs/spec/05-07-design.md:440	a	count of TaskGroups	1 つのタスクグループ	one task group	no
J2	J2-083	spec 05-07	「行ズーム」 (vertical zoom)	3	1	docs/spec/05-07-design.md:339, docs/spec/05-07-design.md:499, docs/spec/05-07-design.md:509	c	settled zoom name; user must choose	タスクグループズーム? / 縦ズーム?	task group zoom? / vertical zoom?	no
J2	J2-084	spec 05-07	「行軸（縦）」「行の軸」 (vertical zoom axis)	3	1	docs/spec/05-07-design.md:462, docs/spec/05-07-design.md:903, docs/spec/05-07-design.md:1073	c	settled axis name; user must choose	タスクグループ軸（縦）? / 縦軸?	task group axis? / vertical axis?	no
J2	J2-085	spec 05-07	「行見出し」 (the cell in the panel)	1	1	docs/spec/05-07-design.md:1497	c	title cell, not clearly the name	タスクグループ見出し	task group title	no
J2	J2-086	spec 05-07	「行 ID」 (spec-table row ID)	46	1	docs/spec/05-07-design.md:51, docs/spec/05-07-design.md:61, docs/spec/05-07-design.md:108	b	row ID of a specification table	-	-	no
J2	J2-087	spec 05-07	「表 T-xxx の行」「本表の行」「`XX-n` の行」「行ごと」「行を持たない」 (spec-table row)	45	1	docs/spec/05-07-design.md:270, docs/spec/05-07-design.md:281, docs/spec/05-07-design.md:328	b	row of a specification table	-	-	no
J2	J2-088	spec 05-07	実行・実行時・実行ファイル・再試行 etc. (execute)	17	2	docs/spec/05-07-design.md:53, docs/spec/05-07-design.md:70, docs/spec/05-07-design.md:133	b	word merely contains 行 (execute)	-	-	no
J2	J2-089	spec 05-07	「本行」 (this table row)	15	1	docs/spec/05-07-design.md:727, docs/spec/05-07-design.md:776, docs/spec/05-07-design.md:1001	b	this row of a specification table	-	-	no
J2	J2-090	spec 05-07	年を刷る行・月の行 `m`・日の段の行 (time-scale label line)	10	1	docs/spec/05-07-design.md:1351	b	label line inside a time-scale tier	-	-	no
J2	J2-091	spec 05-07	走行・走行中・走行回数 (a run)	9	2	docs/spec/05-07-design.md:339, docs/spec/05-07-design.md:402, docs/spec/05-07-design.md:963	b	word merely contains 行 (test run)	-	-	no
J2	J2-092	spec 05-07	「題の行」 (window title row)	8	1	docs/spec/05-07-design.md:536, docs/spec/05-07-design.md:538, docs/spec/05-07-design.md:539	b	title row of a window, not a TaskGroup	-	-	no
J2	J2-093	spec 05-07	刊行・刊行物・発行 (publish)	8	1	docs/spec/05-07-design.md:1298, docs/spec/05-07-design.md:1300, docs/spec/05-07-design.md:1306	b	word merely contains 行 (publish)	-	-	no
J2	J2-094	spec 05-07	「1 行」「2 行」「n 行」 (a line of text / code / file)	6	1	docs/spec/05-07-design.md:381, docs/spec/05-07-design.md:440, docs/spec/05-07-design.md:499	b	line of text or code	-	-	no
J2	J2-095	spec 05-07	「要求の行」「根拠の行」「ゲート行」「基準行」 (requirement row)	6	1	docs/spec/05-07-design.md:808, docs/spec/05-07-design.md:810, docs/spec/05-07-design.md:811	b	row of a requirements / gate table	-	-	no
J2	J2-096	spec 05-07	「設定値の行」「`S-` 行」「設定の行」 (settings-table row)	5	1	docs/spec/05-07-design.md:808, docs/spec/05-07-design.md:1001, docs/spec/05-07-design.md:1002	b	row of the settings table	-	-	no
J2	J2-097	spec 05-07	a record of a data / interchange table (行にならなかった子要素, 曜日の行, 例外日の行 in MSPDI, 行ごと落とす)	4	1	docs/spec/05-07-design.md:1306, docs/spec/05-07-design.md:1310, docs/spec/05-07-design.md:1320	b	data record, not a TaskGroup	-	-	no
J2	J2-098	spec 05-07	検索の表の行 / 語に当たるタスクの行 (search-result row `SearchRow`)	3	1	docs/spec/05-07-design.md:396, docs/spec/05-07-design.md:631	b	search-result row	-	-	no
J2	J2-099	spec 05-07	先行・先行タスク (predecessor)	3	1	docs/spec/05-07-design.md:397, docs/spec/05-07-design.md:1354	b	word merely contains 行 (predecessor)	-	-	no
J2	J2-100	spec 05-07	「行目」「行番号」「該当行」「行頭」「行末」 (line position)	3	1	docs/spec/05-07-design.md:1618, docs/spec/05-07-design.md:1619, docs/spec/05-07-design.md:1706	b	line position	-	-	no
J2	J2-101	spec 05-07	other text line (逐語の行, 出力の行, 引用で始まる行, 引く行, 行を足す in a file)	2	2	docs/spec/05-07-design.md:10, docs/spec/A-appendix.md:10	b	line of text in a file or output	-	-	no
J2	J2-102	spec 05-07	操作の記録の行・入力・フレーム・完了の行 (operation-log line)	2	1	docs/spec/05-07-design.md:503	b	operation-log record line	-	-	no
J2	J2-103	spec 05-07	進行中 (in progress)	2	1	docs/spec/05-07-design.md:842, docs/spec/05-07-design.md:864	b	word merely contains 行 (in progress)	-	-	no
J2	J2-104	spec 05-07	欄の行 / 最初の欄の行 (properties-panel field row)	1	1	docs/spec/05-07-design.md:546	b	properties-panel field row	-	-	no
J2	J2-105	spec 05-07	「見出しの行」「表の見出しの行」 (header row of an on-screen table)	1	1	docs/spec/05-07-design.md:631	b	header row of an on-screen table	-	-	no
J2	J2-106	spec 05-07	移行・逆行・退行・現行・行動・平行四辺形・待ち行列・行き/行く etc.	1	1	docs/spec/05-07-design.md:747	b	word merely contains 行	-	-	no
J2	J2-107	spec 05-07	「同行」 (the same table row)	1	1	docs/spec/05-07-design.md:914	b	same row of a specification table	-	-	no
J2	J2-108	spec _source	「行」 = TaskGroup (other phrasing: 行を作る・行を足す・親の行・この行・すべての行 ...)	98	7	docs/spec/_source/erd.json:1461, docs/spec/_source/erd.json:1481, docs/spec/_source/erd.json:1498	a	TaskGroup entity	タスクグループ	task group	no
J2	J2-109	spec _source	「行の色」「行の縞」 (TaskGroup colour / stripes)	25	4	docs/spec/_source/erd.json:1606, docs/spec/_source/image-to-grs-json-prompt.ja.md:32, docs/spec/_source/property-items.json:435	a	TaskGroup colour	タスクグループの色・縞	task group colour / stripes	no
J2	J2-110	spec _source	「行の操作子」「行の掴み(代)」「掴んだ行」 (row controls and grab)	24	3	docs/spec/_source/published-entries.json:2386, docs/spec/_source/published-entries.json:3171, docs/spec/_source/settings.json:3533	a	controls of a TaskGroup	タスクグループの操作子・掴み代	task group controls / grab	no
J2	J2-111	spec _source	「行見出しパネル」 (Row Title Panel)	18	3	docs/spec/_source/published-entries.json:816, docs/spec/_source/settings.json:1719, docs/spec/_source/settings.json:2026	a	Row Title Panel = TaskGroup panel	タスクグループパネル	Task Group Panel	no
J2	J2-112	spec _source	「行の帯」「行の帯高」「行の縦位置」「行の高さ」 (row band geometry)	15	5	docs/spec/_source/erd.json:1622, docs/spec/_source/property-items.json:403, docs/spec/_source/published-entries.json:1098	a	band of a TaskGroup	タスクグループの帯	task group band	no
J2	J2-113	spec _source	「描く行」「スクロールする行」「最後の行」「行の並び」 (layout of drawn TaskGroups)	14	4	docs/spec/_source/erd.json:1570, docs/spec/_source/published-entries.json:752, docs/spec/_source/published-entries.json:814	a	drawn TaskGroups in layout	描くタスクグループ	drawn task groups	no
J2	J2-114	spec _source	「畳んだ行」「隠した行」「配下の行」「行を畳む/開く」 (fold / hide / descendants)	12	4	docs/spec/_source/image-to-grs-json-prompt.ja.md:31, docs/spec/_source/published-entries.json:982, docs/spec/_source/published-entries.json:1013	a	fold/hide state of TaskGroups	畳んだタスクグループ・配下のタスクグループ	folded / descendant task groups	no
J2	J2-115	spec _source	「行名」「行の名前」「行タイトル」 (TaskGroup.label)	11	5	docs/spec/_source/erd.json:1514, docs/spec/_source/erd.json:3382, docs/spec/_source/property-items.json:387	a	TaskGroup.label	タスクグループ名	task group name	no
J2	J2-116	spec _source	「行の木」 (TaskGroup tree / treeState)	11	5	docs/spec/_source/erd.json:1570, docs/spec/_source/published-entries.json:1352, docs/spec/_source/row-id-prefixes.json:1380	a	tree of TaskGroups	タスクグループの木	task group tree	no
J2	J2-117	spec _source	「行に載る/載っているタスク」「タスクと行」「1 つの行に重なる」 (task placed on a TaskGroup)	10	3	docs/spec/_source/erd.json:1631, docs/spec/_source/erd.json:1670, docs/spec/_source/erd.json:3360	a	TaskGroup that holds tasks	タスクグループ（に載るタスク）	task group (holding tasks)	no
J2	J2-118	spec _source	「ピン止めした行」「ピン止め行」 (pinned row)	8	3	docs/spec/_source/erd.json:429, docs/spec/_source/published-entries.json:982, docs/spec/_source/published-entries.json:1226	a	pinned TaskGroup	ピン止めのタスクグループ	pinned task group	no
J2	J2-119	spec _source	「表示の上端が指す行」 (scrollGroupId)	4	2	docs/spec/_source/erd.json:421, docs/spec/_source/settings.json:1977, docs/spec/_source/settings.json:1993	a	scroll anchor TaskGroup	表示の上端が指すタスクグループ	task group at the top of the view	no
J2	J2-120	spec _source	「1 行」 counting TaskGroups (1 つのタスクは 1 行にしか載らない, 1 行または全行)	2	2	docs/spec/_source/erd.json:1653, docs/spec/_source/settings.json:1719	a	count of TaskGroups	1 つのタスクグループ	one task group	no
J2	J2-121	spec _source	「行軸（縦）」「行の軸」 (vertical zoom axis)	18	4	docs/spec/_source/published-entries.json:849, docs/spec/_source/published-entries.json:850, docs/spec/_source/published-entries.json:856	c	settled axis name; user must choose	タスクグループ軸（縦）? / 縦軸?	task group axis? / vertical axis?	no
J2	J2-122	spec _source	「行見出し」 (the cell in the panel)	3	2	docs/spec/_source/published-entries.json:2584, docs/spec/_source/published-entries.json:2592, docs/spec/_source/settings.json:1036	c	title cell, not clearly the name	タスクグループ見出し	task group title	no
J2	J2-123	spec _source	cannot tell TaskGroup from table row / other	2	2	docs/spec/_source/published-entries.json:1115, docs/spec/_source/settings.json:6948	c	ambiguous	タスクグループ?	task group?	no
J2	J2-124	spec _source	「本行」 (this table row)	95	3	docs/spec/_source/property-items.json:387, docs/spec/_source/property-items.json:451, docs/spec/_source/property-items.json:628	b	this row of a specification table	-	-	no
J2	J2-125	spec _source	「表 T-xxx の行」「本表の行」「`XX-n` の行」「行ごと」「行を持たない」 (spec-table row)	43	7	docs/spec/_source/erd.json:1055, docs/spec/_source/property-items.json:628, docs/spec/_source/published-entries.json:123	b	row of a specification table	-	-	no
J2	J2-126	spec _source	「行 ID」 (spec-table row ID)	38	4	docs/spec/_source/erd.json:82, docs/spec/_source/erd.json:102, docs/spec/_source/erd.json:121	b	row ID of a specification table	-	-	no
J2	J2-127	spec _source	a record of a data / interchange table (行にならなかった子要素, 曜日の行, 例外日の行 in MSPDI, 行ごと落とす)	13	1	docs/spec/_source/erd.json:890, docs/spec/_source/erd.json:937, docs/spec/_source/erd.json:1322	b	data record, not a TaskGroup	-	-	no
J2	J2-128	spec _source	「題の行」 (window title row)	11	4	docs/spec/_source/published-entries.json:2804, docs/spec/_source/row-id-prefixes.json:1583, docs/spec/_source/settings.json:5228	b	title row of a window, not a TaskGroup	-	-	no
J2	J2-129	spec _source	「設定値の行」「`S-` 行」「設定の行」 (settings-table row)	11	1	docs/spec/_source/settings.json:426, docs/spec/_source/settings.json:585, docs/spec/_source/settings.json:3435	b	row of the settings table	-	-	no
J2	J2-130	spec _source	「同行」 (the same table row)	10	2	docs/spec/_source/published-entries.json:840, docs/spec/_source/published-entries.json:2556, docs/spec/_source/settings.json:446	b	same row of a specification table	-	-	no
J2	J2-131	spec _source	先行・先行タスク (predecessor)	9	5	docs/spec/_source/erd.json:1354, docs/spec/_source/erd.json:3338, docs/spec/_source/property-items.json:306	b	word merely contains 行 (predecessor)	-	-	no
J2	J2-132	spec _source	年を刷る行・月の行 `m`・日の段の行 (time-scale label line)	9	1	docs/spec/_source/settings.json:1485, docs/spec/_source/settings.json:2335, docs/spec/_source/settings.json:2348	b	label line inside a time-scale tier	-	-	no
J2	J2-133	spec _source	検索の表の行 / 語に当たるタスクの行 (search-result row `SearchRow`)	8	4	docs/spec/_source/published-entries.json:543, docs/spec/_source/published-entries.json:552, docs/spec/_source/published-entries.json:1397	b	search-result row	-	-	no
J2	J2-134	spec _source	進行中 (in progress)	7	4	docs/spec/_source/erd.json:1144, docs/spec/_source/image-to-grs-json-prompt.ja.md:50, docs/spec/_source/settings.json:4084	b	word merely contains 行 (in progress)	-	-	no
J2	J2-135	spec _source	「改行」「空行」「複数行」「行をまたぐ」「継続行」 (line break / multi-line)	7	3	docs/spec/_source/property-items.json:203, docs/spec/_source/property-items.json:447, docs/spec/_source/property-items.schema.json:66	b	line break or multi-line text	-	-	no
J2	J2-136	spec _source	「1 行」「2 行」「n 行」 (a line of text / code / file)	6	3	docs/spec/_source/image-to-grs-json-prompt.ja.md:94, docs/spec/_source/published-entries.json:1014, docs/spec/_source/settings.json:1475	b	line of text or code	-	-	no
J2	J2-137	spec _source	欄の行 / 最初の欄の行 (properties-panel field row)	6	2	docs/spec/_source/property-items.json:306, docs/spec/_source/property-items.json:323, docs/spec/_source/property-items.json:467	b	properties-panel field row	-	-	no
J2	J2-138	spec _source	「n 行」 counting table rows (表 T-065 は 8 行, 台帳にも 5 行)	6	2	docs/spec/_source/row-id-prefixes.json:1599, docs/spec/_source/settings.json:3186, docs/spec/_source/settings.json:3527	b	count of specification-table rows	-	-	no
J2	J2-139	spec _source	備考 ※1 の行・ライセンスの行 (help-table row)	6	1	docs/spec/_source/settings.json:3683, docs/spec/_source/settings.json:3696, docs/spec/_source/settings.json:5672	b	help-table row	-	-	no
J2	J2-140	spec _source	担当の行 (assignee line of the pointer tooltip, TL-7)	5	2	docs/spec/_source/row-id-prefixes.json:1396, docs/spec/_source/settings.json:4784, docs/spec/_source/settings.json:4790	b	line inside a tooltip	-	-	no
J2	J2-141	spec _source	「行数」「数・行数」「行数内訳」 (line count)	5	1	docs/spec/_source/settings.json:3179, docs/spec/_source/settings.json:3186, docs/spec/_source/settings.json:3930	b	line count	-	-	no
J2	J2-142	spec _source	ホイールが行で報告 (`deltaMode` 1) の 1 行 (wheel line)	4	1	docs/spec/_source/settings.json:3923, docs/spec/_source/settings.json:3930, docs/spec/_source/settings.json:3949	b	DOM wheel deltaMode line	-	-	no
J2	J2-143	spec _source	実行・実行時・実行ファイル・再試行 etc. (execute)	4	1	docs/spec/_source/state-machines.json:3308, docs/spec/_source/state-machines.json:3966, docs/spec/_source/state-machines.json:4523	b	word merely contains 行 (execute)	-	-	no
J2	J2-144	spec _source	source picture / interchange rows (原本の見出しの 1 行, 交換相手へ書き出す行)	3	1	docs/spec/_source/image-to-grs-json-prompt.ja.md:28, docs/spec/_source/image-to-grs-json-prompt.ja.md:32, docs/spec/_source/image-to-grs-json-prompt.ja.md:36	b	row of an external source, not GRS TaskGroup	-	-	no
J2	J2-145	spec _source	移行・逆行・退行・現行・行動・平行四辺形・待ち行列・行き/行く etc.	3	2	docs/spec/_source/image-to-grs-json-prompt.ja.md:56, docs/spec/_source/settings.json:4304, docs/spec/_source/settings.json:4764	b	word merely contains 行	-	-	no
J2	J2-146	spec _source	台帳・裁定・CR・DFC・PND・件数表の行 (ledger / rulings rows)	3	1	docs/spec/_source/row-id-prefixes.json:178, docs/spec/_source/row-id-prefixes.json:218, docs/spec/_source/row-id-prefixes.json:290	b	row of a ledger or rulings table	-	-	no
J2	J2-147	spec _source	diagnostics / report row (表の 1 行 of tasks or comment boxes)	2	1	docs/spec/_source/published-entries.json:576, docs/spec/_source/published-entries.json:585	b	row of a report or data table	-	-	no
J2	J2-148	spec _source	「行目」「行番号」「該当行」「行頭」「行末」 (line position)	2	2	docs/spec/_source/settings.json:2421, docs/spec/_source/state-machines.json:6787	b	line position	-	-	no
J2	J2-149	spec _source	「要求の行」「根拠の行」「ゲート行」「基準行」 (requirement row)	1	1	docs/spec/_source/verification.json:63	b	row of a requirements / gate table	-	-	no
J2	J2-150	spec _assets	「行」 = TaskGroup (other phrasing: 行を作る・行を足す・親の行・この行・すべての行 ...)	70	6	docs/spec/_assets/fig-erd-detail.md:210, docs/spec/_assets/fig-erd-detail.md:224, docs/spec/_assets/fig-erd-detail.md:225	a	TaskGroup entity; generated from _source/erd.json, _source/property-items.json, _source/published-entries.json, _source/row-id-prefixes.json, _source/settings.json, _source/state-machines.json	タスクグループ	task group	yes
J2	J2-151	spec _assets	「行の色」「行の縞」 (TaskGroup colour / stripes)	24	3	docs/spec/_assets/fig-erd-detail.md:374, docs/spec/_assets/tbl-property-items.md:59, docs/spec/_assets/tbl-settings.md:217	a	TaskGroup colour; generated from _source/erd.json, _source/property-items.json, _source/settings.json	タスクグループの色・縞	task group colour / stripes	yes
J2	J2-152	spec _assets	「行の操作子」「行の掴み(代)」「掴んだ行」 (row controls and grab)	24	3	docs/spec/_assets/tbl-published-entries.md:51, docs/spec/_assets/tbl-published-entries.md:55, docs/spec/_assets/tbl-settings.md:383	a	controls of a TaskGroup; generated from _source/published-entries.json, _source/settings.json, _source/state-machines.json	タスクグループの操作子・掴み代	task group controls / grab	yes
J2	J2-153	spec _assets	「行見出しパネル」 (Row Title Panel)	18	3	docs/spec/_assets/tbl-published-entries.md:23, docs/spec/_assets/tbl-settings.md:173, docs/spec/_assets/tbl-settings.md:202	a	Row Title Panel = TaskGroup panel; generated from _source/published-entries.json, _source/settings.json, _source/state-machines.json	タスクグループパネル	Task Group Panel	yes
J2	J2-154	spec _assets	「行の帯」「行の帯高」「行の縦位置」「行の高さ」 (row band geometry)	16	5	docs/spec/_assets/fig-erd-detail.md:375, docs/spec/_assets/tbl-property-items.md:57, docs/spec/_assets/tbl-published-entries.md:24	a	band of a TaskGroup; generated from _source/erd.json, _source/property-items.json, _source/published-entries.json, _source/row-id-prefixes.json, _source/settings.json	タスクグループの帯	task group band	yes
J2	J2-155	spec _assets	「描く行」「スクロールする行」「最後の行」「行の並び」 (layout of drawn TaskGroups)	15	4	docs/spec/_assets/fig-erd-detail.md:372, docs/spec/_assets/tbl-published-entries.md:23, docs/spec/_assets/tbl-published-entries.md:51	a	drawn TaskGroups in layout; generated from _source/erd.json, _source/published-entries.json, _source/row-id-prefixes.json, _source/settings.json	描くタスクグループ	drawn task groups	yes
J2	J2-156	spec _assets	「行」 = TaskGroup (other phrasing: 行を作る・行を足す・親の行・この行・すべての行 ...)	14	2	docs/spec/_assets/design-mcp-relay.md:125, docs/spec/_assets/tbl-glossary.md:42, docs/spec/_assets/tbl-glossary.md:120	a	TaskGroup entity	タスクグループ	task group	no
J2	J2-157	spec _assets	「行名」「行の名前」「行タイトル」 (TaskGroup.label)	13	5	docs/spec/_assets/fig-erd-detail.md:213, docs/spec/_assets/fig-erd-detail.md:280, docs/spec/_assets/fig-erd-detail.md:369	a	TaskGroup.label; generated from _source/erd.json, _source/property-items.json, _source/published-entries.json, _source/settings.json, _source/state-machines.json	タスクグループ名	task group name	yes
J2	J2-158	spec _assets	「行の木」 (TaskGroup tree / treeState)	13	5	docs/spec/_assets/fig-erd-detail.md:372, docs/spec/_assets/tbl-published-entries.md:27, docs/spec/_assets/tbl-row-id-prefixes.md:213	a	tree of TaskGroups; generated from _source/erd.json, _source/published-entries.json, _source/row-id-prefixes.json, _source/settings.json, _source/state-machines.json	タスクグループの木	task group tree	yes
J2	J2-159	spec _assets	「畳んだ行」「隠した行」「配下の行」「行を畳む/開く」 (fold / hide / descendants)	11	3	docs/spec/_assets/tbl-published-entries.md:23, docs/spec/_assets/tbl-published-entries.md:25, docs/spec/_assets/tbl-published-entries.md:27	a	fold/hide state of TaskGroups; generated from _source/published-entries.json, _source/row-id-prefixes.json, _source/state-machines.json	畳んだタスクグループ・配下のタスクグループ	folded / descendant task groups	yes
J2	J2-160	spec _assets	「ピン止めした行」「ピン止め行」 (pinned row)	8	3	docs/spec/_assets/fig-erd-overview.md:69, docs/spec/_assets/tbl-published-entries.md:23, docs/spec/_assets/tbl-published-entries.md:25	a	pinned TaskGroup; generated from _source/erd.json, _source/published-entries.json, _source/settings.json	ピン止めのタスクグループ	pinned task group	yes
J2	J2-161	spec _assets	「畳んだ行」「隠した行」「配下の行」「行を畳む/開く」 (fold / hide / descendants)	8	1	docs/spec/_assets/tbl-glossary.md:128, docs/spec/_assets/tbl-glossary.md:391, docs/spec/_assets/tbl-glossary.md:613	a	fold/hide state of TaskGroups	畳んだタスクグループ・配下のタスクグループ	folded / descendant task groups	no
J2	J2-162	spec _assets	「行に載る/載っているタスク」「タスクと行」「1 つの行に重なる」 (task placed on a TaskGroup)	6	2	docs/spec/_assets/fig-erd-detail.md:211, docs/spec/_assets/fig-erd-detail.md:251, docs/spec/_assets/fig-erd-detail.md:278	a	TaskGroup that holds tasks; generated from _source/erd.json, _source/settings.json	タスクグループ（に載るタスク）	task group (holding tasks)	yes
J2	J2-163	spec _assets	「表示の上端が指す行」 (scrollGroupId)	4	2	docs/spec/_assets/fig-erd-overview.md:68, docs/spec/_assets/tbl-settings.md:199, docs/spec/_assets/tbl-settings.md:200	a	scroll anchor TaskGroup; generated from _source/erd.json, _source/settings.json	表示の上端が指すタスクグループ	task group at the top of the view	yes
J2	J2-164	spec _assets	「行の木」 (TaskGroup tree / treeState)	4	1	docs/spec/_assets/tbl-glossary.md:42, docs/spec/_assets/tbl-glossary.md:491, docs/spec/_assets/tbl-glossary.md:496	a	tree of TaskGroups	タスクグループの木	task group tree	no
J2	J2-165	spec _assets	「行見出しパネル」 (Row Title Panel)	4	1	docs/spec/_assets/tbl-glossary.md:105, docs/spec/_assets/tbl-glossary.md:106, docs/spec/_assets/tbl-glossary.md:487	a	Row Title Panel = TaskGroup panel	タスクグループパネル	Task Group Panel	no
J2	J2-166	spec _assets	「ピン止めした行」「ピン止め行」 (pinned row)	3	1	docs/spec/_assets/tbl-glossary.md:127, docs/spec/_assets/tbl-glossary.md:488, docs/spec/_assets/tbl-glossary.md:618	a	pinned TaskGroup	ピン止めのタスクグループ	pinned task group	no
J2	J2-167	spec _assets	「1 行」 counting TaskGroups (1 つのタスクは 1 行にしか載らない, 1 行または全行)	2	2	docs/spec/_assets/fig-erd-detail.md:376, docs/spec/_assets/tbl-settings.md:173	a	count of TaskGroups; generated from _source/erd.json, _source/settings.json	1 つのタスクグループ	one task group	yes
J2	J2-168	spec _assets	「行名」「行の名前」「行タイトル」 (TaskGroup.label)	2	1	docs/spec/_assets/tbl-glossary.md:134, docs/spec/_assets/tbl-glossary.md:448	a	TaskGroup.label	タスクグループ名	task group name	no
J2	J2-169	spec _assets	「表示の上端が指す行」 (scrollGroupId)	2	1	docs/spec/_assets/tbl-glossary.md:262, docs/spec/_assets/tbl-glossary.md:308	a	scroll anchor TaskGroup	表示の上端が指すタスクグループ	task group at the top of the view	no
J2	J2-170	spec _assets	「行の色」「行の縞」 (TaskGroup colour / stripes)	2	1	docs/spec/_assets/tbl-glossary.md:449, docs/spec/_assets/tbl-glossary.md:450	a	TaskGroup colour	タスクグループの色・縞	task group colour / stripes	no
J2	J2-171	spec _assets	glossary U-1 `Rows` = 「行」 (the settled screen name itself)	1	1	docs/spec/_assets/tbl-glossary.md:83	a	settled name of the TaskGroup on screen	タスクグループ	Task Groups	no
J2	J2-172	spec _assets	「行見出しツリー」 (Row Title Tree)	1	1	docs/spec/_assets/tbl-glossary.md:106	a	tree inside the Row Title Panel	タスクグループツリー	Task Group Tree	no
J2	J2-173	spec _assets	「行に載る/載っているタスク」「タスクと行」「1 つの行に重なる」 (task placed on a TaskGroup)	1	1	docs/spec/_assets/tbl-glossary.md:428	a	TaskGroup that holds tasks	タスクグループ（に載るタスク）	task group (holding tasks)	no
J2	J2-174	spec _assets	「行の帯」「行の帯高」「行の縦位置」「行の高さ」 (row band geometry)	1	1	docs/spec/_assets/tbl-glossary.md:451	a	band of a TaskGroup	タスクグループの帯	task group band	no
J2	J2-175	spec _assets	「行軸（縦）」「行の軸」 (vertical zoom axis)	16	4	docs/spec/_assets/tbl-published-entries.md:23, docs/spec/_assets/tbl-published-entries.md:25, docs/spec/_assets/tbl-published-entries.md:36	c	settled axis name; user must choose; generated from _source/published-entries.json, _source/row-id-prefixes.json, _source/settings.json, _source/state-machines.json	タスクグループ軸（縦）? / 縦軸?	task group axis? / vertical axis?	yes
J2	J2-176	spec _assets	Japanese name of a settings key spelled with row (rowGap 行の間隔, rowTitleFont 行名の文字, rowTitleIndent, rowTitleScale)	4	1	docs/spec/_assets/tbl-glossary.md:202, docs/spec/_assets/tbl-glossary.md:231, docs/spec/_assets/tbl-glossary.md:232	c	ja is a, but the key name rename is the user call	タスクグループの間隔 / タスクグループ名の文字 ...	keep rowGap / rename to taskGroupGap?	no
J2	J2-177	spec _assets	「行見出し」 (the cell in the panel)	3	2	docs/spec/_assets/tbl-published-entries.md:53, docs/spec/_assets/tbl-settings.md:117	c	title cell, not clearly the name; generated from _source/published-entries.json, _source/settings.json	タスクグループ見出し	task group title	yes
J2	J2-178	spec _assets	「行軸（縦）」「行の軸」 (vertical zoom axis)	2	1	docs/spec/_assets/tbl-glossary.md:551, docs/spec/_assets/tbl-glossary.md:552	c	settled axis name; user must choose	タスクグループ軸（縦）? / 縦軸?	task group axis? / vertical axis?	no
J2	J2-179	spec _assets	cannot tell TaskGroup from table row / other	1	1	docs/spec/_assets/tbl-settings.md:629	c	ambiguous; generated from _source/settings.json	タスクグループ?	task group?	yes
J2	J2-180	spec _assets	「本行」 (this table row)	95	3	docs/spec/_assets/tbl-property-items.md:56, docs/spec/_assets/tbl-property-items.md:60, docs/spec/_assets/tbl-property-items.md:71	b	this row of a specification table; generated from _source/property-items.json, _source/published-entries.json, _source/settings.json	-	-	yes
J2	J2-181	spec _assets	「表 T-xxx の行」「本表の行」「`XX-n` の行」「行ごと」「行を持たない」 (spec-table row)	69	7	docs/spec/_assets/fig-erd-detail.md:346, docs/spec/_assets/tbl-property-items.md:13, docs/spec/_assets/tbl-property-items.md:15	b	row of a specification table; generated from _source/erd.json, _source/property-items.json, _source/published-entries.json, _source/row-id-prefixes.json, _source/settings.json, _source/state-machines.json, _source/verification.json	-	-	yes
J2	J2-182	spec _assets	「行 ID」 (spec-table row ID)	47	7	docs/spec/_assets/fig-erd-detail.md:245, docs/spec/_assets/fig-erd-detail.md:272, docs/spec/_assets/fig-erd-detail.md:311	b	row ID of a specification table; generated from _source/erd.json, _source/property-items.json, _source/published-entries.json, _source/row-id-prefixes.json, _source/settings.json, _source/state-machines.json, _source/verification.json	-	-	yes
J2	J2-183	spec _assets	「表 T-xxx の行」「本表の行」「`XX-n` の行」「行ごと」「行を持たない」 (spec-table row)	22	2	docs/spec/_assets/design-mcp-relay.md:8, docs/spec/_assets/tbl-glossary.md:136, docs/spec/_assets/tbl-glossary.md:148	b	row of a specification table	-	-	no
J2	J2-184	spec _assets	「n 行」 counting table rows (表 T-065 は 8 行, 台帳にも 5 行)	17	2	docs/spec/_assets/tbl-row-id-prefixes.md:10, docs/spec/_assets/tbl-row-id-prefixes.md:16, docs/spec/_assets/tbl-row-id-prefixes.md:44	b	count of specification-table rows; generated from _source/row-id-prefixes.json, _source/settings.json	-	-	yes
J2	J2-185	spec _assets	a record of a data / interchange table (行にならなかった子要素, 曜日の行, 例外日の行 in MSPDI, 行ごと落とす)	13	1	docs/spec/_assets/fig-erd-detail.md:248, docs/spec/_assets/fig-erd-detail.md:337, docs/spec/_assets/fig-erd-detail.md:360	b	data record, not a TaskGroup; generated from _source/erd.json	-	-	yes
J2	J2-186	spec _assets	「本行」 (this table row)	12	1	docs/spec/_assets/tbl-glossary.md:128, docs/spec/_assets/tbl-glossary.md:138, docs/spec/_assets/tbl-glossary.md:143	b	this row of a specification table	-	-	no
J2	J2-187	spec _assets	「設定値の行」「`S-` 行」「設定の行」 (settings-table row)	12	2	docs/spec/_assets/tbl-published-entries.md:25, docs/spec/_assets/tbl-settings.md:86, docs/spec/_assets/tbl-settings.md:94	b	row of the settings table; generated from _source/published-entries.json, _source/settings.json	-	-	yes
J2	J2-188	spec _assets	「行 ID」 (spec-table row ID)	11	1	docs/spec/_assets/tbl-glossary.md:26, docs/spec/_assets/tbl-glossary.md:50, docs/spec/_assets/tbl-glossary.md:81	b	row ID of a specification table	-	-	no
J2	J2-189	spec _assets	「題の行」 (window title row)	11	4	docs/spec/_assets/tbl-published-entries.md:53, docs/spec/_assets/tbl-row-id-prefixes.md:238, docs/spec/_assets/tbl-settings.md:513	b	title row of a window, not a TaskGroup; generated from _source/published-entries.json, _source/row-id-prefixes.json, _source/settings.json, _source/state-machines.json	-	-	yes
J2	J2-190	spec _assets	先行・先行タスク (predecessor)	10	5	docs/spec/_assets/fig-erd-detail.md:209, docs/spec/_assets/fig-erd-detail.md:276, docs/spec/_assets/fig-erd-detail.md:361	b	word merely contains 行 (predecessor); generated from _source/erd.json, _source/property-items.json, _source/published-entries.json, _source/row-id-prefixes.json, _source/state-machines.json	-	-	yes
J2	J2-191	spec _assets	「同行」 (the same table row)	10	2	docs/spec/_assets/tbl-published-entries.md:23, docs/spec/_assets/tbl-published-entries.md:53, docs/spec/_assets/tbl-settings.md:87	b	same row of a specification table; generated from _source/published-entries.json, _source/settings.json	-	-	yes
J2	J2-192	spec _assets	年を刷る行・月の行 `m`・日の段の行 (time-scale label line)	9	1	docs/spec/_assets/tbl-settings.md:144, docs/spec/_assets/tbl-settings.md:145, docs/spec/_assets/tbl-settings.md:264	b	label line inside a time-scale tier; generated from _source/settings.json	-	-	yes
J2	J2-193	spec _assets	検索の表の行 / 語に当たるタスクの行 (search-result row `SearchRow`)	8	4	docs/spec/_assets/tbl-published-entries.md:19, docs/spec/_assets/tbl-published-entries.md:27, docs/spec/_assets/tbl-row-id-prefixes.md:201	b	search-result row; generated from _source/published-entries.json, _source/row-id-prefixes.json, _source/settings.json, _source/state-machines.json	-	-	yes
J2	J2-194	spec _assets	「設定値の行」「`S-` 行」「設定の行」 (settings-table row)	7	1	docs/spec/_assets/tbl-glossary.md:175, docs/spec/_assets/tbl-glossary.md:180, docs/spec/_assets/tbl-glossary.md:527	b	row of the settings table	-	-	no
J2	J2-195	spec _assets	進行中 (in progress)	6	3	docs/spec/_assets/fig-erd-detail.md:351, docs/spec/_assets/tbl-settings.md:425, docs/spec/_assets/tbl-settings.md:426	b	word merely contains 行 (in progress); generated from _source/erd.json, _source/settings.json, _source/state-machines.json	-	-	yes
J2	J2-196	spec _assets	「改行」「空行」「複数行」「行をまたぐ」「継続行」 (line break / multi-line)	6	2	docs/spec/_assets/tbl-property-items.md:45, docs/spec/_assets/tbl-property-items.md:60, docs/spec/_assets/tbl-settings.md:139	b	line break or multi-line text; generated from _source/property-items.json, _source/settings.json	-	-	yes
J2	J2-197	spec _assets	欄の行 / 最初の欄の行 (properties-panel field row)	6	2	docs/spec/_assets/tbl-property-items.md:51, docs/spec/_assets/tbl-property-items.md:52, docs/spec/_assets/tbl-property-items.md:61	b	properties-panel field row; generated from _source/property-items.json, _source/published-entries.json	-	-	yes
J2	J2-198	spec _assets	備考 ※1 の行・ライセンスの行 (help-table row)	6	1	docs/spec/_assets/tbl-settings.md:394, docs/spec/_assets/tbl-settings.md:395, docs/spec/_assets/tbl-settings.md:546	b	help-table row; generated from _source/settings.json	-	-	yes
J2	J2-199	spec _assets	実行・実行時・実行ファイル・再試行 etc. (execute)	5	2	docs/spec/_assets/design-mcp-relay.md:135, docs/spec/_assets/design-mcp-relay.md:138, docs/spec/_assets/design-mcp-relay.md:139	b	word merely contains 行 (execute)	-	-	no
J2	J2-200	spec _assets	「1 行」「2 行」「n 行」 (a line of text / code / file)	5	2	docs/spec/_assets/tbl-published-entries.md:23, docs/spec/_assets/tbl-settings.md:139, docs/spec/_assets/tbl-settings.md:479	b	line of text or code; generated from _source/published-entries.json, _source/settings.json	-	-	yes
J2	J2-201	spec _assets	担当の行 (assignee line of the pointer tooltip, TL-7)	5	2	docs/spec/_assets/tbl-row-id-prefixes.md:215, docs/spec/_assets/tbl-settings.md:479	b	line inside a tooltip; generated from _source/row-id-prefixes.json, _source/settings.json	-	-	yes
J2	J2-202	spec _assets	「行数」「数・行数」「行数内訳」 (line count)	5	1	docs/spec/_assets/tbl-settings.md:358, docs/spec/_assets/tbl-settings.md:413, docs/spec/_assets/tbl-settings.md:415	b	line count; generated from _source/settings.json	-	-	yes
J2	J2-203	spec _assets	ホイールが行で報告 (`deltaMode` 1) の 1 行 (wheel line)	4	1	docs/spec/_assets/tbl-settings.md:413, docs/spec/_assets/tbl-settings.md:415	b	DOM wheel deltaMode line; generated from _source/settings.json	-	-	yes
J2	J2-204	spec _assets	実行・実行時・実行ファイル・再試行 etc. (execute)	4	1	docs/spec/_assets/tbl-state-machines.md:573, docs/spec/_assets/tbl-state-machines.md:694, docs/spec/_assets/tbl-state-machines.md:758	b	word merely contains 行 (execute); generated from _source/state-machines.json	-	-	yes
J2	J2-205	spec _assets	「1 行」「2 行」「n 行」 (a line of text / code / file)	3	1	docs/spec/_assets/tbl-glossary.md:142, docs/spec/_assets/tbl-glossary.md:507, docs/spec/_assets/tbl-glossary.md:519	b	line of text or code	-	-	no
J2	J2-206	spec _assets	台帳・裁定・CR・DFC・PND・件数表の行 (ledger / rulings rows)	3	1	docs/spec/_assets/tbl-row-id-prefixes.md:65, docs/spec/_assets/tbl-row-id-prefixes.md:70, docs/spec/_assets/tbl-row-id-prefixes.md:79	b	row of a ledger or rulings table; generated from _source/row-id-prefixes.json	-	-	yes
J2	J2-207	spec _assets	例外日の行 (calendar editor exception-day row)	2	1	docs/spec/_assets/tbl-glossary.md:645, docs/spec/_assets/tbl-glossary.md:646	b	calendar editor exception-day row	-	-	no
J2	J2-208	spec _assets	diagnostics / report row (表の 1 行 of tasks or comment boxes)	2	1	docs/spec/_assets/tbl-published-entries.md:19	b	row of a report or data table; generated from _source/published-entries.json	-	-	yes
J2	J2-209	spec _assets	「行目」「行番号」「該当行」「行頭」「行末」 (line position)	2	2	docs/spec/_assets/tbl-settings.md:275, docs/spec/_assets/tbl-state-machines.md:1125	b	line position; generated from _source/settings.json, _source/state-machines.json	-	-	yes
J2	J2-210	spec _assets	移行・逆行・退行・現行・行動・平行四辺形・待ち行列・行き/行く etc.	2	1	docs/spec/_assets/tbl-settings.md:442, docs/spec/_assets/tbl-settings.md:477	b	word merely contains 行; generated from _source/settings.json	-	-	yes
J2	J2-211	spec _assets	「要求の行」「根拠の行」「ゲート行」「基準行」 (requirement row)	2	2	docs/spec/_assets/tbl-state-machines.md:24, docs/spec/_assets/tbl-verification.md:24	b	row of a requirements / gate table; generated from _source/state-machines.json, _source/verification.json	-	-	yes
J2	J2-212	spec _assets	「コメント行」「コード行」「行コメント」「実行行」「コマンド行」 (kind of source line)	1	1	docs/spec/_assets/design-mcp-relay.md:135	b	kind of source-code line	-	-	no
J2	J2-213	spec _assets	diagnostics / report row (表の 1 行 of tasks or comment boxes)	1	1	docs/spec/_assets/tbl-glossary.md:147	b	row of a report or data table	-	-	no
J2	J2-214	spec _assets	検索の表の行 / 語に当たるタスクの行 (search-result row `SearchRow`)	1	1	docs/spec/_assets/tbl-glossary.md:379	b	search-result row	-	-	no
J2	J2-215	spec _assets	「見出しの行」「表の見出しの行」 (header row of an on-screen table)	1	1	docs/spec/_assets/tbl-glossary.md:632	b	header row of an on-screen table	-	-	no
J2	J2-216	development-rules	「行の操作子」「行の掴み(代)」「掴んだ行」 (row controls and grab)	6	2	docs/development-rules/03-implementation.md:88, docs/development-rules/03-implementation.md:89, docs/development-rules/03-implementation.md:90	a	controls of a TaskGroup	タスクグループの操作子・掴み代	task group controls / grab	no
J2	J2-217	development-rules	「行名」「行の名前」「行タイトル」 (TaskGroup.label)	5	2	docs/development-rules/03-implementation.md:93, docs/development-rules/04-verification.md:349, docs/development-rules/04-verification.md:351	a	TaskGroup.label	タスクグループ名	task group name	no
J2	J2-218	development-rules	「行見出しパネル」 (Row Title Panel)	4	3	docs/development-rules/03-implementation.md:65, docs/development-rules/03-implementation.md:67, docs/development-rules/04-verification.md:641	a	Row Title Panel = TaskGroup panel	タスクグループパネル	Task Group Panel	no
J2	J2-219	development-rules	「行の帯」「行の帯高」「行の縦位置」「行の高さ」 (row band geometry)	2	2	docs/development-rules/04-verification.md:141, docs/development-rules/09-tools.md:217	a	band of a TaskGroup	タスクグループの帯	task group band	no
J2	J2-220	development-rules	「行」 = TaskGroup (other phrasing: 行を作る・行を足す・親の行・この行・すべての行 ...)	2	1	docs/development-rules/04-verification.md:276, docs/development-rules/04-verification.md:358	a	TaskGroup entity	タスクグループ	task group	no
J2	J2-221	development-rules	「行の木」 (TaskGroup tree / treeState)	1	1	docs/development-rules/03-implementation.md:130	a	tree of TaskGroups	タスクグループの木	task group tree	no
J2	J2-222	development-rules	「描く行」「スクロールする行」「最後の行」「行の並び」 (layout of drawn TaskGroups)	1	1	docs/development-rules/04-verification.md:141	a	drawn TaskGroups in layout	描くタスクグループ	drawn task groups	no
J2	J2-223	development-rules	「行軸（縦）」「行の軸」 (vertical zoom axis)	2	2	docs/development-rules/03-implementation.md:87, docs/development-rules/04-verification.md:276	c	settled axis name; user must choose	タスクグループ軸（縦）? / 縦軸?	task group axis? / vertical axis?	no
J2	J2-224	development-rules	cannot tell TaskGroup from table row / other	1	1	docs/development-rules/05-working-method.md:405	c	ambiguous	タスクグループ?	task group?	no
J2	J2-225	development-rules	「表 T-xxx の行」「本表の行」「`XX-n` の行」「行ごと」「行を持たない」 (spec-table row)	230	9	docs/development-rules/01-standing-rules.md:36, docs/development-rules/02-changing-the-spec.md:3, docs/development-rules/02-changing-the-spec.md:24	b	row of a specification table	-	-	no
J2	J2-226	development-rules	「1 行」「2 行」「n 行」 (a line of text / code / file)	99	8	docs/development-rules/01-standing-rules.md:56, docs/development-rules/02-changing-the-spec.md:31, docs/development-rules/02-changing-the-spec.md:133	b	line of text or code	-	-	no
J2	J2-227	development-rules	台帳・裁定・CR・DFC・PND・件数表の行 (ledger / rulings rows)	94	6	docs/development-rules/02-changing-the-spec.md:56, docs/development-rules/02-changing-the-spec.md:57, docs/development-rules/02-changing-the-spec.md:201	b	row of a ledger or rulings table	-	-	no
J2	J2-228	development-rules	「行 ID」 (spec-table row ID)	50	8	docs/development-rules/01-standing-rules.md:36, docs/development-rules/02-changing-the-spec.md:85, docs/development-rules/02-changing-the-spec.md:127	b	row ID of a specification table	-	-	no
J2	J2-229	development-rules	並行・並行性・並行作業 (parallel)	38	8	docs/development-rules/01-standing-rules.md:9, docs/development-rules/01-standing-rules.md:12, docs/development-rules/04-verification.md:474	b	word merely contains 行 (parallel)	-	-	no
J2	J2-230	development-rules	「行目」「行番号」「該当行」「行頭」「行末」 (line position)	27	6	docs/development-rules/03-implementation.md:31, docs/development-rules/03-implementation.md:142, docs/development-rules/04-verification.md:208	b	line position	-	-	no
J2	J2-231	development-rules	実行・実行時・実行ファイル・再試行 etc. (execute)	25	6	docs/development-rules/03-implementation.md:171, docs/development-rules/03-implementation.md:346, docs/development-rules/04-verification.md:204	b	word merely contains 行 (execute)	-	-	no
J2	J2-232	development-rules	走行・走行中・走行回数 (a run)	21	4	docs/development-rules/04-verification.md:282, docs/development-rules/04-verification.md:311, docs/development-rules/04-verification.md:325	b	word merely contains 行 (test run)	-	-	no
J2	J2-233	development-rules	「行数」「数・行数」「行数内訳」 (line count)	17	4	docs/development-rules/03-implementation.md:230, docs/development-rules/03-implementation.md:302, docs/development-rules/04-verification.md:88	b	line count	-	-	no
J2	J2-234	development-rules	「改行」「空行」「複数行」「行をまたぐ」「継続行」 (line break / multi-line)	10	3	docs/development-rules/04-verification.md:216, docs/development-rules/07-review-standards.md:108, docs/development-rules/09-tools.md:95	b	line break or multi-line text	-	-	no
J2	J2-235	development-rules	刊行・刊行物・発行 (publish)	8	4	docs/development-rules/02-changing-the-spec.md:59, docs/development-rules/02-changing-the-spec.md:165, docs/development-rules/04-verification.md:219	b	word merely contains 行 (publish)	-	-	no
J2	J2-236	development-rules	「コメント行」「コード行」「行コメント」「実行行」「コマンド行」 (kind of source line)	8	2	docs/development-rules/04-verification.md:321, docs/development-rules/09-tools.md:98, docs/development-rules/09-tools.md:112	b	kind of source-code line	-	-	no
J2	J2-237	development-rules	移行・逆行・退行・現行・行動・平行四辺形・待ち行列・行き/行く etc.	7	3	docs/development-rules/04-verification.md:71, docs/development-rules/04-verification.md:346, docs/development-rules/04-verification.md:500	b	word merely contains 行	-	-	no
J2	J2-238	development-rules	「n 行」 counting table rows (表 T-065 は 8 行, 台帳にも 5 行)	6	1	docs/development-rules/09-tools.md:95, docs/development-rules/09-tools.md:109, docs/development-rules/09-tools.md:156	b	count of specification-table rows	-	-	no
J2	J2-239	development-rules	other text line (逐語の行, 出力の行, 引用で始まる行, 引く行, 行を足す in a file)	4	1	docs/development-rules/04-verification.md:493, docs/development-rules/04-verification.md:511, docs/development-rules/04-verification.md:560	b	line of text in a file or output	-	-	no
J2	J2-240	development-rules	「要求の行」「根拠の行」「ゲート行」「基準行」 (requirement row)	2	2	docs/development-rules/05-working-method.md:273, docs/development-rules/09-tools.md:186	b	row of a requirements / gate table	-	-	no
J2	J2-241	development-rules	ホイールが行で報告 (`deltaMode` 1) の 1 行 (wheel line)	1	1	docs/development-rules/03-implementation.md:84	b	DOM wheel deltaMode line	-	-	no
J2	J2-242	development-rules	担当の行 (assignee line of the pointer tooltip, TL-7)	1	1	docs/development-rules/03-implementation.md:112	b	line inside a tooltip	-	-	no
J2	J2-243	development-rules	欄の行 / 最初の欄の行 (properties-panel field row)	1	1	docs/development-rules/04-verification.md:602	b	properties-panel field row	-	-	no
J2	J2-244	development-rules	進行中 (in progress)	1	1	docs/development-rules/07-review-standards.md:335	b	word merely contains 行 (in progress)	-	-	no
J2	J2-245	development-rules	もう一度行ってください / 行う (do)	1	1	docs/development-rules/07-review-standards.md:457	b	verb 行う (do)	-	-	no
J2	J2-246	development-rules	先行・先行タスク (predecessor)	1	1	docs/development-rules/09-tools.md:188	b	word merely contains 行 (predecessor)	-	-	no
E1	DR-01	development-rules	row-id-prefixes / tbl-row-id-prefixes / row_id_prefixes_json_to_md paths	8	5	docs/development-rules/02-changing-the-spec.md:103; docs/development-rules/04-verification.md:659; docs/development-rules/05-working-method.md:55	b	spec-table row ID register	-	-	no
E1	DR-02	development-rules	'rows' count forecast in a CR (tables / rows / uids)	2	1	docs/development-rules/02-changing-the-spec.md:22; docs/development-rules/02-changing-the-spec.md:68	b	spec-table rows	-	-	no
E1	DR-03	development-rules	`TaskGroup` を `Row` と呼び替えない (naming counterexample)	1	1	docs/development-rules/03-implementation.md:16	b	the rule forbids the alias; keep as the counterexample	-	-	no
E1	DR-04	development-rules	WHY-comment example 'looping per row ... rows are the outer loop'	2	1	docs/development-rules/03-implementation.md:237	c	cannot tell whether the example rows are TaskGroups	-	-	no
E1	DR-05	development-rules	ROW (changelog check regex) / Row/Table parser objects / move_rows scratch name	3	2	docs/development-rules/05-working-method.md:635; docs/development-rules/09-tools.md:111; docs/development-rules/09-tools.md:236	b	line/table row	-	-	no
E1	DR-06	development-rules	ENTITY_ROWS / SEARCH_COLUMN_WIDTH_ROWS / NOT_STORED_PALETTE_ROW_CAP	3	1	docs/development-rules/03-implementation.md:48; docs/development-rules/03-implementation.md:75; docs/development-rules/03-implementation.md:124	b	entity-table rows / settings rows / palette row; in src	-	-	no
E1	DR-07	development-rules	NOT_STORED_ROW_* constants (BAND, BAND_CEILING_SEARCH, CONTROL, CONTROL_EDGE, CONTROL_OUTER, GRAB, GRAB_ROOM, GRAB_STRIP)	8	1	docs/development-rules/03-implementation.md:87; docs/development-rules/03-implementation.md:88; docs/development-rules/03-implementation.md:89	a	TaskGroup band/control/grab sizes; in src	-	NOT_STORED_TASK_GROUP_*	no
E1	DR-08	development-rules	test file names (t-051-hf-15-grabbing-a-row, fr-085-double-click-a-row-name, rows-fixed-with-nothing-holding-them)	3	2	docs/development-rules/02-changing-the-spec.md:173; docs/development-rules/04-verification.md:345; docs/development-rules/04-verification.md:617	c	test file NAME	-	...-task-group...	no
E1	DR-09	development-rules	data-field-row / rowId / firstRow mentions	4	2	docs/development-rules/04-verification.md:602; docs/development-rules/09-tools.md:110; docs/development-rules/09-tools.md:163	b	field row / spec-table row	-	-	no
E1	DR-10	development-rules	RowTitle (type name, RowTitle.fontPx)	1	1	docs/development-rules/05-working-method.md:141	a	TaskGroup title type; in src	-	TaskGroupTitle	no
E1	DR-11	development-rules	PressRow / check-press-row-ids / check-device-route-row-ids	4	1	docs/development-rules/09-tools.md:122; docs/development-rules/09-tools.md:124	b	spec-table row IDs	-	-	no
E1	DR-12	development-rules	tools probe reads/presses: rows / rowBands / pressRow; tool row-controls-press-all	6	1	docs/development-rules/09-tools.md:137; docs/development-rules/09-tools.md:204; docs/development-rules/09-tools.md:212	a	probe API over TaskGroups (tools/, not src)	-	taskGroups / taskGroupBands / pressTaskGroup / task-group-controls-press-all	no
E1	DR-13	development-rules	sample path 11-row-controls / row-controls-sample / sample CSS .row	3	1	docs/development-rules/09-tools.md:137; docs/development-rules/09-tools.md:212	c	frozen PoC sample path/class	-	-	no
E1	DR-14	development-rules	pinnedRowMax (settings key)	1	1	docs/development-rules/09-tools.md:137	c	settings key; follows SI-27 ruling	-	pinnedTaskGroupMax	no
E1	GS-01	generator scripts	table/record row in generator code: row, rows, row['id'], header_rows, under_a_row, row_id, seen_rows, markdown_row, ESCAPE_ROW, ROW regex, rows_cell, row_line, event_rows, transition_rows, entity_rows, row_prefix, settings_row_default, with_calendar_rows_printed	233	8	docs/spec/_source/erd_json_to_md.py:193; docs/spec/_source/erd_json_to_md.py:195; docs/spec/_source/erd_json_to_md.py:198	b	Markdown/JSON table rows	-	-	no
E1	GS-02	generator scripts	table/record row in generator comments/docstrings/messages	145	8	docs/spec/_source/erd_json_to_md.py:54; docs/spec/_source/erd_json_to_md.py:58; docs/spec/_source/erd_json_to_md.py:78	b	spec-table or data-record row	-	-	no
E1	GS-03	generator scripts	TaskGroup sense in generator comments: 'row-band cells', 'row colour field', '(the row tree)'	3	2	docs/spec/_source/erd_json_to_schema.py:182; docs/spec/_source/erd_json_to_schema.py:183; docs/spec/_source/state_machines_json_to_md.py:264	a	TaskGroup band/colour/tree	タスクグループ	task group	no
E1	GS-04	generator scripts	rowTree in printed text literal (state_machines_json_to_md.py)	1	1	docs/spec/_source/state_machines_json_to_md.py:938	a	region name; follows SI-24	-	taskGroupTree	no
E1	GS-05	generator scripts	rowBandCeilingOf / rowPlacesAtZoomY cited in a docstring	2	1	docs/spec/_source/published_entries_json_to_md.py:42; docs/spec/_source/published_entries_json_to_md.py:44	a	follows SI-26	-	taskGroupBandCeilingOf / taskGroupPlacesAtZoomY	no
E1	GS-06	generator scripts	row_id_prefixes_json_to_md (own script name)	5	2	docs/spec/_source/row_id_prefixes_json_to_md.py:9; docs/spec/_source/row_id_prefixes_json_to_md.py:10; docs/spec/_source/row_id_prefixes_json_to_md.py:398	b	spec-table row ID register	-	-	no
E1	SI-01	spec identifiers	rowId (JSON key = spec-table row ID)	521	2	docs/spec/_source/display-words.json:14; docs/spec/_source/display-words.json:25; docs/spec/_source/display-words.json:36	b	row of a specification table	-	-	no
E1	SI-02	spec identifiers	firstRow (first row of table T-109)	5	1	docs/spec/_source/display-words.json:2550; docs/spec/_source/display-words.json:2557; docs/spec/_source/display-words.json:2564	b	row of a specification table	-	-	no
E1	SI-03	spec identifiers	fieldRow / data-field-row (properties-panel field row)	10	1	docs/spec/_source/state-machines.json:5719; docs/spec/_source/state-machines.json:5784; docs/spec/_source/state-machines.json:5817	b	properties-panel field row, not TaskGroup; in src	-	-	no
E1	SI-03g	spec identifiers	fieldRow / data-field-row (properties-panel field row)	10	1	docs/spec/_assets/tbl-state-machines.md:919; docs/spec/_assets/tbl-state-machines.md:922; docs/spec/_assets/tbl-state-machines.md:923	b	properties-panel field row, not TaskGroup; in src; generated from state-machines.json	-	-	yes
E1	SI-04	spec identifiers	row-id-prefixes / tbl-row-id-prefixes / DOC-TBL-ROW-ID-PREFIXES / row_id_prefixes_json_to_md / row-ID	4	2	docs/spec/01-04-requirements.md:319; docs/spec/_source/row-id-prefixes.json:4; docs/spec/_source/row-id-prefixes.json:5	b	register of spec-table row ID prefixes	-	-	no
E1	SI-04g	spec identifiers	row-id-prefixes / tbl-row-id-prefixes / DOC-TBL-ROW-ID-PREFIXES / row_id_prefixes_json_to_md / row-ID	4	1	docs/spec/_assets/tbl-row-id-prefixes.md:3; docs/spec/_assets/tbl-row-id-prefixes.md:8; docs/spec/_assets/tbl-row-id-prefixes.md:9	b	register of spec-table row ID prefixes; generated from row-id-prefixes.json	-	-	yes
E1	SI-05	spec identifiers	rows JSON key (rows of a spec table / requirement rows a rung cites)	195	10	docs/spec/_source/erd.json:178; docs/spec/_source/erd.json:283; docs/spec/_source/erd.schema.json:708	b	spec-table rows	-	-	no
E1	SI-06	spec identifiers	row_prefix / row_comment / entity_rows (erd.json document-layout keys)	13	2	docs/spec/_source/erd.json:79; docs/spec/_source/erd.json:99; docs/spec/_source/erd.json:118	b	rows of generated ERD tables	-	-	no
E1	SI-07	spec identifiers	pressRow / pressRowOf / PressRow (row of press table T-023a)	5	2	docs/spec/_source/published-entries.json:1726; docs/spec/_source/published-entries.json:1735; docs/spec/_source/state-machines.json:3648	b	returns a PTD row ID; in src	-	-	no
E1	SI-07g	spec identifiers	pressRow / pressRowOf / PressRow (row of press table T-023a)	5	2	docs/spec/_assets/tbl-published-entries.md:36; docs/spec/_assets/tbl-state-machines.md:653; docs/spec/_assets/tbl-state-machines.md:697	b	returns a PTD row ID; in src; generated from published-entries.json, state-machines.json	-	-	yes
E1	SI-08	spec identifiers	readSearchRows / searchRowsOf / SearchRows / TaskSearchRow / CommentBoxSearchRow / SEARCH_PANEL_TEXT_SIZE_ROWS	8	3	docs/spec/_assets/tbl-glossary.md:379; docs/spec/_source/components.json:582; docs/spec/_source/published-entries.json:549	b	search-result row (SearchRow); in src	-	-	no
E1	SI-08g	spec identifiers	readSearchRows / searchRowsOf / SearchRows / TaskSearchRow / CommentBoxSearchRow / SEARCH_PANEL_TEXT_SIZE_ROWS	6	1	docs/spec/_assets/tbl-published-entries.md:19; docs/spec/_assets/tbl-published-entries.md:55	b	search-result row (SearchRow); in src; generated from published-entries.json	-	-	yes
E1	SI-09	spec identifiers	DelayReportRow / delayDiagnosticsReportRows	2	1	docs/spec/_source/published-entries.json:120; docs/spec/_source/published-entries.json:155	b	delay-report row; in src	-	-	no
E1	SI-09g	spec identifiers	DelayReportRow / delayDiagnosticsReportRows	2	1	docs/spec/_assets/tbl-published-entries.md:19	b	delay-report row; in src; generated from published-entries.json	-	-	yes
E1	SI-10	spec identifiers	isScheduleColourRow / MARK_COLOUR_ROWS (rows of colour table T-236)	5	1	docs/spec/_source/published-entries.json:1870; docs/spec/_source/published-entries.json:2833; docs/spec/_source/published-entries.json:2838	b	spec-table rows; in src	-	-	no
E1	SI-10g	spec identifiers	isScheduleColourRow / MARK_COLOUR_ROWS (rows of colour table T-236)	5	1	docs/spec/_assets/tbl-published-entries.md:37; docs/spec/_assets/tbl-published-entries.md:53	b	spec-table rows; in src; generated from published-entries.json	-	-	yes
E1	SI-11	spec identifiers	InvariantRow (row ID of table T-220)	1	1	docs/spec/_source/published-entries.json:1357	b	spec-table row; in src	-	-	no
E1	SI-11g	spec identifiers	InvariantRow (row ID of table T-220)	1	1	docs/spec/_assets/tbl-published-entries.md:27	b	spec-table row; in src; generated from published-entries.json	-	-	yes
E1	SI-12	spec identifiers	rowId in naming-rule counterexample (`rowId` <-> `group_id` forbidden)	1	1	docs/spec/01-04-requirements.md:313	b	counterexample of a naming rule; keep	-	-	no
E1	SI-20	spec identifiers	state-machine events: childRowAddPressed, everyRowOpenPressed, everyRowFoldPressed, everyRowDeletePressed, rowRevealAsked, rowGrabAxisSettled, rowsPicked, createdRowSelected	27	2	docs/spec/01-04-requirements.md:1763; docs/spec/01-04-requirements.md:1766; docs/spec/01-04-requirements.md:1771	a	row = TaskGroup; settled event names, also in src	-	childTaskGroupAddPressed, everyTaskGroupOpenPressed, everyTaskGroupFoldPressed, everyTaskGroupDeletePressed, taskGroupRevealAsked, taskGroupGrabAxisSettled, taskGroupsPicked, createdTaskGroupSelected	no
E1	SI-20g	spec identifiers	state-machine events: childRowAddPressed, everyRowOpenPressed, everyRowFoldPressed, everyRowDeletePressed, rowRevealAsked, rowGrabAxisSettled, rowsPicked, createdRowSelected	36	1	docs/spec/_assets/tbl-state-machines.md:656; docs/spec/_assets/tbl-state-machines.md:716; docs/spec/_assets/tbl-state-machines.md:717	a	row = TaskGroup; settled event names, also in src; generated from state-machines.json	-	childTaskGroupAddPressed, everyTaskGroupOpenPressed, everyTaskGroupFoldPressed, everyTaskGroupDeletePressed, taskGroupRevealAsked, taskGroupGrabAxisSettled, taskGroupsPicked, createdTaskGroupSelected	yes
E1	SI-21	spec identifiers	state-machine guards: isPressedRow, isBelowPressedRow, isChildOfPressedRow, isLeafRow, isTopLevelRow, isRevealedRowOrAncestor, isRowGrabStrip	42	1	docs/spec/_source/state-machines.json:4020; docs/spec/_source/state-machines.json:7402; docs/spec/_source/state-machines.json:7414	a	row = TaskGroup; in src	-	isPressedTaskGroup, isBelowPressedTaskGroup, isChildOfPressedTaskGroup, isLeafTaskGroup, isTopLevelTaskGroup, isRevealedTaskGroupOrAncestor, isTaskGroupGrabStrip	no
E1	SI-21g	spec identifiers	state-machine guards: isPressedRow, isBelowPressedRow, isChildOfPressedRow, isLeafRow, isTopLevelRow, isRevealedRowOrAncestor, isRowGrabStrip	42	1	docs/spec/_assets/tbl-state-machines.md:722; docs/spec/_assets/tbl-state-machines.md:1275; docs/spec/_assets/tbl-state-machines.md:1276	a	row = TaskGroup; in src; generated from state-machines.json	-	isPressedTaskGroup, isBelowPressedTaskGroup, isChildOfPressedTaskGroup, isLeafTaskGroup, isTopLevelTaskGroup, isRevealedTaskGroupOrAncestor, isTaskGroupGrabStrip	yes
E1	SI-22	spec identifiers	state-machine values/actions: chosenRows, pressedRowId, revealedRowId, bringCreatedRowIntoSight	18	1	docs/spec/_source/state-machines.json:203; docs/spec/_source/state-machines.json:352; docs/spec/_source/state-machines.json:5693	a	row = TaskGroup; in src	-	chosenTaskGroups, pressedTaskGroupId, revealedTaskGroupId, bringCreatedTaskGroupIntoSight	no
E1	SI-22g	spec identifiers	state-machine values/actions: chosenRows, pressedRowId, revealedRowId, bringCreatedRowIntoSight	18	1	docs/spec/_assets/tbl-state-machines.md:35; docs/spec/_assets/tbl-state-machines.md:42; docs/spec/_assets/tbl-state-machines.md:933	a	row = TaskGroup; in src; generated from state-machines.json	-	chosenTaskGroups, pressedTaskGroupId, revealedTaskGroupId, bringCreatedTaskGroupIntoSight	yes
E1	SI-23	spec identifiers	rowGrabStateMachine and its state ids (rowGrabStateMachine_notGrabbed ...)	1	1	docs/spec/_source/state-machines.json:3973	a	grab of a TaskGroup; in src	-	taskGroupGrabStateMachine	no
E1	SI-23g	spec identifiers	rowGrabStateMachine and its state ids (rowGrabStateMachine_notGrabbed ...)	24	1	docs/spec/_assets/tbl-state-machines.md:653; docs/spec/_assets/tbl-state-machines.md:654; docs/spec/_assets/tbl-state-machines.md:655	a	grab of a TaskGroup; in src; generated from state-machines.json	-	taskGroupGrabStateMachine	yes
E1	SI-24	spec identifiers	rowTree (region name; TaskGroup.treeState)	1	1	docs/spec/_source/state-machines.json:6978	a	region of the TaskGroup tree; in src	-	taskGroupTree	no
E1	SI-24g	spec identifiers	rowTree (region name; TaskGroup.treeState)	34	1	docs/spec/_assets/tbl-state-machines.md:13; docs/spec/_assets/tbl-state-machines.md:1189; docs/spec/_assets/tbl-state-machines.md:1206	a	region of the TaskGroup tree; in src; generated from state-machines.json	-	taskGroupTree	yes
E1	SI-25	spec identifiers	rowZoomShrinkPressed / rowZoomEndReached (row-axis zoom events)	5	2	docs/spec/01-04-requirements.md:1766; docs/spec/_source/state-machines.json:973; docs/spec/_source/state-machines.json:2782	c	row axis = vertical zoom axis (行軸) needs a ruling; in src	-	verticalZoomShrinkPressed? / taskGroupZoom...?	no
E1	SI-25g	spec identifiers	rowZoomShrinkPressed / rowZoomEndReached (row-axis zoom events)	7	1	docs/spec/_assets/tbl-state-machines.md:87; docs/spec/_assets/tbl-state-machines.md:411; docs/spec/_assets/tbl-state-machines.md:412	c	row axis = vertical zoom axis (行軸) needs a ruling; in src; generated from state-machines.json	-	verticalZoomShrinkPressed? / taskGroupZoom...?	yes
E1	SI-26	spec identifiers	published names: rowNameOf, rowBandCeilingOf, rowPlacesAtZoomY, drawnRowBoxesOf, selectionWithinDrawnRows, rowControlLatticeHeightPx, rowTitleFontPxOf, DEFAULT_ROW_NAME, GrabbedRowAxis	15	3	docs/spec/01-04-requirements.md:4000; docs/spec/01-04-requirements.md:8497; docs/spec/05-07-design.md:427	a	row = TaskGroup; table T-064 names, in src	-	taskGroupNameOf, taskGroupBandCeilingOf, taskGroupPlacesAtZoomY, drawnTaskGroupBoxesOf, selectionWithinDrawnTaskGroups, taskGroupControlLatticeHeightPx, taskGroupTitleFontPxOf, DEFAULT_TASK_GROUP_NAME, GrabbedTaskGroupAxis	no
E1	SI-26g	spec identifiers	published names: rowNameOf, rowBandCeilingOf, rowPlacesAtZoomY, drawnRowBoxesOf, selectionWithinDrawnRows, rowControlLatticeHeightPx, rowTitleFontPxOf, DEFAULT_ROW_NAME, GrabbedRowAxis	10	1	docs/spec/_assets/tbl-published-entries.md:19; docs/spec/_assets/tbl-published-entries.md:23; docs/spec/_assets/tbl-published-entries.md:25	a	row = TaskGroup; table T-064 names, in src; generated from published-entries.json	-	taskGroupNameOf, taskGroupBandCeilingOf, taskGroupPlacesAtZoomY, drawnTaskGroupBoxesOf, selectionWithinDrawnTaskGroups, taskGroupControlLatticeHeightPx, taskGroupTitleFontPxOf, DEFAULT_TASK_GROUP_NAME, GrabbedTaskGroupAxis	yes
E1	SI-27	spec identifiers	settings keys: rowGap, rowTitleFont, rowTitleIndent, rowTitlePanelWidth, rowTitleTopScale, pinnedRowMax, setRowTitlePanelWidth	22	4	docs/spec/01-04-requirements.md:1685; docs/spec/01-04-requirements.md:2234; docs/spec/01-04-requirements.md:8056	c	settled settings key (rowTitlePanelWidth is saved GRS JSON); in src; rename needs a ruling	-	taskGroupGap, taskGroupTitleFont, taskGroupTitleIndent, taskGroupPanelWidth, taskGroupTitleTopScale, pinnedTaskGroupMax, setTaskGroupPanelWidth	no
E1	SI-27g	spec identifiers	settings keys: rowGap, rowTitleFont, rowTitleIndent, rowTitlePanelWidth, rowTitleTopScale, pinnedRowMax, setRowTitlePanelWidth	10	2	docs/spec/_assets/tbl-settings.md:87; docs/spec/_assets/tbl-settings.md:116; docs/spec/_assets/tbl-settings.md:117	c	settled settings key (rowTitlePanelWidth is saved GRS JSON); in src; rename needs a ruling; generated from erd.json + settings.json, settings.json	-	taskGroupGap, taskGroupTitleFont, taskGroupTitleIndent, taskGroupPanelWidth, taskGroupTitleTopScale, pinnedTaskGroupMax, setTaskGroupPanelWidth	yes
E1	SI-28	spec identifiers	display-words data keys/values: defaultNames use "row", rowMinHeightField, shownOnAnotherRow, block "Row Title Panel"	5	2	docs/spec/01-04-requirements.md:2506; docs/spec/_source/display-words.json:3833; docs/spec/_source/display-words.json:3860	a	row = TaskGroup; keys reach src via generator	-	taskGroup, taskGroupMinHeightField, shownOnAnotherTaskGroup, Task Group Panel	no
E1	SI-29	spec identifiers	src module file names: row-title-panel(.ts), row-title-panel-drawing, row-names, row-scroll, row-grab, row-tree-entrances, row-band-ceiling-cache, drawn-rows, mspdi-imported-rows	16	1	docs/spec/05-07-design.md:339; docs/spec/05-07-design.md:346; docs/spec/05-07-design.md:347	a	unit files about TaskGroups (UF table); exist in src	-	task-group-panel, task-group-panel-drawing, task-group-names, task-group-scroll, task-group-grab, task-group-tree-entrances, task-group-band-ceiling-cache, drawn-task-groups, mspdi-imported-task-groups	no
E1	SI-30	spec identifiers	test file names: t-050-a-document-always-holds-one-row, t-051-hf-15-grabbing-a-row, fr-085-double-click-a-row-name, rows-fixed-with-nothing-holding-them	1	1	docs/spec/05-07-design.md:1269	c	test file NAME	-	...-task-group...	no
E1	SI-31	spec identifiers	UI part `Row Title Panel` (U-22)	26	4	docs/spec/01-04-requirements.md:332; docs/spec/01-04-requirements.md:4978; docs/spec/01-04-requirements.md:5250	a	panel of TaskGroups (JDG-1555/1655)	タスクグループパネル	Task Group Panel	no
E1	SI-31g	spec identifiers	UI part `Row Title Panel` (U-22)	2	1	docs/spec/_assets/tbl-published-entries.md:19; docs/spec/_assets/tbl-published-entries.md:53	a	panel of TaskGroups (JDG-1555/1655); generated from published-entries.json	タスクグループパネル	Task Group Panel	yes
E1	SI-32	spec identifiers	UI part `Row Title Tree` (U-23)	4	3	docs/spec/01-04-requirements.md:6780; docs/spec/05-07-design.md:529; docs/spec/05-07-design.md:545	c	no wording given for the tree	タスクグループツリー?	Task Group Tree?	no
E1	SI-33	spec identifiers	UI part `Rows` (U-1)	6	3	docs/spec/01-04-requirements.md:253; docs/spec/01-04-requirements.md:6782; docs/spec/05-07-design.md:54	a	drawn TaskGroups	タスクグループ	Task Groups	no
E1	SI-34	spec identifiers	UI parts `Pinned Row` (U-46) / `Row Expander` (U-47) / `Row Pin` (U-48)	10	2	docs/spec/01-04-requirements.md:1686; docs/spec/01-04-requirements.md:5748; docs/spec/01-04-requirements.md:6781	a	TaskGroup parts	ピン止めのタスクグループ / タスクグループの折り畳みの操作子 / ピン止めの操作子	Pinned Task Group / Task Group Expander / Task Group Pin	no
E1	SI-35	spec identifiers	UI part `Row Area` (U-50)	82	6	docs/spec/01-04-requirements.md:885; docs/spec/01-04-requirements.md:1197; docs/spec/01-04-requirements.md:1772	c	structural name with no ja word; area where TaskGroups lie; no proposal in brief	-	Task Group Area?	no
E1	SI-35g	spec identifiers	UI part `Row Area` (U-50)	12	3	docs/spec/_assets/tbl-published-entries.md:36; docs/spec/_assets/tbl-published-entries.md:51; docs/spec/_assets/tbl-settings.md:202	c	structural name with no ja word; area where TaskGroups lie; no proposal in brief; generated from published-entries.json, settings.json, state-machines.json	-	Task Group Area?	yes
E1	SI-36	spec identifiers	`Rows` in glossary ambiguity rule A-2 (Rows vs TaskGroup)	1	1	docs/spec/01-04-requirements.md:389	c	rule exists to tell Rows from TaskGroup; retire or reword after the rename	-	-	no
E1	SI-37	spec identifiers	figure name fig-hit-stacked-row	2	1	docs/spec/01-04-requirements.md:4560	c	figure file name (generated asset name)	-	fig-hit-stacked-task-group?	no
E1	SI-38	spec identifiers	row-band (T-294 cell names lightBand/darkBand 'row-band cells')	1	1	docs/spec/_source/erd.schema.json:528	a	TaskGroup band colour	タスクグループの帯	task-group-band	no
E1	SI-39	spec identifiers	previous-project-result paths 11-row-controls / row-controls-sample / sample CSS class .row	8	1	docs/spec/_source/settings.json:4251; docs/spec/_source/settings.json:4265; docs/spec/_source/settings.json:4279	c	frozen PoC sample path/class; renaming moves files	-	-	no
E1	SI-39g	spec identifiers	previous-project-result paths 11-row-controls / row-controls-sample / sample CSS class .row	8	1	docs/spec/_assets/tbl-settings.md:438; docs/spec/_assets/tbl-settings.md:439; docs/spec/_assets/tbl-settings.md:440	c	frozen PoC sample path/class; renaming moves files; generated from settings.json	-	-	yes
E1	SP-01	spec prose en	entity/column descriptions: 'A row on screen', 'Which row a task sits on', 'tasks and rows without a colour', 'every row state', 'Pinned to a date and a row'	8	1	docs/spec/_source/erd.json:795; docs/spec/_source/erd.json:1462; docs/spec/_source/erd.json:1573	a	row = TaskGroup in data-model English (erd.json -> grs-document.schema.json)	タスクグループ	task group	no
E1	SP-01g	spec prose en	entity/column descriptions: 'A row on screen', 'Which row a task sits on', 'tasks and rows without a colour', 'every row state', 'Pinned to a date and a row'	8	1	docs/spec/_source/grs-document.schema.json:462; docs/spec/_source/grs-document.schema.json:692; docs/spec/_source/grs-document.schema.json:733	a	row = TaskGroup in data-model English (erd.json -> grs-document.schema.json); generated from erd.json + settings.json	タスクグループ	task group	yes
E1	SP-02	spec prose en	'up stacks a row's tasks' (stackDirection description)	4	2	docs/spec/_source/erd.json:1632; docs/spec/_source/settings.json:1559	a	row = TaskGroup	タスクグループ	a task group's tasks	no
E1	SP-02g	spec prose en	'up stacks a row's tasks' (stackDirection description)	4	1	docs/spec/_source/grs-document.schema.json:284; docs/spec/_source/grs-document.schema.json:766	a	row = TaskGroup; generated from erd.json + settings.json	タスクグループ	a task group's tasks	yes
E1	SP-03	spec prose en	components.json/overview.json labels: 'row placement', 'ruler and rows', 'row names', 'pinned rows', 'row members', 'laid-out rows', 'row colour', 'row title panel width', 'row control lattice'	16	2	docs/spec/_source/components.json:188; docs/spec/_source/components.json:378; docs/spec/_source/components.json:379	a	row = TaskGroup in component descriptions	タスクグループ	task group	no
E1	SP-04	spec prose en	image-to-grs prompt: 'Rows (taskGroups)', 'heading row', 'child row', 'row depth'	43	1	docs/spec/_source/image-to-grs-json-prompt.en.md:11; docs/spec/_source/image-to-grs-json-prompt.en.md:27; docs/spec/_source/image-to-grs-json-prompt.en.md:28	a	row = TaskGroup in the FR-068 prompt (SSOT; src copy generated)	タスクグループ	task group	no
E1	SP-05	spec prose en	'the row tree (TaskGroup.treeState)'	2	2	docs/spec/_source/state-machines.json:5; docs/spec/_source/state-machines.schema.json:136	a	TaskGroup tree	タスクグループの木	task group tree	no
E1	SP-06	spec prose en	'drawn as a row band', 'row colour field'	2	1	docs/spec/_source/erd.schema.json:528	a	TaskGroup band/colour	タスクグループの帯	task group band / task group colour field	no
E1	SP-07	spec prose en	display-words $comment: 'a row's min height field'	1	1	docs/spec/_source/display-words.json:4	a	TaskGroup.minHeight field	タスクグループの最小の高さ	a task group's min height field	no
E1	SP-10	spec prose en	spec-table / record row in schema descriptions and $comments ('row id', 'every row of table', 'settings row', 'requirement rows')	106	14	docs/spec/_source/display-words.json:4; docs/spec/_source/display-words.json:8; docs/spec/_source/display-words.json:9	b	row of a specification table	-	-	no
E1	SP-11	spec prose en	'A row is a one-off exception' (calendar exception record)	2	1	docs/spec/_source/erd.json:2072	b	calendar exception row, not TaskGroup	-	-	no
E1	SP-11g	spec prose en	'A row is a one-off exception' (calendar exception record)	2	1	docs/spec/_source/grs-document.schema.json:924	b	calendar exception row, not TaskGroup; generated from erd.json + settings.json	-	-	yes
E1	SP-12	spec prose en	'search rows' (components.json)	2	1	docs/spec/_source/components.json:581; docs/spec/_source/components.json:582	b	search-result rows	-	-	no
E1	SW-01	screen words	row/rows in entrance hints (IC-*): 'this row', 'every row below this one', 'Collapse every row'	14	1	docs/spec/_source/display-words.json:857; docs/spec/_source/display-words.json:868; docs/spec/_source/display-words.json:879	a	row = TaskGroup in Row Title Panel entrances	タスクグループ	task group / task groups	no
E1	SW-02	screen words	entrance labels 'Delete Row' / 'Delete All Rows' / 'Add Top Row'	3	1	docs/spec/_source/display-words.json:919; docs/spec/_source/display-words.json:930; docs/spec/_source/display-words.json:1315	a	row = TaskGroup	タスクグループを削除 / すべてのタスクグループを削除 / 最上位にタスクグループを足す	Delete Task Group / Delete All Task Groups / Add Top Task Group	no
E1	SW-03	screen words	row/rows in refusal reasons and next steps (RS-*): 'This row draws no child', 'Open a row first'	23	1	docs/spec/_source/display-words.json:2947; docs/spec/_source/display-words.json:2951; docs/spec/_source/display-words.json:2991	a	row = TaskGroup	タスクグループ	task group	no
E1	SW-04	screen words	'pinned rows' in RS too-many-pinned reason	2	1	docs/spec/_source/display-words.json:3365; docs/spec/_source/display-words.json:3369	a	pinned TaskGroup	ピン止めのタスクグループ	pinned task groups	no
E1	SW-05	screen words	delete questions (QN-*): 'Delete this row and the tasks on it?' / 'Delete all rows ...?'	2	1	docs/spec/_source/display-words.json:3488; docs/spec/_source/display-words.json:3530	a	row = TaskGroup	このタスクグループと…を削除しますか	Delete this task group and the tasks on it? / Delete all task groups and the tasks on them?	no
E1	SW-06	screen words	mouse explanations (MK-13 'row title: the row name', MK-16 'Move to another row only')	3	1	docs/spec/_source/display-words.json:4301; docs/spec/_source/display-words.json:4323	a	row = TaskGroup; row name = TaskGroup.label	タスクグループ見出し：タスクグループ名 / 別のタスクグループへだけ移す	task group title: the task group name / Move to another task group only	no
E1	SW-07	screen words	'Row Title Panel' (surface heading en; K-71 ja word 'Row Title Panel の幅')	2	1	docs/spec/_source/display-words.json:2193; docs/spec/_source/display-words.json:4078	a	U-22 panel of TaskGroups (JDG-1555)	タスクグループパネル / タスクグループパネルの幅	Task Group Panel	no
E1	SW-08	screen words	'Row Title' (SQ-8 search-table column)	1	1	docs/spec/_source/display-words.json:4756	a	column shows TaskGroup.label (JDG-1564)	タスクグループ名	Task Group Name	no
E1	SW-09	screen words	'shown on another row' (confirmation mark)	1	1	docs/spec/_source/display-words.json:3836	a	task shown on another TaskGroup	別のタスクグループに表示中	shown on another task group	no
E1	SW-10	screen words	'Zoom the row axis (vertical) in/out', 'Zoom the row axis only'	3	1	docs/spec/_source/display-words.json:175; docs/spec/_source/display-words.json:186; docs/spec/_source/display-words.json:4191	c	row axis = vertical zoom axis; settled name 行軸 needs a ruling	(縦の軸 / タスクグループの軸?)	vertical axis? / task group axis?	no
E1	SW-11	screen words	'No summary task holds this row' (VS-2, milestone with children)	1	1	docs/spec/_source/display-words.json:5257	c	unclear whether 'row' is a TaskGroup or the Task's line	?	?	no
E1	SW-12	screen words	settings word en = key name (rowGap, rowTitleFont, rowTitleIndent, rowTitleTopScale, rowTitlePanelWidth, pinnedRowMax)	6	1	docs/spec/_source/display-words.json:1767; docs/spec/_source/display-words.json:1970; docs/spec/_source/display-words.json:1977	c	en word is the settings key itself; follows the key rename ruling (also in src)	-	taskGroupGap / taskGroupTitleFont / ... (if keys renamed)	no
E1	SW-13	screen words	'exception day row' (calendar editor)	2	1	docs/spec/_source/display-words.json:1209; docs/spec/_source/display-words.json:1220	b	calendar exception-day row, not TaskGroup	-	-	no
E1	SW-14	screen words	'Too many rows to draw' / 'Fold some rows' (export refusals)	3	1	docs/spec/_source/display-words.json:2929; docs/spec/_source/display-words.json:3145; docs/spec/_source/display-words.json:3149	a	row = TaskGroup	タスクグループ	task groups	no
S1	S1-01	src identifier	row/rows/Row as a spec-table row or row ID (T-xxx row, row: 'XX-n', rowId)	580	86	src/adapter/agent-api-endpoint/agent-api-endpoint.ts:5 src/adapter/agent-api-endpoint/agent-api-members.ts:672 src/adapter/clipboard-gateway/clipboard-gateway.ts:5	b	a row of a specification table / its row ID; generated hits from docs/spec/_source/erd.json, generated json	-	-	partly (96/580)
S1	S1-02	src identifier	rowId (spec-table row ID field in rosters and code)	491	25	src/adapter/document-codec/document-codec.ts:51 src/adapter/document-codec/exchange-formats.json:4 src/adapter/screen-renderer/app-header-items.ts:177	b	row ID of a spec table (T-109, T-024, T-236 ...); generated hits from docs/spec/01-04-requirements.md, docs/spec/_assets/fig-icons.svg, docs/spec/_assets/fig-milestone-shapes.svg, docs/spec/_assets/tbl-glossary.md, docs/spec/_source/settings.json, generated json, table 	-	-	partly (335/491)
S1	S1-03	src identifier	row/rows local variable = TaskGroup or RowPlacement (layout, use-case, input, geometry code)	679	49	src/adapter/document-codec/json-codec.ts:220 src/adapter/document-codec/mspdi-codec.ts:411 src/adapter/document-codec/mspdi-imported-rows.ts:63	a	local name for a TaskGroup / its placement	タスクグループ	taskGroup / taskGroups	no
S1	S1-04	src identifier	row/rows in English comments meaning a TaskGroup	158	40	src/adapter/document-codec/mspdi-imported-rows.ts:1 src/adapter/input-command-translator/armed-placement.ts:50 src/adapter/input-command-translator/input-command-translator.ts:137	a	comment prose about TaskGroups	タスクグループ	task group	no
S1	S1-05	src identifier	row/rows in English comments meaning a non-TaskGroup row (data record, table entry, field row, pixel/text line)	79	31	src/adapter/document-codec/document-codec.ts:102 src/adapter/document-codec/mspdi-child-placement.ts:37 src/adapter/document-codec/mspdi-codec.ts:200	b	comment prose: other kind of row	-	-	no
S1	S1-06	src identifier	row/rows local variable = a non-TaskGroup row (search row, field row, help/tooltip/palette line, data record, theme colour row, ruler row, MSPDI element)	489	42	src/adapter/document-codec/document-codec.ts:63 src/adapter/document-codec/json-codec.ts:215 src/adapter/document-codec/mspdi-child-placement.ts:18	b	row of another table/list or generic record	-	-	no
S1	S1-07	src identifier	Row as a generic type parameter (TableColumns<Row>, inGroupBlocks<Row>)	34	2	src/adapter/screen-renderer/app-header-items.ts:158 src/adapter/screen-renderer/search-table-filters.ts:63	b	generic table-row type parameter	-	-	no
S1	S1-08	src identifier	Row Area / rowArea* / isOnRowArea / leavesRowArea (screen region U-50)	155	27	src/adapter/agent-api-endpoint/agent-api-members.ts:340 src/adapter/input-command-translator/display-scale-steps.ts:1 src/adapter/input-command-translator/dual-cursor-input.ts:17	c	settled glossary name Row Area (U-50); rename needs a ruling	タスクグループ領域（要裁定）	Task Group Area (ruling needed)	no
S1	S1-09	src identifier	rowTitlePanel* / RowTitlePanel / Row Title Panel (code + comments)	71	14	src/adapter/image-exporter/image-exporter.ts:170 src/adapter/input-command-translator/frame-drags.ts:111 src/adapter/screen-renderer/row-title-panel.ts:1	a	the Row Title Panel (U-22)	タスクグループパネル	Task Group Panel (taskGroupPanel*)	no
S1	S1-10	src identifier	rowTitle* / RowTitle / rowTitleTree / Row Title Tree (the title cell / tree inside the panel)	59	7	src/adapter/image-exporter/image-exporter.ts:17 src/adapter/input-command-translator/input-command-translator.ts:49 src/adapter/screen-renderer/row-title-panel.ts:1	c	the title cell: name vs title wording undecided	タスクグループ見出し	task group title (taskGroupTitle*)	no
S1	S1-11	src identifier	rowControl* / ROW_CONTROL_* / rowExpander* / rowPin / rowAddChild / rowDelete* / *EveryRow* / addTopRow / ADD_CHILD_ROW_ENTRY etc. (controls on a TaskGroup title)	341	18	src/adapter/input-command-translator/display-scale-steps.ts:108 src/adapter/input-command-translator/input-command-translator.ts:89 src/adapter/input-command-translator/row-grab.ts:110	a	controls acting on a TaskGroup; generated hits from docs/spec/_source/settings.json, docs/spec/_source/state-machines.json	タスクグループの操作子	taskGroupControl*, taskGroupExpander*, taskGroupPin ...	partly (20/341)
S1	S1-12	src identifier	rowGrab* / RowGrab* / ROW_GRAB_* / GrabbedRow* (dragging a TaskGroup)	151	13	src/adapter/input-command-translator/input-command-translator.ts:84 src/adapter/input-command-translator/item-grab.ts:82 src/adapter/input-command-translator/row-grab.ts:12	a	grab/drag of a TaskGroup; generated hits from docs/spec/_source/settings.json, docs/spec/_source/state-machines.json	タスクグループのつかみ	taskGroupGrab*	partly (12/151)
S1	S1-13	src identifier	RowPlacement / rowPlacements / placedRow* / drawnRow* / undrawnRowDepth / rowBoxes / rowAtY / rowById / rowAnchor* / rowsTop* (laid-out TaskGroups)	273	27	src/adapter/document-codec/mspdi-codec.ts:50 src/adapter/document-codec/mspdi-imported-rows.ts:15 src/adapter/input-command-translator/armed-placement.ts:34	a	layout placement of a TaskGroup	タスクグループの配置	TaskGroupPlacement / placedTaskGroups / drawnTaskGroup*	no
S1	S1-14	src identifier	rowTree / RowTreeFacts / folded/unfolded rows / foldedRow* / rowDepth* / isLeafRow / revealedRow* / pressedRow* (tree of TaskGroups, folding)	224	16	src/adapter/document-codec/mspdi-imported-rows.ts:29 src/adapter/input-command-translator/input-command-translator.ts:1267 src/adapter/input-command-translator/item-grab.ts:264	a	TaskGroup tree and folding; generated hits from docs/spec/_source/state-machines.json	タスクグループの木・折り畳み	taskGroupTree / foldedTaskGroup* / taskGroupDepth*	partly (75/224)
S1	S1-15	src identifier	chosenRows / rowsPicked / heldRow / rowGroupId / grabbedRowGroupId / createdRow* / addedRow* / pinnedRow* (selection and identity of TaskGroups)	179	21	src/adapter/agent-api-endpoint/agent-api-members.ts:347 src/adapter/document-codec/mspdi-codec.ts:1119 src/adapter/input-command-translator/input-command-translator.ts:85	a	selected / held / identified TaskGroup; generated hits from docs/spec/_source/state-machines.json	タスクグループ	chosenTaskGroups / heldTaskGroup / taskGroupId	partly (10/179)
S1	S1-16	src identifier	rowOfTask / rowIndexOfTask / rowIdOfTask / taskUidsWithoutRow / emptyRowTaskUids (Task-to-TaskGroup membership)	34	7	src/adapter/document-codec/mspdi-imported-rows.ts:19 src/adapter/input-command-translator/item-grab.ts:422 src/framework/single-html-shell/document-file-flow.ts:679	a	the TaskGroup a Task is drawn in	タスクグループ	taskGroupOfTask ...	no
S1	S1-17	src identifier	defaultRowName / DEFAULT_ROW_NAME* / rowName / rowNameOf / nameOfRow / ROW_NAME_* / rowPath (search) / rowLabel (the TaskGroup name)	83	24	src/adapter/agent-api-endpoint/agent-api-members.ts:497 src/adapter/agent-api-endpoint/snapshot-source.ts:42 src/adapter/input-command-translator/input-command-translator.ts:206	a	TaskGroup.label (task group name)	タスクグループ名	task group name (taskGroupName*)	no
S1	S1-18	src identifier	rowBand* / NOT_STORED_ROW_BAND_* / RowBandCeilingCache / rowMinHeight* / pinnedRowMax(code use) / rowShrinkWrites (TaskGroup band)	41	7	src/adapter/input-command-translator/input-command-translator.ts:121 src/adapter/input-command-translator/zoom-and-fit.ts:27 src/adapter/screen-renderer/properties-panel.ts:912	a	the band a TaskGroup paints; generated hits from docs/spec/_source/settings.json	タスクグループの帯	taskGroupBand*	partly (2/41)
S1	S1-19	src identifier	rowZoom* / zoomRowIn / zoomRowOut / isRowZoomKey / row-axis / rowAxisReadingOf / rowsAtZoomY / rowPlacesAtZoomY (vertical zoom axis 行軸)	70	12	src/adapter/input-command-translator/display-scale-steps.ts:6 src/adapter/input-command-translator/input-command-translator.ts:36 src/adapter/input-command-translator/shortcut-keys.ts:27	c	row axis (行軸) zoom name needs a ruling; generated hits from docs/spec/_source/state-machines.json	行軸（要裁定）	row axis (ruling needed)	partly (3/70)
S1	S1-20	src identifier	isShownOnAnotherRow / shownOnAnotherRowMark / SHOWN_ON_ANOTHER_ROW (Task also shown in another TaskGroup)	17	6	src/adapter/screen-renderer/notices.ts:48 src/adapter/screen-renderer/screen-renderer.ts:521 src/framework/dom-screen-surface/notices-drawing.ts:122	a	another TaskGroup	別のタスクグループ	isShownOnAnotherTaskGroup	no
S1	S1-21	src identifier	other TaskGroup compounds (rowsFromTasks, ImportedRows, doomedRows, lostRows, tasksRankedByTheRowTree, withWbsOrderFollowingTheRows, noRowToPutTheAnnotationOn, rowStoodUp, holdWithItsRow, ...)	115	27	src/adapter/document-codec/mspdi-codec.ts:1056 src/adapter/document-codec/mspdi-imported-rows.ts:8 src/adapter/input-command-translator/armed-placement.ts:180	a	TaskGroup in compound name; generated hits from docs/spec/_source/erd.json	タスクグループ	taskGroup in the compound	partly (2/115)
S1	S1-22	src identifier	search table rows: SearchRows / TaskSearchRow / CommentBoxSearchRow / SearchRowView / taskRows / commentBoxRows / filteredSearchRows / filteredTableRows / readSearchRows / searchRowsOf / SEARCH_*_ROW(S)	124	16	src/adapter/agent-api-endpoint/agent-api-members.ts:13 src/adapter/agent-api-endpoint/relayed-call.ts:22 src/adapter/mcp-tool-translator/mcp-tool-descriptions.json:29	b	search-result / search-table row; generated hits from docs/spec/_assets/tbl-glossary.md, docs/spec/_source/settings.json	-	-	partly (2/124)
S1	S1-23	src identifier	properties-panel field rows: fieldRow / FIELD_ROW_* / *_FIELD_ROW / typedByRow / focusByRow / nullRow / jointRow / ObjectRows / ItemRows / READ_ONLY_ROWS / multilineRows / SINGLE_LINE_ROWS / rowOf (properties)	174	12	src/adapter/screen-renderer/command-palette.ts:34 src/adapter/screen-renderer/properties-panel.ts:291 src/adapter/svg-renderer/svg-renderer.ts:580	b	properties-panel field row; generated hits from docs/spec/_source/state-machines.json	-	-	partly (10/174)
S1	S1-24	src identifier	icon / palette / help / tooltip / notice table rows: IconRosterRow / iconRow* / commandRow / *_BY_ROW / perRowCap / PALETTE_* / helpTitleRow ...	115	16	src/adapter/screen-renderer/command-palette.ts:28 src/adapter/screen-renderer/icon-roster.json:2 src/adapter/screen-renderer/notices.ts:28	b	row of the icon/help/hint/reason tables or palette lines; generated hits from docs/spec/_assets/tbl-glossary.md, docs/spec/_source/settings.json	-	-	partly (2/115)
S1	S1-25	src identifier	delay-report rows: DelayReportRow* / DelayMarkerRow / delayDiagnosticsReportRows / ShownRow / shownRowsOf / rowWordOf	42	5	src/adapter/screen-renderer/delay-diagnostics-report.ts:9 src/adapter/screen-renderer/properties-panel.ts:827 src/entity/document-model/schedule/delay-diagnostics-report-table.ts:10	b	Delay Diagnostics report row	-	-	no
S1	S1-26	src identifier	spec-table row constants and types: *_ROW / *_ROWS / *Row type of a T-xxx table (UNIT_ROW, GROUND_ROW, PAINT_ROW, PointerRow, PressRow, GrabRow, RulerRow, StartupRow, InvariantRow, DocumentRow, EntityRows, AnnotationNumberRow, BrowserStoredRow, ...)	230	34	src/adapter/agent-api-endpoint/agent-api-members.ts:33 src/adapter/document-codec/document-codec.ts:51 src/adapter/input-command-translator/input-command-translator.ts:124	b	names a row of a spec table; generated hits from docs/spec/_source/erd.json, docs/spec/_source/state-machines.json	-	-	partly (9/230)
S1	S1-27	src identifier	generic data rows: carriedRows / CARRIED_ROW_PATHS / rowPath (MSPDI) / rowsOf (MSPDI) / keyedRows / profileRows / sameRow / shapedRows / rowsIn (data records, MSPDI elements)	67	7	src/adapter/document-codec/json-codec.ts:224 src/adapter/document-codec/mspdi-codec.ts:104 src/entity/document-model/schedule/delay-diagnostics.ts:785	b	generic record / XML element row	-	-	no
S1	S1-28	src identifier	window/modal title rows and text lines: windowTitleRowElement / titleRowStyle / modalTitleRow / closeOnlyTitleRow / bodyRowElement / lineRow / gapRow / EntranceGapRow / rowTrack(s) / rowHeight (ruler)	42	7	src/adapter/svg-renderer/schedule-grid.ts:146 src/framework/dom-screen-surface/app-header-drawing.ts:95 src/framework/dom-screen-surface/dialogue-field-drawing.ts:25	b	a horizontal line of a window or grid	-	-	no
S1	S1-29	src identifier	CSS grid placement in row-title-panel-drawing (cell row:1, rowTracks)	11	1	src/framework/dom-screen-surface/row-title-panel-drawing.ts:100	b	CSS grid row of the control lattice	-	-	no
S1	S1-31	src saved key	rowTitlePanelWidth / rowGap / rowTitleFont / rowTitleIndent / rowTitleTopScale / pinnedRowMax (DocumentSettings keys, saved key)	71	16	src/adapter/document-codec/grs-json-schema.ts:791 src/adapter/document-codec/json-codec.ts:421 src/adapter/input-command-translator/display-scale-steps.ts:72	c	saved key in GRS JSON documentSettings; rename changes the file format; generated hits from docs/spec/_source/grs-document.schema.json, docs/spec/_source/image-to-grs-json-prompt.ja.md, docs/spec/_source/settings.json	taskGroupPanelWidth / taskGroupGap / taskGroupTitleFont ...（要裁定）	taskGroupPanelWidth / taskGroupGap / ... (ruling needed)	partly (18/71)
S1	S1-33	src identifier	kind: 'row' (selection / clipboard / field-entry kind literal for a TaskGroup)	6	6	src/adapter/input-command-translator/input-command-translator.ts:230 src/adapter/input-command-translator/row-tree-entrances.ts:241 src/framework/single-html-shell/copy-and-paste.ts:27	c	string literal value in state machines (state-machines.json); rename touches generated types	kind: 'taskGroup'（要裁定）	kind: 'taskGroup' (ruling needed)	no
S1	S1-34	src identifier	defaultNames use: 'row' key (display-words defaultNames lookup)	1	1	src/adapter/screen-renderer/screen-renderer.ts:33	c	key into generated display-words.json; renames with the dictionary	use: 'taskGroup'	use: 'taskGroup'	no
S1	S1-40	src file name	src module files named for TaskGroups: row-grab.ts, row-tree-entrances.ts, row-title-panel.ts, row-names.ts, drawn-rows.ts, row-scroll.ts, row-title-panel-drawing.ts, row-band-ceiling-cache.ts, mspdi-imported-rows.ts (+ their import specifiers / mentions)	18	12	src/adapter/document-codec/mspdi-codec.ts:50 src/adapter/input-command-translator/input-command-translator.ts:87 src/adapter/input-command-translator/item-grab.ts:44	a	module about TaskGroups	-	task-group-grab.ts, task-group-tree-entrances.ts, task-group-panel.ts, task-group-names.ts, drawn-task-groups.ts, task-group-scroll.ts, task-group-panel-drawing.ts, task-group-band-ceiling-cache.ts, mspdi-imported-task-groups.ts	no
S1	S1-50	src DOM/CSS name	data-* attributes for TaskGroups: data-row-grab, data-row-control-ground, data-row-folding-grid, data-row-control-pair, data-folded-rows, data-can-add-child-row, data-shown-on-another-row, svg key row-${groupId}	8	4	src/adapter/svg-renderer/schedule-grid.ts:317 src/framework/dom-screen-surface/dom-screen-surface.ts:508 src/framework/dom-screen-surface/notices-drawing.ts:122	a	our own DOM marker for a TaskGroup	-	data-task-group-grab, data-task-group-control-ground, ... task-group-${groupId}	no
S1	S1-51	src DOM/CSS name	role/label strings Row Title Panel / Row Title Tree / Pinned Row / Row Expander / Row Pin (dom-screen-surface ROLE map, help/icon roster block names)	31	3	src/adapter/screen-renderer/help-roster.json:628 src/adapter/screen-renderer/icon-roster.json:859 src/framework/dom-screen-surface/dom-screen-surface.ts:80	a	our own role/block name for the panel and TaskGroup parts; generated hits from docs/spec/_assets/tbl-glossary.md, generated json	-	Task Group Panel / Task Group Title Tree / Pinned Task Group / Task Group Expander / Task Group Pin	partly (26/31)
S1	S1-52	src DOM/CSS name	data-field-row / data-row (help line) / FIELD_ROW_SELECTOR	10	5	src/framework/dom-screen-surface/field-editing.ts:104 src/framework/dom-screen-surface/open-modals-drawing.ts:216 src/framework/dom-screen-surface/properties-panel-drawing.ts:277	b	properties field row / help-table row marker	-	-	no
S1	S1-53	src DOM/CSS name	CSS keywords grid-row / grid-template-rows / row-gap, textarea rows attribute	3	2	src/framework/dom-screen-surface/open-modals-drawing.ts:76 src/framework/dom-screen-surface/row-title-panel-drawing.ts:172	b	CSS/HTML vocabulary	-	-	no
S1	S1-60	src string	image-to-grs-json prompt (en): row / rows / Rows meaning TaskGroup	58	1	src/adapter/screen-renderer/image-to-grs-json-prompt.json:4	a	AI prompt text about TaskGroups; generated hits from docs/spec/_source/image-to-grs-json-prompt.ja.md	-	task group(s)	yes
S1	S1-61	src string	image-to-grs-json prompt (ja): 行 meaning TaskGroup (子の行, 見出しの行, 行の深さ, 行自身 ...)	41	1	src/adapter/screen-renderer/image-to-grs-json-prompt.json:3	a	AI prompt text about TaskGroups; generated hits from docs/spec/_source/image-to-grs-json-prompt.ja.md	タスクグループ（子のタスクグループ, タスクグループの深さ ...）	task group	yes
S1	S1-62	src string	image-to-grs-json prompt (ja): 行 not a TaskGroup (1 行ずつ, 行った, 進行中, 平行四辺形)	4	1	src/adapter/screen-renderer/image-to-grs-json-prompt.json:3	b	line of output / verb / unrelated word; generated hits from docs/spec/_source/image-to-grs-json-prompt.ja.md	-	-	yes
S1	S1-63	src string	icon-roster entryTo (ja): 行 = TaskGroup (行の配下をすべて開く, この行を隠す, 行を削除する, すべての行を開く, 行見出し ...)	14	1	src/adapter/screen-renderer/icon-roster.json:18	a	command words about TaskGroups; generated hits from docs/spec/_assets/tbl-glossary.md	このタスクグループの配下をすべて開く / すべてのタスクグループを開く ...	task group	yes
S1	S1-64	src string	icon-roster / exchange-formats (ja): 行 = spec-table row (行 ID, 本行, 表 T-xxx の行, 行を動かすのではなく)	15	2	src/adapter/document-codec/exchange-formats.json:4 src/adapter/screen-renderer/icon-roster.json:4	b	row of a spec table; generated hits from docs/spec/01-04-requirements.md, docs/spec/_assets/tbl-glossary.md	-	-	yes
S1	S1-65	src string	icon-roster (ja): 行軸を縮小する / 行軸を拡大する (vertical zoom axis)	2	1	src/adapter/screen-renderer/icon-roster.json:172	c	row axis name needs a ruling; generated hits from docs/spec/_assets/tbl-glossary.md	行軸（要裁定）	row axis (ruling needed)	yes
S1	S1-66	src string	icon-roster (ja): calendar exception-day row (例外日を 1 行加える, その行の例外日を除く), 行う verb, 見出しの行の面 (modal heading row)	6	1	src/adapter/screen-renderer/icon-roster.json:249	b	calendar editor row / verb / heading line; generated hits from docs/spec/_assets/tbl-glossary.md	-	-	yes
S1	S1-67	src string	property-items (ja): 複数行 (multi-line text)	2	1	src/adapter/screen-renderer/property-items.json:157	b	lines of text; generated hits from generated json	-	-	yes
S1	S1-68	src string	mcp-tool-descriptions (ja): 行 = search-table row (同じ行を返す) / タスクが載る行と祖先を開き (TaskGroup)	1	1	src/adapter/mcp-tool-translator/mcp-tool-descriptions.json:30	b	search-table row (first) -- see S1-69 for the TaskGroup one; generated hits from docs/spec/_assets/tbl-glossary.md	-	-	yes
S1	S1-69	src string	mcp-tool-descriptions (ja): タスクが載る行と祖先を開き	1	1	src/adapter/mcp-tool-translator/mcp-tool-descriptions.json:78	a	TaskGroup holding the task; generated hits from docs/spec/_assets/tbl-glossary.md	タスクが載るタスクグループと祖先を開き	opens the task group holding the task and its ancestors	yes
S1	S1-70	src string	generated JSON $comment prose (row of table T-xxx, row id)	19	7	src/adapter/document-codec/exchange-formats.json:2 src/adapter/document-codec/mspdi-child-order.json:6 src/adapter/mcp-tool-translator/mcp-tool-descriptions.json:2	b	generator comment about spec-table rows; generated hits from docs/reference/mspdi/pj15/mspdi_pj15.xsd, docs/spec/01-04-requirements.md, docs/spec/_assets/tbl-glossary.md, generated json	-	-	yes
S1	S1-71	src identifier	one-row (box one row high, comment)	1	1	src/entity/layout-engine/item-hit-area/item-hit-area.ts:1046	a	height of one TaskGroup lane	-	one-task-group	no
T1	T1-0001	tests file name	t-051-hf-14-the-depth-cap-refuses-a-row [path]	8	2	tests/unit/t-051-hf-14-a-raised-row-is-visible.test.ts:10 tests/unit/t-051-hf-14-a-raised-row-is-visible.test.ts:25 tests/unit/t-051-hf-14-a-raised-row-is-visible.test.ts:38	c	src/fixture module or test file name reference (follows a file rename)	ファイル名に追従	follows the file rename	no
T1	T1-0002	tests file name	row-name-font [path]	7	7	tests/contract/dfc-49-one-indent-for-the-screen-and-the-picture.test.ts:29 tests/unit/t-015-t-051-the-four-folding-controls.test.ts:110 tests/unit/t-051-hf-6-ground-under-the-row-controls.test.ts:125	c	src/fixture module or test file name reference (follows a file rename)	ファイル名に追従	follows the file rename	no
T1	T1-0003	tests file name	row-title-panel [path]	3	3	tests/contract/cr-657-group-grid-lines-across-the-row-title-panel.test.ts:9 tests/contract/dfc-49-one-indent-for-the-screen-and-the-picture.test.ts:6 tests/contract/seams.contract.test.ts:197	c	src/fixture module or test file name reference (follows a file rename)	ファイル名に追従	follows the file rename	no
T1	T1-0004	tests file name	fr-085-double-click-a-row-name [path]	3	1	tests/unit/t-051-hf-17-adding-a-row-walks-the-rename-road.test.ts:58 tests/unit/t-051-hf-17-adding-a-row-walks-the-rename-road.test.ts:78 tests/unit/t-051-hf-17-adding-a-row-walks-the-rename-road.test.ts:216	c	src/fixture module or test file name reference (follows a file rename)	ファイル名に追従	follows the file rename	no
T1	T1-0005	tests file name	row-title-panel-drawing [path]	2	2	tests/contract/dfc-1720-a-row-control-tip-sits-under-its-row.test.ts:6 tests/unit/uf-105-fill-row-title-tree.test.ts:6	c	src/fixture module or test file name reference (follows a file rename)	ファイル名に追従	follows the file rename	no
T1	T1-0006	tests file name	rows-fixed-with-nothing-holding-them [path]	2	2	tests/system/first-frame-is-the-settled-frame.test.ts:22 tests/system/three-rows-read-from-the-spec-alone.test.ts:222	c	src/fixture module or test file name reference (follows a file rename)	ファイル名に追従	follows the file rename	no
T1	T1-0007	tests file name	t-233-reason-words-tell-the-row [path]	2	2	tests/system/fr-073-fr-022-the-difference-review-that-is-not-there.test.ts:113 tests/unit/t-051-hf-14-the-depth-cap-refuses-a-row.test.ts:170	c	src/fixture module or test file name reference (follows a file rename)	ファイル名に追従	follows the file rename	no
T1	T1-0008	tests file name	fr-019-no-row-for-the-annotation [path]	2	1	tests/unit/fr-001-fr-083-the-toggle-and-the-drag.test.ts:97 tests/unit/fr-001-fr-083-the-toggle-and-the-drag.test.ts:810	c	src/fixture module or test file name reference (follows a file rename)	ファイル名に追従	follows the file rename	no
T1	T1-0009	tests file name	t-051-hf-17-adding-a-row-walks-the-rename-road [path]	2	1	tests/unit/t-051-hf-17-unfolds-segment-zero-by-one-level.test.ts:33 tests/unit/t-051-hf-17-unfolds-segment-zero-by-one-level.test.ts:40	c	src/fixture module or test file name reference (follows a file rename)	ファイル名に追従	follows the file rename	no
T1	T1-0010	tests file name	drawn-rows [path]	1	1	tests/contract/cr-661-only-the-checked-tasks-are-laid-and-drawn.contract.test.ts:15	c	src/fixture module or test file name reference (follows a file rename)	ファイル名に追従	follows the file rename	no
T1	T1-0011	tests file name	t-051-hf-14-a-raised-row-is-visible [path]	1	1	tests/contract/dfc-290-d-321-fr-033-copy-and-paste-reach-the-document.test.ts:66	c	src/fixture module or test file name reference (follows a file rename)	ファイル名に追従	follows the file rename	no
T1	T1-0012	tests file name	cr-380-381-384-name-beside-the-shape-and-row-zoom [path]	1	1	tests/contract/dfc-377-fr-016-zoom-ceilings-and-ep-9-thickness.test.ts:72	c	src/fixture module or test file name reference (follows a file rename)	ファイル名に追従	follows the file rename	no
T1	T1-0013	tests file name	t-051-hf-6-the-pinned-rows-pin-is-filled [path]	1	1	tests/contract/fr-029-in-effect-is-filled-not-rimmed.test.ts:644	c	src/fixture module or test file name reference (follows a file rename)	ファイル名に追従	follows the file rename	no
T1	T1-0014	tests file name	t-051-hf-6-ground-under-the-row-controls [path]	1	1	tests/fixtures/fake-browser.ts:6	c	src/fixture module or test file name reference (follows a file rename)	ファイル名に追従	follows the file rename	no
T1	T1-0015	tests file name	sit-on-the-row-centre [path]	1	1	tests/integration/schedule-drawing.sws.test.ts:1904	c	src/fixture module or test file name reference (follows a file rename)	ファイル名に追従	follows the file rename	no
T1	T1-0016	tests file name	three-rows-read-from-the-spec-alone [path]	1	1	tests/system/fr-073-fr-022-the-difference-review-that-is-not-there.test.ts:35	c	src/fixture module or test file name reference (follows a file rename)	ファイル名に追従	follows the file rename	no
T1	T1-0017	tests file name	t-023d-double-click-only-rows [path]	1	1	tests/unit/in-4-escape-closes-the-panel.test.ts:550	c	src/fixture module or test file name reference (follows a file rename)	ファイル名に追従	follows the file rename	no
T1	T1-0018	tests file name	cr-553-the-row- [path]	1	1	tests/unit/t-051-hf-14-the-depth-cap-refuses-a-row.test.ts:284	c	src/fixture module or test file name reference (follows a file rename)	ファイル名に追従	follows the file rename	no
T1	T1-0019	tests file name	controls-no-longer-set-the-row-height [path]	1	1	tests/unit/t-051-hf-14-the-depth-cap-refuses-a-row.test.ts:285	c	src/fixture module or test file name reference (follows a file rename)	ファイル名に追従	follows the file rename	no
T1	T1-0020	tests fixture key	rowTitlePanelWidth [setkey]	79	23	tests/contract/cr-620-seam-4-help-footnote.contract.test.ts:55 tests/contract/cr-620-seam-4-help-footnote.contract.test.ts:62 tests/contract/cr-657-group-grid-lines-across-the-row-title-panel.test.ts:138	c	settings key / saved GRS JSON key (settled name)	タスクグループ...（キー名は利用者判断）	e.g. taskGroupPanelWidth (user decides)	no
T1	T1-0021	tests fixture key	rowTitleIndent [setkey]	19	10	tests/contract/dfc-49-one-indent-for-the-screen-and-the-picture.test.ts:80 tests/contract/dfc-49-one-indent-for-the-screen-and-the-picture.test.ts:187 tests/contract/dfc-49-one-indent-for-the-screen-and-the-picture.test.ts:196	c	settings key / saved GRS JSON key (settled name)	タスクグループ...（キー名は利用者判断）	e.g. taskGroupPanelWidth (user decides)	no
T1	T1-0022	tests fixture key	setRowTitlePanelWidth [setkey]	16	5	tests/contract/dfc-378-a-write-that-changed-nothing-answers-the-same-document.test.ts:286 tests/contract/dfc-378-a-write-that-changed-nothing-answers-the-same-document.test.ts:289 tests/contract/dfc-378-a-write-that-changed-nothing-answers-the-same-document.test.ts:290	c	settings key / saved GRS JSON key (settled name)	タスクグループ...（キー名は利用者判断）	e.g. taskGroupPanelWidth (user decides)	no
T1	T1-0023	tests fixture key	rowTitleFont [setkey]	16	4	tests/fixtures/row-name-font.ts:5 tests/fixtures/row-name-font.ts:12 tests/fixtures/row-name-font.ts:15	c	settings key / saved GRS JSON key (settled name)	タスクグループ...（キー名は利用者判断）	e.g. taskGroupPanelWidth (user decides)	no
T1	T1-0024	tests fixture key	rowGap [setkey]	15	4	tests/contract/cr-582-the-drawn-floor-of-a-row-follows-the-zoom.test.ts:159 tests/contract/cr-582-the-min-height-field-reads-the-current-height.test.ts:50 tests/integration/schedule-drawing.sws.test.ts:964	c	settings key / saved GRS JSON key (settled name)	タスクグループ...（キー名は利用者判断）	e.g. taskGroupPanelWidth (user decides)	no
T1	T1-0025	tests fixture key	rowTitleTopScale [setkey]	12	4	tests/fixtures/row-name-font.ts:6 tests/fixtures/row-name-font.ts:13 tests/fixtures/row-name-font.ts:15	c	settings key / saved GRS JSON key (settled name)	タスクグループ...（キー名は利用者判断）	e.g. taskGroupPanelWidth (user decides)	no
T1	T1-0026	tests fixture key	ROW_TITLE_INDENT [setkey]	9	2	tests/unit/t-051-hf-6-ground-under-the-row-controls.test.ts:855 tests/unit/t-051-hf-6-ground-under-the-row-controls.test.ts:863 tests/unit/uf-71.test.ts:1104	c	settings key / saved GRS JSON key (settled name)	タスクグループ...（キー名は利用者判断）	e.g. taskGroupPanelWidth (user decides)	no
T1	T1-0027	tests fixture key	HELD_ROW_TITLE_WIDTH [setkey]	4	1	tests/unit/fr-031-a-write-that-moved-nothing-leaves-no-step.test.ts:107 tests/unit/fr-031-a-write-that-moved-nothing-leaves-no-step.test.ts:239 tests/unit/fr-031-a-write-that-moved-nothing-leaves-no-step.test.ts:243	c	settings key / saved GRS JSON key (settled name)	タスクグループ...（キー名は利用者判断）	e.g. taskGroupPanelWidth (user decides)	no
T1	T1-0028	tests fixture key	pinnedRowMax [setkey]	3	3	tests/unit/cr-605-cm-39-carries-exceptions-and-makes-a-calendar.test.ts:166 tests/unit/edit-calendar.test.ts:130 tests/unit/use-case.test.ts:232	c	settings key / saved GRS JSON key (settled name)	タスクグループ...（キー名は利用者判断）	e.g. taskGroupPanelWidth (user decides)	no
T1	T1-0029	tests fixture key	DEFAULT_ROW_TITLE_FONT [setkey]	2	1	tests/fixtures/row-name-font.ts:5 tests/fixtures/row-name-font.ts:12	c	settings key / saved GRS JSON key (settled name)	タスクグループ...（キー名は利用者判断）	e.g. taskGroupPanelWidth (user decides)	no
T1	T1-0030	tests fixture key	DEFAULT_ROW_TITLE_TOP_SCALE [setkey]	2	1	tests/fixtures/row-name-font.ts:6 tests/fixtures/row-name-font.ts:13	c	settings key / saved GRS JSON key (settled name)	タスクグループ...（キー名は利用者判断）	e.g. taskGroupPanelWidth (user decides)	no
T1	T1-0031	tests fixture key	ROW_TITLE_PANEL_WIDTH_ON_THE_FLOOR [setkey]	2	1	tests/unit/fr-052-t-023d-picture-while-held.test.ts:259 tests/unit/fr-052-t-023d-picture-while-held.test.ts:328	c	settings key / saved GRS JSON key (settled name)	タスクグループ...（キー名は利用者判断）	e.g. taskGroupPanelWidth (user decides)	no
T1	T1-0032	tests fixture key	rowTitleFontPxOf [setkey]	1	1	tests/system/user-reported-fixes.test.ts:1339	c	settings key / saved GRS JSON key (settled name)	タスクグループ...（キー名は利用者判断）	e.g. taskGroupPanelWidth (user decides)	no
T1	T1-0033	tests identifier	row [spec]	4733	403	tests/contract/cr-425-help-separates-assignments-and-the-wheel-is-not-a-zero.test.ts:66 tests/contract/cr-425-help-separates-assignments-and-the-wheel-is-not-a-zero.test.ts:70 tests/contract/cr-425-help-separates-assignments-and-the-wheel-is-not-a-zero.test.ts:71	b	row of a specification table (line context)	-	-	no
T1	T1-0034	tests identifier	row [tg]	2725	274	tests/contract/cr-429-mr-1-mr-2-ex-10-child-order.test.ts:195 tests/contract/cr-429-mr-1-mr-2-ex-10-child-order.test.ts:210 tests/contract/cr-429-the-two-schemas.test.ts:67	a	TaskGroup / chart row (line context)	タスクグループ	taskGroup	no
T1	T1-0035	tests identifier	row [spec~]	1859	211	tests/contract/cr-425-help-separates-assignments-and-the-wheel-is-not-a-zero.test.ts:51 tests/contract/cr-425-help-separates-assignments-and-the-wheel-is-not-a-zero.test.ts:64 tests/contract/cr-425-help-separates-assignments-and-the-wheel-is-not-a-zero.test.ts:74	b	row of a specification table (line silent: file majority)	-	-	no
T1	T1-0036	tests identifier	rows [spec]	1260	370	tests/contract/cr-429-ex-1-dv-2-a-document-grs-made.test.ts:16 tests/contract/cr-429-ex-11-ex-12-a-dated-task-is-pinned.test.ts:67 tests/contract/cr-429-fr-021-both-versions-come-back.test.ts:34	b	row of a specification table (line context)	-	-	no
T1	T1-0037	tests identifier	rowOf [spec]	598	146	tests/contract/cr-571-agent-api-search.contract.test.ts:32 tests/contract/cr-571-agent-api-search.contract.test.ts:38 tests/contract/cr-571-search-jump.contract.test.ts:16	b	row of a specification table (line context)	-	-	no
T1	T1-0038	tests identifier	rows [tg]	507	138	tests/contract/cr-430-ga-pointer-column.test.ts:40 tests/contract/cr-541-wheel-escape-select-all-and-display-scale.test.ts:60 tests/contract/cr-541-wheel-escape-select-all-and-display-scale.test.ts:61	a	TaskGroup / chart row (line context)	タスクグループ	taskGroup	no
T1	T1-0039	tests identifier	rows [spec~]	477	147	tests/contract/cr-425-help-separates-assignments-and-the-wheel-is-not-a-zero.test.ts:65 tests/contract/cr-429-ex-11-ex-12-a-dated-task-is-pinned.test.ts:121 tests/contract/cr-429-fr-021-both-versions-come-back.test.ts:43	b	row of a specification table (line silent: file majority)	-	-	no
T1	T1-0040	tests identifier	row [tg~]	459	67	tests/contract/cr-430-ga-1-to-22-grab-areas.test.ts:136 tests/contract/cr-430-ga-1-to-22-grab-areas.test.ts:213 tests/contract/cr-571-search-jump.contract.test.ts:193	a	TaskGroup / chart row (line silent: file majority)	タスクグループ	taskGroup	no
T1	T1-0041	tests identifier	rowId [spec~]	411	80	tests/contract/cr-425-help-separates-assignments-and-the-wheel-is-not-a-zero.test.ts:113 tests/contract/cr-425-help-separates-assignments-and-the-wheel-is-not-a-zero.test.ts:114 tests/contract/cr-425-help-separates-assignments-and-the-wheel-is-not-a-zero.test.ts:117	b	row of a specification table (line silent: file majority)	-	-	no
T1	T1-0042	tests identifier	rows [tg~]	330	60	tests/contract/cr-430-ga-1-to-22-grab-areas.test.ts:62 tests/contract/cr-541-wheel-escape-select-all-and-display-scale.test.ts:63 tests/contract/cr-577-a-row-zoom-in-below-the-floor-always-changes-the-picture.test.ts:90	a	TaskGroup / chart row (line silent: file majority)	タスクグループ	taskGroup	no
T1	T1-0043	tests identifier	rowArea [area]	257	63	tests/contract/cr-430-table-pe-press-and-drag-effects.test.ts:81 tests/contract/cr-430-table-pe-press-and-drag-effects.test.ts:165 tests/contract/cr-430-table-pe-press-and-drag-effects.test.ts:228	c	Row Area region name (no proposed wording)	タスクグループ領域?	taskGroupArea?	no
T1	T1-0044	tests identifier	row [ui]	228	79	tests/contract/cr-441-t-274-principles-and-rows-both-ways.contract.test.ts:168 tests/contract/cr-557-the-theme-hue-field-heads-the-settings-panel.test.ts:367 tests/contract/cr-571-search-rows.contract.test.ts:196	b	row of another on-screen table/list (line context)	-	-	no
T1	T1-0045	tests identifier	Row [area-name]	211	54	tests/contract/cr-430-ga-1-to-22-grab-areas.test.ts:88 tests/contract/cr-430-table-pe-press-and-drag-effects.test.ts:165 tests/contract/cr-596-a-click-on-the-mark-jumps-and-marks-the-landing.contract.test.ts:636	c	Row Area (U-50) written as a name	タスクグループ領域?	taskGroupArea?	no
T1	T1-0046	tests identifier	rowId [spec]	204	70	tests/contract/cr-425-help-separates-assignments-and-the-wheel-is-not-a-zero.test.ts:133 tests/contract/cr-557-the-theme-hue-field-heads-the-settings-panel.test.ts:90 tests/contract/cr-557-the-theme-hue-field-heads-the-settings-panel.test.ts:94	b	row of a specification table (line context)	-	-	no
T1	T1-0047	tests identifier	rowTitlePanel [panel]	198	91	tests/contract/cr-557-a-pressed-hue-swatch-is-one-undoable-step.test.ts:198 tests/contract/cr-557-the-theme-hue-field-heads-the-settings-panel.test.ts:263 tests/contract/cr-576-two-hint-waits-and-the-dismissed-hint.contract.test.ts:127	a	Row Title Panel (U-22) in test code	タスクグループパネル	taskGroupPanel / Task Group Panel	no
T1	T1-0048	tests identifier	rowOf [spec~]	163	92	tests/contract/cr-586-iv-22-a-drawn-milestone-that-disagrees-is-refused.test.ts:46 tests/contract/cr-586-the-row-colour-list-is-one-and-black-is-refused.test.ts:76 tests/contract/cr-586-the-row-colour-list-is-one-and-black-is-refused.test.ts:92	b	row of a specification table (line silent: file majority)	-	-	no
T1	T1-0049	tests identifier	Row [panel-name]	143	47	tests/contract/cr-582-the-min-height-field-reads-the-current-height.test.ts:389 tests/contract/cr-593-a-held-field-keeps-its-text-while-the-zoom-moves.test.ts:271 tests/contract/cr-601-the-landing-mark-stays-while-the-view-moves.contract.test.ts:613	a	Row Title Panel (U-22) written as a name/data-role	タスクグループパネル	Task Group Panel	no
T1	T1-0050	tests identifier	rowText [spec]	137	21	tests/contract/cr-429-ex-1-dv-2-a-document-grs-made.test.ts:15 tests/contract/cr-429-ex-1-dv-2-a-document-grs-made.test.ts:23 tests/contract/cr-429-ex-1-dv-2-a-document-grs-made.test.ts:24	b	row of a specification table (spec reader / spec row id)	-	-	no
T1	T1-0051	tests identifier	rowGroupId [api]	131	82	tests/contract/cr-577-a-row-zoom-in-below-the-floor-always-changes-the-picture.test.ts:419 tests/contract/cr-582-the-min-height-field-reads-the-current-height.test.ts:258 tests/contract/cr-582-the-min-height-field-reads-the-current-height.test.ts:259	c	Agent API / ScreenSession field name (contract)	タスクグループ（API名は利用者判断）	taskGroup... (API name, user decides)	no
T1	T1-0052	tests identifier	twoRowDocument [tgfix]	122	7	tests/unit/fr-085-double-click-a-row-name.test.ts:161 tests/unit/fr-085-double-click-a-row-name.test.ts:311 tests/unit/in-4-escape-closes-the-panel.test.ts:24	a	fixture TaskGroup id / document builder	タスクグループ	task-group id value / taskGroupDocument	no
T1	T1-0053	tests identifier	ROW_B [tgfix]	116	12	tests/contract/cr-596-a-click-on-the-mark-jumps-and-marks-the-landing.contract.test.ts:1461 tests/contract/cr-596-a-click-on-the-mark-jumps-and-marks-the-landing.contract.test.ts:1549 tests/contract/cr-596-a-click-on-the-mark-jumps-and-marks-the-landing.contract.test.ts:1554	a	fixture TaskGroup id / document builder	タスクグループ	task-group id value / taskGroupDocument	no
T1	T1-0054	tests identifier	ROW [spec~]	114	49	tests/contract/cr-609-t-280-the-settings-entry-pressed-again-hides-the-panel.test.ts:78 tests/contract/dfc-130-pr-1-pr-2-reach-the-document.test.ts:17 tests/contract/dfc-152-in-6-the-same-value-writes-nothing.test.ts:19	b	row of a specification table (line silent: file majority)	-	-	no
T1	T1-0055	tests identifier	rowDocument [tgfix]	110	44	tests/contract/cr-541-wheel-escape-select-all-and-display-scale.test.ts:12 tests/contract/cr-541-wheel-escape-select-all-and-display-scale.test.ts:56 tests/contract/cr-541-wheel-escape-select-all-and-display-scale.test.ts:85	a	fixture TaskGroup id / document builder	タスクグループ	task-group id value / taskGroupDocument	no
T1	T1-0056	tests identifier	drawnRows [tg]	108	11	tests/contract/cr-571-search-jump.contract.test.ts:39 tests/contract/cr-571-search-jump.contract.test.ts:40 tests/contract/cr-577-a-row-zoom-in-below-the-floor-always-changes-the-picture.test.ts:385	a	TaskGroup (the chart row) in test code	タスクグループ	taskGroup / TaskGroup / TASK_GROUP	no
T1	T1-0057	tests identifier	SpecRow [spec]	99	42	tests/contract/cr-441-t-274-principles-and-rows-both-ways.contract.test.ts:8 tests/contract/cr-441-t-274-principles-and-rows-both-ways.contract.test.ts:55 tests/contract/cr-571-agent-api-search.contract.test.ts:30	b	row of a specification table (spec reader / spec row id)	-	-	no
T1	T1-0058	tests identifier	ROW_A [tgfix]	98	12	tests/contract/cr-596-a-click-on-the-mark-jumps-and-marks-the-landing.contract.test.ts:1460 tests/contract/cr-596-a-click-on-the-mark-jumps-and-marks-the-landing.contract.test.ts:1548 tests/contract/cr-596-a-click-on-the-mark-jumps-and-marks-the-landing.contract.test.ts:1553	a	fixture TaskGroup id / document builder	タスクグループ	task-group id value / taskGroupDocument	no
T1	T1-0059	tests identifier	data-field-row [field]	88	39	tests/contract/cr-557-a-pressed-hue-swatch-is-one-undoable-step.test.ts:256 tests/contract/cr-557-the-theme-hue-field-heads-the-settings-panel.test.ts:287 tests/contract/cr-582-the-min-height-field-reads-the-current-height.test.ts:420	b	properties/settings panel field row, not a TaskGroup	-	-	no
T1	T1-0060	tests identifier	ROWS [spec~]	86	29	tests/contract/cr-430-t-020-the-order-things-are-drawn.test.ts:195 tests/contract/cr-430-t-020-the-order-things-are-drawn.test.ts:196 tests/contract/cr-430-t-020-the-order-things-are-drawn.test.ts:201	b	row of a specification table (line silent: file majority)	-	-	no
T1	T1-0061	tests identifier	rowId [ui]	72	23	tests/contract/cr-425-help-separates-assignments-and-the-wheel-is-not-a-zero.test.ts:107 tests/contract/cr-425-help-separates-assignments-and-the-wheel-is-not-a-zero.test.ts:112 tests/contract/cr-561-the-delay-diagnostics-report.contract.test.ts:167	b	row of another on-screen table/list (line context)	-	-	no
T1	T1-0062	tests identifier	pressRow [state]	72	26	tests/contract/cr-588-no-pre-change-plan-asks-for-the-file.contract.test.ts:249 tests/contract/cr-596-a-click-on-the-mark-jumps-and-marks-the-landing.contract.test.ts:511 tests/contract/cr-601-the-landing-mark-stays-while-the-view-moves.contract.test.ts:680	b	row of a state-machine / transition table (spec)	-	-	no
T1	T1-0063	tests identifier	RowTitle [title]	72	15	tests/contract/cr-657-group-grid-lines-across-the-row-title-panel.test.ts:11 tests/contract/cr-657-group-grid-lines-across-the-row-title-panel.test.ts:151 tests/contract/cr-657-group-grid-lines-across-the-row-title-panel.test.ts:206	c	row title cell / RowTitle control (行見出し) -- name or title unclear	タスクグループ見出し	taskGroupTitle	no
T1	T1-0064	tests identifier	rowIn [spec]	65	11	tests/contract/cr-561-the-delay-diagnostics-marks.contract.test.ts:32 tests/contract/cr-561-the-delay-diagnostics-marks.contract.test.ts:38 tests/contract/cr-576-zero-fade-ends-are-flat.contract.test.ts:52	b	row of a specification table (spec reader / spec row id)	-	-	no
T1	T1-0065	tests identifier	rowTitle [title]	65	7	tests/contract/dfc-1720-a-row-control-tip-sits-under-its-row.test.ts:12 tests/contract/dfc-1720-a-row-control-tip-sits-under-its-row.test.ts:28 tests/unit/fr-031-a-write-that-moved-nothing-leaves-no-step.test.ts:184	c	row title cell / RowTitle control (行見出し) -- name or title unclear	タスクグループ見出し	taskGroupTitle	no
T1	T1-0066	tests identifier	ROW_C [tgfix]	63	10	tests/contract/cr-596-a-click-on-the-mark-jumps-and-marks-the-landing.contract.test.ts:1462 tests/contract/cr-596-a-click-on-the-mark-jumps-and-marks-the-landing.contract.test.ts:1562 tests/contract/cr-596-a-click-on-the-mark-jumps-and-marks-the-landing.contract.test.ts:1568	a	fixture TaskGroup id / document builder	タスクグループ	task-group id value / taskGroupDocument	no
T1	T1-0067	tests identifier	ROW_TITLE_PANEL [panel]	61	18	tests/contract/cr-608-an-added-row-opens-until-the-view-shrinks.test.ts:34 tests/contract/cr-608-an-added-row-opens-until-the-view-shrinks.test.ts:39 tests/contract/cr-608-an-added-row-opens-until-the-view-shrinks.test.ts:200	a	Row Title Panel (U-22) in test code	タスクグループパネル	taskGroupPanel / Task Group Panel	no
T1	T1-0068	tests identifier	rowOf [tg~]	59	38	tests/contract/cr-583-milestone-figures-sit-on-the-row-centre.contract.test.ts:34 tests/contract/cr-588-the-pre-change-plan-outline.contract.test.ts:24 tests/contract/cr-588-the-pre-change-plan-outline.contract.test.ts:72	a	TaskGroup / chart row (line silent: file majority)	タスクグループ	taskGroup	no
T1	T1-0069	tests identifier	taskRow [json]	59	10	tests/contract/cr-661-only-the-checked-tasks-are-laid-and-drawn.contract.test.ts:68 tests/contract/cr-661-only-the-checked-tasks-are-laid-and-drawn.contract.test.ts:108 tests/contract/cr-661-only-the-checked-tasks-are-laid-and-drawn.contract.test.ts:109	b	a record of a JSON/MSPDI list (task record, not TaskGroup)	-	-	no
T1	T1-0070	tests identifier	Row [tg]	56	28	tests/contract/cr-596-a-click-on-the-mark-jumps-and-marks-the-landing.contract.test.ts:475 tests/contract/cr-660-the-two-tables-lead-with-status-and-filter-like-excel.contract.test.ts:175 tests/contract/dfc-1720-a-row-control-tip-sits-under-its-row.test.ts:37	a	TaskGroup / chart row (line context)	タスクグループ	taskGroup	no
T1	T1-0071	tests identifier	rows [ui]	55	31	tests/contract/cr-441-t-274-principles-and-rows-both-ways.contract.test.ts:96 tests/contract/cr-441-t-274-principles-and-rows-both-ways.contract.test.ts:127 tests/contract/cr-441-t-274-principles-and-rows-both-ways.contract.test.ts:128	b	row of another on-screen table/list (line context)	-	-	no
T1	T1-0072	tests identifier	ROW [spec]	55	33	tests/contract/cr-609-t-280-the-settings-entry-pressed-again-hides-the-panel.test.ts:73 tests/contract/cr-609-t-280-the-settings-entry-pressed-again-hides-the-panel.test.ts:74 tests/contract/dfc-286-fr-044-emptying-a-set-resume-date-clears-resume-valid.test.ts:78	b	row of a specification table (line context)	-	-	no
T1	T1-0073	tests identifier	ROWS [tg]	54	21	tests/contract/cr-430-ht-1-to-4-hit-order.test.ts:57 tests/contract/cr-430-ht-1-to-4-hit-order.test.ts:131 tests/contract/cr-430-ht-1-to-4-hit-order.test.ts:174	a	TaskGroup / chart row (line context)	タスクグループ	taskGroup	no
T1	T1-0074	tests identifier	ROW_ID [spec]	54	15	tests/contract/cr-441-t-274-principles-and-rows-both-ways.contract.test.ts:36 tests/contract/cr-441-t-274-principles-and-rows-both-ways.contract.test.ts:47 tests/contract/cr-441-t-274-principles-and-rows-both-ways.contract.test.ts:56	b	row of a specification table (spec reader / spec row id)	-	-	no
T1	T1-0075	tests identifier	ROW_D [tgfix]	54	4	tests/contract/dfc-568-gr-14-corners-anchor-and-body.test.ts:217 tests/contract/dfc-568-gr-14-corners-anchor-and-body.test.ts:242 tests/contract/dfc-568-gr-14-corners-anchor-and-body.test.ts:250	a	fixture TaskGroup id / document builder	タスクグループ	task-group id value / taskGroupDocument	no
T1	T1-0076	tests identifier	ROW_F [tgfix]	52	3	tests/contract/dfc-568-gr-14-corners-anchor-and-body.test.ts:219 tests/contract/dfc-568-gr-14-corners-anchor-and-body.test.ts:242 tests/contract/dfc-568-gr-14-corners-anchor-and-body.test.ts:252	a	fixture TaskGroup id / document builder	タスクグループ	task-group id value / taskGroupDocument	no
T1	T1-0077	tests identifier	rowId [tg]	46	19	tests/contract/cr-557-the-theme-hue-field-heads-the-settings-panel.test.ts:391 tests/contract/cr-557-the-theme-hue-field-heads-the-settings-panel.test.ts:408 tests/contract/cr-571-search-panel-view.test.ts:94	a	TaskGroup / chart row (line context)	タスクグループ	taskGroup	no
T1	T1-0078	tests identifier	rowCells [spec]	46	5	tests/contract/cr-596-a-click-on-the-mark-jumps-and-marks-the-landing.contract.test.ts:37 tests/contract/cr-596-a-click-on-the-mark-jumps-and-marks-the-landing.contract.test.ts:83 tests/contract/cr-596-a-click-on-the-mark-jumps-and-marks-the-landing.contract.test.ts:84	b	row of a specification table (spec reader / spec row id)	-	-	no
T1	T1-0079	tests identifier	ROW [tg]	46	24	tests/contract/dfc-288-d-289-fr-099-deleting-the-chosen-assignees.test.ts:97 tests/contract/display-words.contract.test.ts:1145 tests/contract/fr-101-the-name-stands-above-the-time.test.ts:222	a	TaskGroup / chart row (line context)	タスクグループ	taskGroup	no
T1	T1-0080	tests identifier	ROWS [tg~]	43	18	tests/contract/cr-430-ht-1-to-4-hit-order.test.ts:129 tests/contract/cr-430-ht-1-to-4-hit-order.test.ts:130 tests/contract/cr-430-ht-1-to-4-hit-order.test.ts:179	a	TaskGroup / chart row (line silent: file majority)	タスクグループ	taskGroup	no
T1	T1-0081	tests identifier	rowOf [tg]	40	11	tests/contract/cr-583-milestone-figures-sit-on-the-row-centre.contract.test.ts:20 tests/contract/cr-596-a-click-on-the-mark-jumps-and-marks-the-landing.contract.test.ts:475 tests/contract/cr-596-a-click-on-the-mark-jumps-and-marks-the-landing.contract.test.ts:900	a	TaskGroup / chart row (line context)	タスクグループ	taskGroup	no
T1	T1-0082	tests identifier	commandRow [ui]	39	6	tests/contract/cr-596-a-click-on-the-mark-jumps-and-marks-the-landing.contract.test.ts:71 tests/contract/cr-596-a-click-on-the-mark-jumps-and-marks-the-landing.contract.test.ts:72 tests/contract/cr-596-a-click-on-the-mark-jumps-and-marks-the-landing.contract.test.ts:73	b	row of another on-screen table/list (help, palette, roster, report, calendar)	-	-	no
T1	T1-0083	tests identifier	row [ui~]	38	6	tests/contract/cr-571-search-table-filters.contract.test.ts:134 tests/contract/dfc-806-double-clicking-a-highlight-box-focuses-its-frame-colour.test.ts:112 tests/contract/dfc-806-double-clicking-a-highlight-box-focuses-its-frame-colour.test.ts:136	b	row of another on-screen table/list (line silent: file majority)	-	-	no
T1	T1-0084	tests identifier	DEFAULT_ROW_NAME_FIXTURE [tgname]	38	14	tests/contract/dfc-102-un-14-pinning-is-inside-the-history.test.ts:34 tests/contract/dfc-102-un-14-pinning-is-inside-the-history.test.ts:151 tests/contract/dfc-102-un-14-pinning-is-inside-the-history.test.ts:167	a	TaskGroup.label (row name)	タスクグループ名	taskGroupName	no
T1	T1-0085	tests identifier	DrawnRow [tg]	38	6	tests/system/cr-553-a-shown-control-group-stays-its-row.test.ts:161 tests/system/cr-553-a-shown-control-group-stays-its-row.test.ts:170 tests/system/cr-553-a-shown-control-group-stays-its-row.test.ts:193	a	TaskGroup (the chart row) in test code	タスクグループ	taskGroup / TaskGroup / TASK_GROUP	no
T1	T1-0086	tests identifier	theRowOf [N:tg]	38	1	tests/unit/uf-72-screen-part.test.ts:2547 tests/unit/uf-72-screen-part.test.ts:3572 tests/unit/uf-72-screen-part.test.ts:3738	a	named identifier; TaskGroup / chart row (majority of its lines)	タスクグループ	taskGroup	no
T1	T1-0087	tests identifier	rowAreaWidth [area]	37	10	tests/contract/cr-620-seam-4-help-footnote.contract.test.ts:67 tests/contract/cr-620-seam-4-help-footnote.contract.test.ts:73 tests/contract/cr-620-seam-4-help-footnote.contract.test.ts:75	c	Row Area region name (no proposed wording)	タスクグループ領域?	taskGroupArea?	no
T1	T1-0088	tests identifier	chosenRows [api]	37	5	tests/contract/state-machine-agent-api.contract.test.ts:133 tests/contract/state-machine-agent-api.contract.test.ts:161 tests/contract/state-machine-interaction-record.contract.test.ts:117	c	Agent API / ScreenSession field name (contract)	タスクグループ（API名は利用者判断）	taskGroup... (API name, user decides)	no
T1	T1-0089	tests identifier	defaultRowName [tgname]	36	21	tests/contract/cr-557-a-pressed-hue-swatch-is-one-undoable-step.test.ts:150 tests/contract/cr-557-a-pressed-hue-swatch-is-one-undoable-step.test.ts:166 tests/contract/cr-561-agent-api-reads-the-delay-diagnostics.contract.test.ts:125	a	TaskGroup.label (row name)	タスクグループ名	taskGroupName	no
T1	T1-0090	tests identifier	RowTitlePanel [panel]	36	14	tests/contract/cr-584-the-picture-is-painted-on-the-ground-colour.test.ts:11 tests/contract/cr-584-the-picture-is-painted-on-the-ground-colour.test.ts:201 tests/contract/cr-650-the-branding-divider-and-the-shared-header-width.test.ts:7	a	Row Title Panel (U-22) in test code	タスクグループパネル	taskGroupPanel / Task Group Panel	no
T1	T1-0091	tests identifier	Row [tg~]	36	20	tests/contract/cr-596-a-click-on-the-mark-jumps-and-marks-the-landing.contract.test.ts:308 tests/contract/cr-596-a-click-on-the-mark-jumps-and-marks-the-landing.contract.test.ts:367 tests/contract/cr-596-a-click-on-the-mark-jumps-and-marks-the-landing.contract.test.ts:449	a	TaskGroup / chart row (line silent: file majority)	タスクグループ	taskGroup	no
T1	T1-0092	tests identifier	rowId [tg~]	35	15	tests/contract/dfc-2030-a-body-drag-moves-the-selected-boxes.contract.test.ts:53 tests/contract/dfc-290-d-321-fr-033-copy-and-paste-reach-the-document.test.ts:195 tests/contract/dfc-568-gr-14-corners-anchor-and-body.test.ts:168	a	TaskGroup / chart row (line silent: file majority)	タスクグループ	taskGroup	no
T1	T1-0093	tests identifier	rowBoxes [tg]	34	32	tests/contract/cr-557-a-pressed-hue-swatch-is-one-undoable-step.test.ts:230 tests/contract/cr-557-the-theme-hue-field-heads-the-settings-panel.test.ts:224 tests/contract/cr-576-two-hint-waits-and-the-dismissed-hint.contract.test.ts:196	a	TaskGroup (the chart row) in test code	タスクグループ	taskGroup / TaskGroup / TASK_GROUP	no
T1	T1-0094	tests identifier	searchRowsOf [search]	34	3	tests/contract/cr-571-agent-api-search.contract.test.ts:19 tests/contract/cr-571-agent-api-search.contract.test.ts:265 tests/contract/cr-571-agent-api-search.contract.test.ts:267	b	search-result row (SearchRow), not a TaskGroup	-	-	no
T1	T1-0095	tests identifier	keyOfRow [N:spec]	34	11	tests/contract/cr-577-a-row-zoom-in-below-the-floor-always-changes-the-picture.test.ts:332 tests/contract/cr-577-a-row-zoom-in-below-the-floor-always-changes-the-picture.test.ts:344 tests/contract/cr-577-a-row-zoom-in-below-the-floor-always-changes-the-picture.test.ts:345	b	named identifier; row of a specification table (majority of its lines)	-	-	no
T1	T1-0096	tests identifier	fieldRow [field]	34	5	tests/contract/state-machine-agent-api.contract.test.ts:128 tests/contract/state-machine-field-entry.contract.test.ts:102 tests/contract/state-machine-field-entry.contract.test.ts:103	b	properties/settings panel field row, not a TaskGroup	-	-	no
T1	T1-0097	tests identifier	ROW [tg~]	33	16	tests/integration/schedule-drawing.sws.test.ts:460 tests/system/cr-553-a-shown-control-group-stays-its-row.test.ts:188 tests/system/cr-553-a-shown-control-group-stays-its-row.test.ts:219	a	TaskGroup / chart row (line silent: file majority)	タスクグループ	taskGroup	no
T1	T1-0098	tests identifier	rowAreaWidthWithoutPanels [area]	32	28	tests/contract/cr-557-a-pressed-hue-swatch-is-one-undoable-step.test.ts:112 tests/contract/cr-561-agent-api-reads-the-delay-diagnostics.contract.test.ts:85 tests/contract/cr-571-agent-api-search.contract.test.ts:127	c	Row Area region name (no proposed wording)	タスクグループ領域?	taskGroupArea?	no
T1	T1-0099	tests identifier	drawnRow [tg]	32	5	tests/contract/dfc-2030-a-body-drag-moves-the-selected-boxes.contract.test.ts:252 tests/contract/dfc-2030-a-body-drag-moves-the-selected-boxes.contract.test.ts:260 tests/contract/dfc-568-gr-14-corners-anchor-and-body.test.ts:417	a	TaskGroup (the chart row) in test code	タスクグループ	taskGroup / TaskGroup / TASK_GROUP	no
T1	T1-0100	tests identifier	ROW_AREA [area]	32	2	tests/contract/dfc-298-d-420-gr-21-the-grip-starts-and-follows.test.ts:117 tests/contract/dfc-298-d-420-gr-21-the-grip-starts-and-follows.test.ts:123 tests/contract/dfc-298-d-420-gr-21-the-grip-starts-and-follows.test.ts:126	c	Row Area region name (no proposed wording)	タスクグループ領域?	taskGroupArea?	no
T1	T1-0101	tests identifier	taskRows [search]	31	5	tests/contract/cr-571-search-rows.contract.test.ts:198 tests/contract/cr-571-search-rows.contract.test.ts:233 tests/contract/cr-571-search-rows.contract.test.ts:240	b	search-result row (SearchRow), not a TaskGroup	-	-	no
T1	T1-0102	tests identifier	ROW_E [tgfix]	31	4	tests/contract/dfc-568-gr-14-corners-anchor-and-body.test.ts:218 tests/contract/dfc-568-gr-14-corners-anchor-and-body.test.ts:242 tests/contract/dfc-568-gr-14-corners-anchor-and-body.test.ts:251	a	fixture TaskGroup id / document builder	タスクグループ	task-group id value / taskGroupDocument	no
T1	T1-0103	tests identifier	Row [spec~]	30	8	tests/contract/cr-561-the-delay-diagnostics-report.contract.test.ts:222 tests/contract/cr-561-the-delay-diagnostics-report.contract.test.ts:228 tests/contract/t-337-screen-z-order.contract.test.ts:133	b	row of a specification table (line silent: file majority)	-	-	no
T1	T1-0104	tests identifier	HEAD_OPEN_EVERY_ROW [tg]	30	6	tests/system/cr-570-tree-state-drawing-and-arming.test.ts:8 tests/system/cr-570-tree-state-drawing-and-arming.test.ts:138 tests/system/cr-570-tree-state-drawing-and-arming.test.ts:139	a	TaskGroup (the chart row) in test code	タスクグループ	taskGroup / TaskGroup / TASK_GROUP	no
T1	T1-0105	tests identifier	questionRow [ui]	30	1	tests/unit/uf-71-confirmation.test.ts:202 tests/unit/uf-71-confirmation.test.ts:1566 tests/unit/uf-71-confirmation.test.ts:1572	b	row of another on-screen table/list (help, palette, roster, report, calendar)	-	-	no
T1	T1-0106	tests identifier	HEAD_FOLD_EVERY_ROW [tg]	28	7	tests/system/cr-570-tree-state-drawing-and-arming.test.ts:7 tests/system/cr-570-tree-state-drawing-and-arming.test.ts:202 tests/system/cr-570-tree-state-drawing-and-arming.test.ts:203	a	TaskGroup (the chart row) in test code	タスクグループ	taskGroup / TaskGroup / TASK_GROUP	no
T1	T1-0107	tests identifier	onRow [N:tg]	28	2	tests/unit/cr-624-a-rested-hint-names-its-holder.test.ts:124 tests/unit/cr-624-a-rested-hint-names-its-holder.test.ts:126 tests/unit/fr-029-the-reason-a-press-carries.test.ts:519	a	named identifier; TaskGroup / chart row (majority of its lines)	タスクグループ	taskGroup	no
T1	T1-0108	tests identifier	rowId [ui~]	27	4	tests/contract/w3-t3-settings-panel-span-status-date-and-scale-fields.test.ts:31 tests/system/cr-669-the-help-maximises-to-the-schedule-canvas.test.ts:54 tests/system/cr-669-the-help-maximises-to-the-schedule-canvas.test.ts:55	b	row of another on-screen table/list (line silent: file majority)	-	-	no
T1	T1-0109	tests identifier	RowSpec [tgfix]	26	2	tests/contract/cr-577-a-row-zoom-in-below-the-floor-always-changes-the-picture.test.ts:118 tests/contract/cr-577-a-row-zoom-in-below-the-floor-always-changes-the-picture.test.ts:127 tests/contract/cr-577-a-row-zoom-in-below-the-floor-always-changes-the-picture.test.ts:130	a	fixture TaskGroup id / document builder	タスクグループ	task-group id value / taskGroupDocument	no
T1	T1-0110	tests identifier	ADD_CHILD_ROW [tg]	26	5	tests/contract/cr-608-an-added-row-opens-until-the-view-shrinks.test.ts:46 tests/contract/cr-608-an-added-row-opens-until-the-view-shrinks.test.ts:181 tests/contract/cr-608-an-added-row-opens-until-the-view-shrinks.test.ts:200	a	TaskGroup (the chart row) in test code	タスクグループ	taskGroup / TaskGroup / TASK_GROUP	no
T1	T1-0111	tests identifier	pressRowEntrance [N:tg]	26	4	tests/system/cr-570-tree-state-drawing-and-arming.test.ts:23 tests/system/cr-570-tree-state-drawing-and-arming.test.ts:163 tests/system/cr-570-tree-state-drawing-and-arming.test.ts:176	a	named identifier; TaskGroup / chart row (majority of its lines)	タスクグループ	taskGroup	no
T1	T1-0112	tests identifier	pointerRowOf [N:tg]	25	5	tests/contract/cr-430-ga-pointer-column.test.ts:89 tests/contract/cr-430-ga-pointer-column.test.ts:91 tests/contract/cr-430-ga-pointer-column.test.ts:92	a	named identifier; TaskGroup / chart row (majority of its lines)	タスクグループ	taskGroup	no
T1	T1-0113	tests identifier	readSearchRows [search]	25	7	tests/contract/cr-571-agent-api-search.contract.test.ts:1 tests/contract/cr-571-agent-api-search.contract.test.ts:240 tests/contract/cr-571-agent-api-search.contract.test.ts:241	b	search-result row (SearchRow), not a TaskGroup	-	-	no
T1	T1-0114	tests identifier	filteredSearchRows [search]	25	2	tests/contract/cr-571-search-table-filters.contract.test.ts:1 tests/contract/cr-571-search-table-filters.contract.test.ts:8 tests/contract/cr-571-search-table-filters.contract.test.ts:148	b	search-result row (SearchRow), not a TaskGroup	-	-	no
T1	T1-0115	tests identifier	drawnRowIds [tg]	25	6	tests/system/cr-570-tree-state-drawing-and-arming.test.ts:17 tests/system/cr-570-tree-state-drawing-and-arming.test.ts:56 tests/system/cr-570-tree-state-on-the-large-sample.test.ts:26	a	TaskGroup (the chart row) in test code	タスクグループ	taskGroup / TaskGroup / TASK_GROUP	no
T1	T1-0116	tests identifier	T_109_ON_THE_ROW [N:spec]	25	1	tests/unit/uf-72-screen-part.test.ts:185 tests/unit/uf-72-screen-part.test.ts:350 tests/unit/uf-72-screen-part.test.ts:358	b	named identifier; row of a specification table (majority of its lines)	-	-	no
T1	T1-0117	tests identifier	oneLiveRow [N:tg]	25	1	tests/unit/uf-72-screen-part.test.ts:2666 tests/unit/uf-72-screen-part.test.ts:2679 tests/unit/uf-72-screen-part.test.ts:2799	a	named identifier; TaskGroup / chart row (majority of its lines)	タスクグループ	taskGroup	no
T1	T1-0118	tests identifier	grabRow [N:tg]	24	5	tests/contract/cr-430-ga-1-to-22-grab-areas.test.ts:17 tests/contract/cr-430-ga-1-to-22-grab-areas.test.ts:132 tests/contract/cr-430-ga-1-to-22-grab-areas.test.ts:133	a	named identifier; TaskGroup / chart row (majority of its lines)	タスクグループ	taskGroup	no
T1	T1-0119	tests identifier	ROWS [spec]	24	14	tests/contract/cr-430-t-020-the-order-things-are-drawn.test.ts:47 tests/contract/cr-430-t-020-the-order-things-are-drawn.test.ts:179 tests/contract/cr-430-t-020-the-order-things-are-drawn.test.ts:197	b	row of a specification table (line context)	-	-	no
T1	T1-0120	tests identifier	DEFAULT_ROW_NAME [tgname]	23	9	tests/contract/cr-561-agent-api-reads-the-delay-diagnostics.contract.test.ts:16 tests/contract/cr-561-agent-api-reads-the-delay-diagnostics.contract.test.ts:125 tests/contract/cr-571-agent-api-search.contract.test.ts:15	a	TaskGroup.label (row name)	タスクグループ名	taskGroupName	no
T1	T1-0121	tests identifier	ROW_OPEN_ONE_LEVEL [tg]	23	4	tests/system/cr-570-tree-state-drawing-and-arming.test.ts:16 tests/system/cr-570-tree-state-drawing-and-arming.test.ts:175 tests/system/cr-570-tree-state-drawing-and-arming.test.ts:176	a	TaskGroup (the chart row) in test code	タスクグループ	taskGroup / TaskGroup / TASK_GROUP	no
T1	T1-0122	tests identifier	NAME_TO_ROW [N:spec]	22	2	tests/contract/cr-585-monochrome-greys-the-chrome-and-ground.test.ts:58 tests/contract/cr-585-monochrome-greys-the-chrome-and-ground.test.ts:229 tests/contract/cr-585-monochrome-greys-the-chrome-and-ground.test.ts:230	b	named identifier; row of a specification table (majority of its lines)	-	-	no
T1	T1-0123	tests identifier	ASSIGNEE_ROW [field]	22	4	tests/contract/cr-606-the-assignee-field-is-one-combo.test.ts:103 tests/contract/cr-606-the-assignee-field-is-one-combo.test.ts:112 tests/contract/cr-606-the-assignee-field-is-one-combo.test.ts:136	b	properties/settings panel field row, not a TaskGroup	-	-	no
T1	T1-0124	tests identifier	Row [spec]	21	7	tests/contract/display-words.contract.test.ts:110 tests/integration/schedule-drawing.sws.test.ts:131 tests/nfr/nfr-002-003-frame-time-is-the-interval.test.ts:151	b	row of a specification table (line context)	-	-	no
T1	T1-0125	tests identifier	data-row [ui]	21	7	tests/system/cr-574-help-window.test.ts:332 tests/system/cr-574-help-window.test.ts:335 tests/system/cr-574-help-window.test.ts:474	b	row of another on-screen table/list (help, palette, roster, report, calendar)	-	-	no
T1	T1-0126	tests identifier	ROW_NAME_FIELD [tgname]	21	2	tests/unit/fr-085-double-click-a-row-name.test.ts:130 tests/unit/fr-085-double-click-a-row-name.test.ts:397 tests/unit/fr-085-double-click-a-row-name.test.ts:409	a	TaskGroup.label (row name)	タスクグループ名	taskGroupName	no
T1	T1-0127	tests identifier	row-minted-outside [N:tg]	20	19	tests/contract/cr-588-no-pre-change-plan-asks-for-the-file.contract.test.ts:265 tests/contract/cr-596-a-click-on-the-mark-jumps-and-marks-the-landing.contract.test.ts:445 tests/contract/cr-606-stage.ts:263	a	named identifier; TaskGroup / chart row (majority of its lines)	タスクグループ	taskGroup	no
T1	T1-0128	tests identifier	pressRowOf [N:tg]	20	8	tests/contract/dfc-307-in-4-the-standing-explanation-is-the-last-rung.test.ts:627 tests/contract/dfc-568-gr-14-corners-anchor-and-body.test.ts:10 tests/contract/dfc-568-gr-14-corners-anchor-and-body.test.ts:1107	a	named identifier; TaskGroup / chart row (majority of its lines)	タスクグループ	taskGroup	no
T1	T1-0129	tests identifier	ROWS [ui]	19	1	tests/contract/cr-571-search-table-filters.contract.test.ts:98 tests/contract/cr-571-search-table-filters.contract.test.ts:185 tests/contract/cr-571-search-table-filters.contract.test.ts:189	b	row of another on-screen table/list (line context)	-	-	no
T1	T1-0130	tests identifier	fillRowOf [N:spec]	19	1	tests/contract/fr-029-in-effect-is-filled-not-rimmed.test.ts:170 tests/contract/fr-029-in-effect-is-filled-not-rimmed.test.ts:383 tests/contract/fr-029-in-effect-is-filled-not-rimmed.test.ts:384	b	named identifier; row of a specification table (majority of its lines)	-	-	no
T1	T1-0131	tests identifier	rowNamed [tgname]	19	3	tests/system/cr-570-tree-state-on-the-large-sample.test.ts:36 tests/system/cr-570-tree-state-on-the-large-sample.test.ts:135 tests/system/cr-570-tree-state-on-the-large-sample.test.ts:208	a	TaskGroup.label (row name)	タスクグループ名	taskGroupName	no
T1	T1-0132	tests identifier	row-1 [tgfix]	18	8	tests/contract/cr-541-wheel-escape-select-all-and-display-scale.test.ts:163 tests/contract/cr-571-search-jump.contract.test.ts:50 tests/contract/cr-571-search-rows.contract.test.ts:82	a	fixture TaskGroup id / document builder	タスクグループ	task-group id value / taskGroupDocument	no
T1	T1-0133	tests identifier	taskRowOf [search]	18	3	tests/contract/cr-571-search-rows.contract.test.ts:197 tests/contract/cr-571-search-rows.contract.test.ts:319 tests/contract/cr-571-search-rows.contract.test.ts:328	b	search-result row (SearchRow), not a TaskGroup	-	-	no
T1	T1-0134	tests identifier	StoredRow [spec]	18	3	tests/contract/cr-607-the-settings-panel-resets-grs.test.ts:202 tests/contract/cr-607-the-settings-panel-resets-grs.test.ts:203 tests/contract/cr-607-the-settings-panel-resets-grs.test.ts:205	b	row of a specification table (spec reader / spec row id)	-	-	no
T1	T1-0135	tests identifier	firstRow [N:tg]	18	3	tests/contract/display-words.contract.test.ts:298 tests/contract/display-words.contract.test.ts:1022 tests/contract/display-words.contract.test.ts:1023	a	named identifier; TaskGroup / chart row (majority of its lines)	タスクグループ	taskGroup	no
T1	T1-0136	tests identifier	rowsOf [spec~]	17	4	tests/contract/cr-430-ty-1-to-9-type-order.test.ts:16 tests/contract/cr-435-every-requirement-names-a-unit.contract.test.ts:282 tests/contract/cr-435-every-requirement-names-a-unit.contract.test.ts:284	b	row of a specification table (line silent: file majority)	-	-	no
T1	T1-0137	tests identifier	RowSeed [tgfix]	17	6	tests/contract/cr-541-wheel-escape-select-all-and-display-scale.test.ts:15 tests/contract/cr-541-wheel-escape-select-all-and-display-scale.test.ts:42 tests/contract/cr-608-an-added-row-opens-until-the-view-shrinks.test.ts:11	a	fixture TaskGroup id / document builder	タスクグループ	task-group id value / taskGroupDocument	no
T1	T1-0138	tests identifier	fresh-row [tgfix]	17	7	tests/contract/cr-557-a-pressed-hue-swatch-is-one-undoable-step.test.ts:167 tests/contract/cr-588-no-pre-change-plan-asks-for-the-file.contract.test.ts:444 tests/contract/cr-608-delete-all-opens-level-zero.test.ts:287	a	fixture TaskGroup id / document builder	タスクグループ	task-group id value / taskGroupDocument	no
T1	T1-0139	tests identifier	anyRowText [N:spec]	17	2	tests/contract/cr-588-the-pre-change-plan-outline.contract.test.ts:72 tests/contract/cr-588-the-pre-change-plan-outline.contract.test.ts:354 tests/contract/cr-588-the-pre-change-plan-outline.contract.test.ts:355	b	named identifier; row of a specification table (majority of its lines)	-	-	no
T1	T1-0140	tests identifier	ONE_ROW [N:tg]	17	2	tests/contract/cr-608-delete-all-opens-level-zero.test.ts:272 tests/contract/cr-608-delete-all-opens-level-zero.test.ts:295 tests/contract/cr-608-delete-all-opens-level-zero.test.ts:311	a	named identifier; TaskGroup / chart row (majority of its lines)	タスクグループ	taskGroup	no
T1	T1-0141	tests identifier	NAME_ROW [N:spec]	17	4	tests/system/mspdi-normalization.sws.test.ts:40 tests/system/mspdi-normalization.sws.test.ts:561 tests/system/mspdi-normalization.sws.test.ts:600	b	named identifier; row of a specification table (majority of its lines)	-	-	no
T1	T1-0142	tests identifier	T_024_FILE_ROWS [N:spec]	17	1	tests/unit/uf-41-42.test.ts:31 tests/unit/uf-41-42.test.ts:46 tests/unit/uf-41-42.test.ts:248	b	named identifier; row of a specification table (majority of its lines)	-	-	no
T1	T1-0143	tests identifier	rowsOf [tg]	16	8	tests/contract/cr-430-ga-pointer-column.test.ts:5 tests/contract/cr-577-a-row-zoom-in-below-the-floor-always-changes-the-picture.test.ts:301 tests/contract/cr-577-a-row-zoom-in-below-the-floor-always-changes-the-picture.test.ts:547	a	TaskGroup / chart row (line context)	タスクグループ	taskGroup	no
T1	T1-0144	tests identifier	rowsOf [spec]	16	6	tests/contract/cr-430-ga-pointer-column.test.ts:34 tests/contract/cr-430-ga-pointer-column.test.ts:42 tests/contract/cr-430-ht-1-to-4-hit-order.test.ts:70	b	row of a specification table (line context)	-	-	no
T1	T1-0145	tests identifier	rowElement [N:tg]	16	2	tests/system/measured-sweep.test.ts:1774 tests/system/measured-sweep.test.ts:1783 tests/system/measured-sweep.test.ts:1788	a	named identifier; TaskGroup / chart row (majority of its lines)	タスクグループ	taskGroup	no
T1	T1-0146	tests identifier	TALL_ROWS [N:tg]	16	1	tests/unit/uf-39-40.test.ts:858 tests/unit/uf-39-40.test.ts:868 tests/unit/uf-39-40.test.ts:1151	a	named identifier; TaskGroup / chart row (majority of its lines)	タスクグループ	taskGroup	no
T1	T1-0147	tests identifier	RowOne [tgfix]	16	2	tests/unit/uf-71.test.ts:1265 tests/unit/uf-71.test.ts:3311 tests/unit/uf-72-screen-part.test.ts:1615	a	fixture TaskGroup id / document builder	タスクグループ	task-group id value / taskGroupDocument	no
T1	T1-0148	tests identifier	row-2 [tgfix]	15	6	tests/contract/cr-541-wheel-escape-select-all-and-display-scale.test.ts:163 tests/contract/cr-571-search-jump.contract.test.ts:53 tests/contract/cr-571-search-rows.contract.test.ts:85	a	fixture TaskGroup id / document builder	タスクグループ	task-group id value / taskGroupDocument	no
T1	T1-0149	tests identifier	oneRowDocument [tgfix]	15	4	tests/contract/cr-610-file-flow-stage.ts:138 tests/contract/cr-610-file-flow-stage.ts:154 tests/contract/cr-610-file-flow-stage.ts:155	a	fixture TaskGroup id / document builder	タスクグループ	task-group id value / taskGroupDocument	no
T1	T1-0150	tests identifier	THERE_ROW [N:tg]	15	6	tests/contract/cr-610-file-flow-stage.ts:153 tests/contract/cr-610-file-flow-stage.ts:155 tests/contract/dfc-1224-fr-060-only-a-replace-moves-the-save-target.test.ts:91	a	named identifier; TaskGroup / chart row (majority of its lines)	タスクグループ	taskGroup	no
T1	T1-0151	tests identifier	rowNameFont [tgname]	15	8	tests/contract/dfc-49-one-indent-for-the-screen-and-the-picture.test.ts:29 tests/contract/dfc-49-one-indent-for-the-screen-and-the-picture.test.ts:316 tests/fixtures/row-name-font.ts:20	a	TaskGroup.label (row name)	タスクグループ名	taskGroupName	no
T1	T1-0152	tests identifier	FRAME_ROW [N:ui]	15	2	tests/contract/dfc-806-double-clicking-a-highlight-box-focuses-its-frame-colour.test.ts:44 tests/contract/dfc-806-double-clicking-a-highlight-box-focuses-its-frame-colour.test.ts:250 tests/contract/dfc-806-double-clicking-a-highlight-box-focuses-its-frame-colour.test.ts:251	b	named identifier; row of another on-screen table/list (majority of its lines)	-	-	no
T1	T1-0153	tests identifier	LINE_ROW [line]	15	4	tests/system/cr-551-a-picker-value-wakes-a-frame.test.ts:18 tests/system/cr-551-a-picker-value-wakes-a-frame.test.ts:43 tests/system/cr-551-a-picker-value-wakes-a-frame.test.ts:62	b	a line of text	-	-	no
T1	T1-0154	tests identifier	rowAreaOf [area]	15	2	tests/system/cr-553-a-shown-control-group-stays-its-row.test.ts:312 tests/system/cr-553-a-shown-control-group-stays-its-row.test.ts:355 tests/system/cr-553-a-shown-control-group-stays-its-row.test.ts:384	c	Row Area region name (no proposed wording)	タスクグループ領域?	taskGroupArea?	no
T1	T1-0155	tests identifier	rowsDocument [tgfix]	15	6	tests/system/w3-t1-a-landed-merge-tells-its-rows.test.ts:9 tests/system/w3-t1-a-landed-merge-tells-its-rows.test.ts:54 tests/system/w3-t1-a-landed-merge-tells-its-rows.test.ts:60	a	fixture TaskGroup id / document builder	タスクグループ	task-group id value / taskGroupDocument	no
T1	T1-0156	tests identifier	rowBand [band]	15	2	tests/unit/cr-558-highlight-box-grab-points-stroke-and-fill.test.ts:310 tests/unit/cr-558-highlight-box-grab-points-stroke-and-fill.test.ts:316 tests/unit/cr-558-highlight-box-grab-points-stroke-and-fill.test.ts:447	a	row band of a TaskGroup	タスクグループの帯	taskGroupBand	no
T1	T1-0157	tests identifier	IMPORTED_ROW [N:ui]	15	1	tests/unit/cr-649-exception-times-duration-and-the-open-chooser-words.test.ts:79 tests/unit/cr-649-exception-times-duration-and-the-open-chooser-words.test.ts:136 tests/unit/cr-649-exception-times-duration-and-the-open-chooser-words.test.ts:143	b	named identifier; row of another on-screen table/list (majority of its lines)	-	-	no
T1	T1-0158	tests identifier	PALETTE_ROWS [ui]	15	4	tests/unit/cr-652-palette-rows-and-armed-label.test.ts:64 tests/unit/cr-652-palette-rows-and-armed-label.test.ts:88 tests/unit/cr-652-palette-rows-and-armed-label.test.ts:173	b	row of another on-screen table/list (help, palette, roster, report, calendar)	-	-	no
T1	T1-0159	tests identifier	$row [spec]	15	2	tests/unit/uf-71.test.ts:3553 tests/unit/uf-72-screen-part.test.ts:3221 tests/unit/uf-72-screen-part.test.ts:3417	b	row of a specification table (line context)	-	-	no
T1	T1-0160	tests identifier	pointerRowFor [N:tg]	14	2	tests/contract/cr-430-table-pk-the-pointer-shapes.test.ts:10 tests/contract/cr-430-table-pk-the-pointer-shapes.test.ts:398 tests/contract/cr-430-table-pk-the-pointer-shapes.test.ts:399	a	named identifier; TaskGroup / chart row (majority of its lines)	タスクグループ	taskGroup	no
T1	T1-0161	tests identifier	manyRows [tgfix]	14	3	tests/contract/cr-541-wheel-escape-select-all-and-display-scale.test.ts:42 tests/contract/cr-541-wheel-escape-select-all-and-display-scale.test.ts:56 tests/contract/cr-541-wheel-escape-select-all-and-display-scale.test.ts:85	a	fixture TaskGroup id / document builder	タスクグループ	task-group id value / taskGroupDocument	no
T1	T1-0162	tests identifier	ROW_ZOOM_SHRINK [axis]	14	3	tests/contract/cr-608-an-added-row-opens-until-the-view-shrinks.test.ts:47 tests/contract/cr-608-an-added-row-opens-until-the-view-shrinks.test.ts:182 tests/contract/cr-608-an-added-row-opens-until-the-view-shrinks.test.ts:268	c	row axis / row zoom (行軸, settled name)	行軸（利用者判断）	row axis (user decides)	no
T1	T1-0163	tests identifier	HERE_ROW [N:tg]	14	7	tests/contract/cr-610-file-flow-stage.ts:152 tests/contract/cr-610-file-flow-stage.ts:154 tests/contract/dfc-1224-fr-060-only-a-replace-moves-the-save-target.test.ts:90	a	named identifier; TaskGroup / chart row (majority of its lines)	タスクグループ	taskGroup	no
T1	T1-0164	tests identifier	rows [undet]	14	4	tests/contract/cr-611-t-290-the-new-document-question-has-no-guard.test.ts:33 tests/contract/w3-t4-a-same-day-finish-to-start-is-no-contradiction.test.ts:27 tests/contract/w3-t4-a-same-day-finish-to-start-is-no-contradiction.test.ts:30	c	meaning not determinable from line or file	要判断	ask	no
T1	T1-0165	tests identifier	ROW_TITLE_DIVIDER [panel]	14	2	tests/contract/w3-t3-a-row-title-width-saved-unchanged-is-no-edit.test.ts:23 tests/contract/w3-t3-a-row-title-width-saved-unchanged-is-no-edit.test.ts:34 tests/contract/w3-t3-a-row-title-width-saved-unchanged-is-no-edit.test.ts:54	a	Row Title Panel (U-22) in test code	タスクグループパネル	taskGroupPanel / Task Group Panel	no
T1	T1-0166	tests identifier	rowOfSchedule [N:spec]	14	3	tests/unit/in-2-a-the-dummies-say-slide.test.ts:133 tests/unit/in-2-a-the-dummies-say-slide.test.ts:176 tests/unit/in-2-a-the-dummies-say-slide.test.ts:177	b	named identifier; row of a specification table (majority of its lines)	-	-	no
T1	T1-0167	tests identifier	HEAD_ADD_ROW [tg]	14	3	tests/unit/t-015-t-051-the-four-folding-controls.test.ts:209 tests/unit/t-015-t-051-the-four-folding-controls.test.ts:627 tests/unit/t-015-t-051-the-four-folding-controls.test.ts:1358	a	TaskGroup (the chart row) in test code	タスクグループ	taskGroup / TaskGroup / TASK_GROUP	no
T1	T1-0168	tests identifier	specRow [spec]	13	3	tests/contract/cr-430-table-pk-the-pointer-shapes.test.ts:10 tests/contract/cr-430-table-pk-the-pointer-shapes.test.ts:50 tests/contract/cr-430-table-pk-the-pointer-shapes.test.ts:102	b	row of a specification table (spec reader / spec row id)	-	-	no
T1	T1-0169	tests identifier	oneRow [tgfix]	13	2	tests/contract/cr-586-the-row-colour-list-is-one-and-black-is-refused.test.ts:115 tests/contract/cr-586-the-row-colour-list-is-one-and-black-is-refused.test.ts:124 tests/unit/t-051-hf-6-ground-under-the-row-controls.test.ts:917	a	fixture TaskGroup id / document builder	タスクグループ	task-group id value / taskGroupDocument	no
T1	T1-0170	tests identifier	bodyRows [N:tg]	13	1	tests/contract/dfc-1361-the-search-table-header-stays-on-top.contract.test.ts:129 tests/contract/dfc-1361-the-search-table-header-stays-on-top.contract.test.ts:140 tests/contract/dfc-1361-the-search-table-header-stays-on-top.contract.test.ts:143	a	named identifier; TaskGroup / chart row (majority of its lines)	タスクグループ	taskGroup	no
T1	T1-0171	tests identifier	selRow [tg]	13	1	tests/contract/dfc-2030-a-body-drag-moves-the-selected-boxes.contract.test.ts:281 tests/contract/dfc-2030-a-body-drag-moves-the-selected-boxes.contract.test.ts:305 tests/contract/dfc-2030-a-body-drag-moves-the-selected-boxes.contract.test.ts:358	a	TaskGroup (the chart row) in test code	タスクグループ	taskGroup / TaskGroup / TASK_GROUP	no
T1	T1-0172	tests identifier	documentOfTwoRows [tgfix]	13	1	tests/contract/dfc-290-d-321-fr-033-copy-and-paste-reach-the-document.test.ts:272 tests/contract/dfc-290-d-321-fr-033-copy-and-paste-reach-the-document.test.ts:493 tests/contract/dfc-290-d-321-fr-033-copy-and-paste-reach-the-document.test.ts:509	a	fixture TaskGroup id / document builder	タスクグループ	task-group id value / taskGroupDocument	no
T1	T1-0173	tests identifier	rowOfTask [N:tg]	13	3	tests/contract/dfc-290-d-321-fr-033-copy-and-paste-reach-the-document.test.ts:396 tests/contract/dfc-290-d-321-fr-033-copy-and-paste-reach-the-document.test.ts:457 tests/contract/dfc-290-d-321-fr-033-copy-and-paste-reach-the-document.test.ts:544	a	named identifier; TaskGroup / chart row (majority of its lines)	タスクグループ	taskGroup	no
T1	T1-0174	tests identifier	row-b [tgfix]	13	3	tests/contract/w3-t3-a-row-title-width-saved-unchanged-is-no-edit.test.ts:28 tests/contract/w3-t3-enter-and-the-two-selections.test.ts:38 tests/contract/w3-t3-enter-and-the-two-selections.test.ts:70	a	fixture TaskGroup id / document builder	タスクグループ	task-group id value / taskGroupDocument	no
T1	T1-0175	tests identifier	exceptionRow [ui]	13	2	tests/unit/cr-649-exception-times-duration-and-the-open-chooser-words.test.ts:65 tests/unit/cr-649-exception-times-duration-and-the-open-chooser-words.test.ts:79 tests/unit/cr-649-exception-times-duration-and-the-open-chooser-words.test.ts:135	b	row of another on-screen table/list (help, palette, roster, report, calendar)	-	-	no
T1	T1-0176	tests identifier	rowExpanderOpen [tg]	13	1	tests/unit/uf-72-screen-part.test.ts:1452 tests/unit/uf-72-screen-part.test.ts:1460 tests/unit/uf-72-screen-part.test.ts:2452	a	TaskGroup (the chart row) in test code	タスクグループ	taskGroup / TaskGroup / TASK_GROUP	no
T1	T1-0177	tests identifier	EXPECTED_ROW_IDS [N:spec]	12	3	tests/contract/cr-430-ga-1-to-22-grab-areas.test.ts:64 tests/contract/cr-430-ga-1-to-22-grab-areas.test.ts:123 tests/contract/cr-430-ga-1-to-22-grab-areas.test.ts:149	b	named identifier; row of a specification table (majority of its lines)	-	-	no
T1	T1-0178	tests identifier	ROW_P [tgfix]	12	2	tests/contract/cr-661-only-the-checked-tasks-are-laid-and-drawn.contract.test.ts:61 tests/contract/cr-661-only-the-checked-tasks-are-laid-and-drawn.contract.test.ts:120 tests/contract/cr-661-only-the-checked-tasks-are-laid-and-drawn.contract.test.ts:194	a	fixture TaskGroup id / document builder	タスクグループ	task-group id value / taskGroupDocument	no
T1	T1-0179	tests identifier	undoRow [N:spec]	12	2	tests/contract/dfc-102-un-14-pinning-is-inside-the-history.test.ts:57 tests/unit/t-027-outside-the-history.test.ts:198 tests/unit/t-027-outside-the-history.test.ts:210	b	named identifier; row of a specification table (majority of its lines)	-	-	no
T1	T1-0180	tests identifier	RowPlacement [tgfix]	12	8	tests/contract/dfc-2030-a-body-drag-moves-the-selected-boxes.contract.test.ts:20 tests/contract/dfc-2030-a-body-drag-moves-the-selected-boxes.contract.test.ts:252 tests/contract/dfc-568-gr-14-corners-anchor-and-body.test.ts:37	a	fixture TaskGroup id / document builder	タスクグループ	task-group id value / taskGroupDocument	no
T1	T1-0181	tests identifier	ON_A_ROW [N:spec]	12	2	tests/contract/display-words.contract.test.ts:1129 tests/contract/display-words.contract.test.ts:1171 tests/contract/display-words.contract.test.ts:1174	b	named identifier; row of a specification table (majority of its lines)	-	-	no
T1	T1-0182	tests identifier	ROW_OPEN_ALL_BELOW [tg]	12	3	tests/system/cr-570-tree-state-drawing-and-arming.test.ts:15 tests/system/cr-570-tree-state-drawing-and-arming.test.ts:178 tests/system/cr-570-tree-state-drawing-and-arming.test.ts:179	a	TaskGroup (the chart row) in test code	タスクグループ	taskGroup / TaskGroup / TASK_GROUP	no
T1	T1-0183	tests identifier	isRowEntranceArmed [N:tg]	12	4	tests/system/cr-570-tree-state-drawing-and-arming.test.ts:19 tests/system/cr-570-tree-state-drawing-and-arming.test.ts:162 tests/system/cr-570-tree-state-drawing-and-arming.test.ts:175	a	named identifier; TaskGroup / chart row (majority of its lines)	タスクグループ	taskGroup	no
T1	T1-0184	tests identifier	ROW_HIDE [tg]	12	3	tests/system/cr-570-tree-state-on-the-large-sample.test.ts:18 tests/system/cr-570-tree-state-on-the-large-sample.test.ts:299 tests/system/cr-570-tree-state-on-the-large-sample.test.ts:320	a	TaskGroup (the chart row) in test code	タスクグループ	taskGroup / TaskGroup / TASK_GROUP	no
T1	T1-0185	tests identifier	ROW_PANEL [panel]	12	5	tests/system/divider-colour-corner-and-sticky-field.test.ts:204 tests/system/divider-colour-corner-and-sticky-field.test.ts:314 tests/system/duplicate-paste-and-dual-cursor.test.ts:208	a	Row Title Panel (U-22) in test code	タスクグループパネル	taskGroupPanel / Task Group Panel	no
T1	T1-0186	tests identifier	rowIdOf [tg]	12	4	tests/system/w3-t1-stage.ts:71 tests/system/w3-t1-stage.ts:89 tests/unit/cr-386-ic-103-planned-dates-beside-the-name.test.ts:193	a	TaskGroup / chart row (line context)	タスクグループ	taskGroup	no
T1	T1-0187	tests identifier	RowAlpha [tgfix]	12	3	tests/unit/t-015-t-051-the-four-folding-controls.test.ts:568 tests/unit/t-015-t-051-the-four-folding-controls.test.ts:573 tests/unit/t-015-t-051-the-four-folding-controls.test.ts:574	a	fixture TaskGroup id / document builder	タスクグループ	task-group id value / taskGroupDocument	no
T1	T1-0188	tests identifier	RowExpander [tgfix]	12	2	tests/unit/t-051-hf-6-ground-under-the-row-controls.test.ts:56 tests/unit/t-051-hf-6-ground-under-the-row-controls.test.ts:68 tests/unit/t-051-hf-6-ground-under-the-row-controls.test.ts:103	a	fixture TaskGroup id / document builder	タスクグループ	task-group id value / taskGroupDocument	no
T1	T1-0189	tests identifier	TABLE_ROWS [spec]	11	1	tests/contract/cr-441-t-274-principles-and-rows-both-ways.contract.test.ts:100 tests/contract/cr-441-t-274-principles-and-rows-both-ways.contract.test.ts:117 tests/contract/cr-441-t-274-principles-and-rows-both-ways.contract.test.ts:134	b	row of a specification table (spec reader / spec row id)	-	-	no
T1	T1-0190	tests identifier	ROWS [ui~]	11	2	tests/contract/cr-571-search-table-filters.contract.test.ts:164 tests/contract/cr-571-search-table-filters.contract.test.ts:170 tests/contract/cr-571-search-table-filters.contract.test.ts:177	b	row of another on-screen table/list (line silent: file majority)	-	-	no
T1	T1-0191	tests identifier	rowAreaHeight [area]	11	5	tests/contract/cr-577-a-row-zoom-in-below-the-floor-always-changes-the-picture.test.ts:388 tests/contract/cr-577-a-row-zoom-in-below-the-floor-always-changes-the-picture.test.ts:484 tests/contract/cr-577-a-row-zoom-in-below-the-floor-always-changes-the-picture.test.ts:666	c	Row Area region name (no proposed wording)	タスクグループ領域?	taskGroupArea?	no
T1	T1-0192	tests identifier	WIDTH_ROW [N:spec]	11	2	tests/contract/cr-660-the-two-tables-lead-with-status-and-filter-like-excel.contract.test.ts:102 tests/contract/cr-660-the-two-tables-lead-with-status-and-filter-like-excel.contract.test.ts:558 tests/contract/cr-660-the-two-tables-lead-with-status-and-filter-like-excel.contract.test.ts:564	b	named identifier; row of a specification table (majority of its lines)	-	-	no
T1	T1-0193	tests identifier	wholeRow [N:spec]	11	2	tests/contract/dfc-152-in-6-the-same-value-writes-nothing.test.ts:126 tests/contract/dfc-152-in-6-the-same-value-writes-nothing.test.ts:377 tests/contract/dfc-152-in-6-the-same-value-writes-nothing.test.ts:384	b	named identifier; row of a specification table (majority of its lines)	-	-	no
T1	T1-0194	tests identifier	PARENT_ROW [N:tg]	11	1	tests/contract/dfc-290-d-321-fr-033-copy-and-paste-reach-the-document.test.ts:217 tests/contract/dfc-290-d-321-fr-033-copy-and-paste-reach-the-document.test.ts:256 tests/contract/dfc-290-d-321-fr-033-copy-and-paste-reach-the-document.test.ts:288	a	named identifier; TaskGroup / chart row (majority of its lines)	タスクグループ	taskGroup	no
T1	T1-0195	tests identifier	ROW_IDS [spec]	11	2	tests/contract/t-233-reason-words-tell-the-row.contract.test.ts:125 tests/contract/t-233-reason-words-tell-the-row.contract.test.ts:549 tests/contract/t-233-reason-words-tell-the-row.contract.test.ts:563	b	row of a specification table (spec reader / spec row id)	-	-	no
T1	T1-0196	tests identifier	row- [tg]	11	8	tests/contract/w3-t4-a-saved-export-span-draws-one-picture.test.ts:269 tests/system/cr-657-group-grid-lines-across-the-row-title-panel.test.ts:65 tests/system/live-app.ts:65	a	TaskGroup (the chart row) in test code	タスクグループ	taskGroup / TaskGroup / TASK_GROUP	no
T1	T1-0197	tests identifier	intoChosenRow [tg]	11	1	tests/system/duplicate-paste-and-dual-cursor.test.ts:249 tests/system/duplicate-paste-and-dual-cursor.test.ts:639 tests/system/duplicate-paste-and-dual-cursor.test.ts:707	a	TaskGroup (the chart row) in test code	タスクグループ	taskGroup / TaskGroup / TASK_GROUP	no
T1	T1-0198	tests identifier	ROW_NAME_COLUMN [tgname]	11	2	tests/system/pinned-band-and-the-empty-document.test.ts:58 tests/system/pinned-band-and-the-empty-document.test.ts:337 tests/system/pinned-band-and-the-empty-document.test.ts:339	a	TaskGroup.label (row name)	タスクグループ名	taskGroupName	no
T1	T1-0199	tests identifier	BASE_ONE_ROWS [N:spec]	11	1	tests/unit/fr-021-the-outline-base-of-the-file-comes-back.test.ts:131 tests/unit/fr-021-the-outline-base-of-the-file-comes-back.test.ts:175 tests/unit/fr-021-the-outline-base-of-the-file-comes-back.test.ts:189	b	named identifier; row of a specification table (majority of its lines)	-	-	no
T1	T1-0200	tests identifier	DRAWN_ROW_IDS [N:tg]	11	1	tests/unit/uf-39-40.test.ts:840 tests/unit/uf-39-40.test.ts:866 tests/unit/uf-39-40.test.ts:989	a	named identifier; TaskGroup / chart row (majority of its lines)	タスクグループ	taskGroup	no
T1	T1-0201	tests identifier	T_109_ROW_EXPANDER [N:spec]	11	1	tests/unit/uf-72-screen-part.test.ts:425 tests/unit/uf-72-screen-part.test.ts:1727 tests/unit/uf-72-screen-part.test.ts:1742	b	named identifier; row of a specification table (majority of its lines)	-	-	no
T1	T1-0202	tests identifier	rowsOf [tg~]	10	6	tests/contract/cr-430-ht-1-to-4-hit-order.test.ts:18 tests/contract/cr-588-the-pre-change-plan-outline.contract.test.ts:166 tests/contract/cr-588-the-pre-change-plan-outline.contract.test.ts:188	a	TaskGroup / chart row (line silent: file majority)	タスクグループ	taskGroup	no
T1	T1-0203	tests identifier	rowIdOf [spec~]	10	3	tests/contract/cr-430-table-pe-press-and-drag-effects.test.ts:103 tests/contract/cr-430-table-pe-press-and-drag-effects.test.ts:226 tests/contract/cr-430-table-pe-press-and-drag-effects.test.ts:230	b	row of a specification table (line silent: file majority)	-	-	no
T1	T1-0204	tests identifier	CHAIN_ROWS [N:ui]	10	1	tests/contract/cr-561-the-delay-diagnostics-report.contract.test.ts:257 tests/contract/cr-561-the-delay-diagnostics-report.contract.test.ts:508 tests/contract/cr-561-the-delay-diagnostics-report.contract.test.ts:526	b	named identifier; row of another on-screen table/list (majority of its lines)	-	-	no
T1	T1-0205	tests identifier	commentBoxRows [search]	10	3	tests/contract/cr-571-search-rows.contract.test.ts:235 tests/contract/cr-571-search-rows.contract.test.ts:257 tests/contract/cr-571-search-rows.contract.test.ts:262	b	search-result row (SearchRow), not a TaskGroup	-	-	no
T1	T1-0206	tests identifier	rows [ui~]	10	3	tests/contract/cr-571-search-table-filters.contract.test.ts:96 tests/contract/cr-571-search-table-filters.contract.test.ts:134 tests/contract/cr-571-search-table-filters.contract.test.ts:183	b	row of another on-screen table/list (line silent: file majority)	-	-	no
T1	T1-0207	tests identifier	MACHINE_ROW_TARGET [state]	10	2	tests/contract/cr-576-two-hint-waits-and-the-dismissed-hint.contract.test.ts:37 tests/contract/cr-576-two-hint-waits-and-the-dismissed-hint.contract.test.ts:87 tests/contract/cr-576-two-hint-waits-and-the-dismissed-hint.contract.test.ts:259	b	row of a state-machine / transition table (spec)	-	-	no
T1	T1-0208	tests identifier	isShownOnAnotherRow [N:tg]	10	8	tests/contract/cr-588-no-pre-change-plan-asks-for-the-file.contract.test.ts:336 tests/contract/cr-611-t-290-the-new-document-question-has-no-guard.test.ts:18 tests/contract/display-words.contract.test.ts:2385	a	named identifier; TaskGroup / chart row (majority of its lines)	タスクグループ	taskGroup	no
T1	T1-0209	tests identifier	ROWS_OF_T_206 [N:spec]	10	2	tests/contract/cr-607-the-settings-panel-resets-grs.test.ts:203 tests/contract/cr-607-the-settings-panel-resets-grs.test.ts:209 tests/contract/cr-607-the-settings-panel-resets-grs.test.ts:219	b	named identifier; row of a specification table (majority of its lines)	-	-	no
T1	T1-0210	tests identifier	childRowAddPressed [tg]	10	4	tests/contract/cr-608-an-added-row-opens-until-the-view-shrinks.test.ts:25 tests/contract/cr-608-an-added-row-opens-until-the-view-shrinks.test.ts:32 tests/contract/cr-608-an-added-row-opens-until-the-view-shrinks.test.ts:249	a	TaskGroup (the chart row) in test code	タスクグループ	taskGroup / TaskGroup / TASK_GROUP	no
T1	T1-0211	tests identifier	EMPTY_OF_ROWS [N:tg]	10	2	tests/contract/cr-608-delete-all-opens-level-zero.test.ts:271 tests/contract/cr-608-delete-all-opens-level-zero.test.ts:305 tests/contract/cr-608-delete-all-opens-level-zero.test.ts:340	a	named identifier; TaskGroup / chart row (majority of its lines)	タスクグループ	taskGroup	no
T1	T1-0212	tests identifier	TYPED_ROWS [spec]	10	2	tests/contract/dfc-130-pr-1-pr-2-reach-the-document.test.ts:192 tests/contract/dfc-130-pr-1-pr-2-reach-the-document.test.ts:381 tests/contract/dfc-130-pr-1-pr-2-reach-the-document.test.ts:502	b	row of a specification table (spec reader / spec row id)	-	-	no
T1	T1-0213	tests identifier	rowsApart [N:tg]	10	1	tests/contract/dfc-568-gr-14-corners-anchor-and-body.test.ts:423 tests/contract/dfc-568-gr-14-corners-anchor-and-body.test.ts:727 tests/contract/dfc-568-gr-14-corners-anchor-and-body.test.ts:735	a	named identifier; TaskGroup / chart row (majority of its lines)	タスクグループ	taskGroup	no
T1	T1-0214	tests identifier	rowLetter [N:tg]	10	1	tests/contract/dfc-568-gr-14-corners-anchor-and-body.test.ts:447 tests/contract/dfc-568-gr-14-corners-anchor-and-body.test.ts:453 tests/contract/dfc-568-gr-14-corners-anchor-and-body.test.ts:455	a	named identifier; TaskGroup / chart row (majority of its lines)	タスクグループ	taskGroup	no
T1	T1-0215	tests identifier	row-3 [tgfix]	10	2	tests/contract/e24-paste-refused-while-several-rows-are-chosen.test.ts:64 tests/contract/e24-paste-refused-while-several-rows-are-chosen.test.ts:127 tests/contract/e24-paste-refused-while-several-rows-are-chosen.test.ts:184	a	fixture TaskGroup id / document builder	タスクグループ	task-group id value / taskGroupDocument	no
T1	T1-0216	tests identifier	pickRow [N:tg]	10	2	tests/contract/e24-paste-refused-while-several-rows-are-chosen.test.ts:80 tests/contract/e24-paste-refused-while-several-rows-are-chosen.test.ts:107 tests/contract/e24-paste-refused-while-several-rows-are-chosen.test.ts:126	a	named identifier; TaskGroup / chart row (majority of its lines)	タスクグループ	taskGroup	no
T1	T1-0217	tests identifier	SmRow [state]	10	2	tests/contract/state-machine-notices.contract.test.ts:17 tests/contract/state-machine-notices.contract.test.ts:36 tests/contract/state-machine-notices.contract.test.ts:84	b	row of a state-machine / transition table (spec)	-	-	no
T1	T1-0218	tests identifier	rowByIdOf [N:tg]	10	1	tests/integration/schedule-drawing.sws.test.ts:430 tests/integration/schedule-drawing.sws.test.ts:939 tests/integration/schedule-drawing.sws.test.ts:944	a	named identifier; TaskGroup / chart row (majority of its lines)	タスクグループ	taskGroup	no
T1	T1-0219	tests identifier	FORMAT_ROW [spec]	10	1	tests/system/mspdi-normalization.sws.test.ts:21 tests/system/mspdi-normalization.sws.test.ts:107 tests/system/mspdi-normalization.sws.test.ts:108	b	row of a specification table (spec reader / spec row id)	-	-	no
T1	T1-0220	tests identifier	ExceptionRow [ui]	10	2	tests/unit/cr-605-cm-39-carries-exceptions-and-makes-a-calendar.test.ts:56 tests/unit/cr-605-cm-39-carries-exceptions-and-makes-a-calendar.test.ts:68 tests/unit/cr-605-cm-39-carries-exceptions-and-makes-a-calendar.test.ts:285	b	row of another on-screen table/list (help, palette, roster, report, calendar)	-	-	no
T1	T1-0221	tests identifier	rowY [tg]	10	1	tests/unit/cr-646-edits-write-side-times.test.ts:79 tests/unit/cr-646-edits-write-side-times.test.ts:99 tests/unit/cr-646-edits-write-side-times.test.ts:109	a	TaskGroup (the chart row) in test code	タスクグループ	taskGroup / TaskGroup / TASK_GROUP	no
T1	T1-0222	tests identifier	MS_PROJECT_ROWS [spec]	10	1	tests/unit/fr-021-the-outline-base-of-the-file-comes-back.test.ts:164 tests/unit/fr-021-the-outline-base-of-the-file-comes-back.test.ts:246 tests/unit/fr-021-the-outline-base-of-the-file-comes-back.test.ts:248	b	row of a specification table (spec reader / spec row id)	-	-	no
T1	T1-0223	tests identifier	isHiddenRow [N:tg]	10	1	tests/unit/t-015-t-051-the-four-folding-controls.test.ts:515 tests/unit/t-015-t-051-the-four-folding-controls.test.ts:749 tests/unit/t-015-t-051-the-four-folding-controls.test.ts:760	a	named identifier; TaskGroup / chart row (majority of its lines)	タスクグループ	taskGroup	no
T1	T1-0224	tests identifier	DICTIONARY_ROW_WORD [spec]	10	1	tests/unit/t-050-a-document-always-holds-one-row.test.ts:87 tests/unit/t-050-a-document-always-holds-one-row.test.ts:114 tests/unit/t-050-a-document-always-holds-one-row.test.ts:227	b	row of a specification table (spec reader / spec row id)	-	-	no
T1	T1-0225	tests identifier	pressRowControl [tg]	10	4	tests/usecase/uc-002-build-rows-as-a-hierarchy.test.ts:3 tests/usecase/uc-002-build-rows-as-a-hierarchy.test.ts:71 tests/usecase/uc-002-build-rows-as-a-hierarchy.test.ts:72	a	TaskGroup (the chart row) in test code	タスクグループ	taskGroup / TaskGroup / TASK_GROUP	no
T1	T1-0226	tests identifier	grabRows [N:tg]	9	3	tests/contract/cr-430-ga-1-to-22-grab-areas.test.ts:18 tests/contract/cr-430-ga-1-to-22-grab-areas.test.ts:123 tests/contract/cr-430-ga-1-to-22-grab-areas.test.ts:138	a	named identifier; TaskGroup / chart row (majority of its lines)	タスクグループ	taskGroup	no
T1	T1-0227	tests identifier	rowMinHeightField [tg]	9	2	tests/contract/cr-582-the-min-height-field-reads-the-current-height.test.ts:107 tests/contract/cr-582-the-min-height-field-reads-the-current-height.test.ts:115 tests/contract/cr-582-the-min-height-field-reads-the-current-height.test.ts:116	a	TaskGroup (the chart row) in test code	タスクグループ	taskGroup / TaskGroup / TASK_GROUP	no
T1	T1-0228	tests identifier	ManuscriptRow [spec]	9	2	tests/contract/cr-584-the-picture-is-painted-on-the-ground-colour.test.ts:34 tests/contract/cr-584-the-picture-is-painted-on-the-ground-colour.test.ts:41 tests/contract/cr-584-the-picture-is-painted-on-the-ground-colour.test.ts:42	b	row of a specification table (spec reader / spec row id)	-	-	no
T1	T1-0229	tests identifier	colourRows [spec]	9	3	tests/contract/cr-606-the-panel-rows-follow-t-016.test.ts:185 tests/contract/cr-606-the-panel-rows-follow-t-016.test.ts:188 tests/contract/cr-606-the-panel-rows-follow-t-016.test.ts:191	b	row of a specification table (spec reader / spec row id)	-	-	no
T1	T1-0230	tests identifier	rowTree [tg]	9	3	tests/contract/cr-608-the-row-createtaskgroup-makes.test.ts:56 tests/contract/cr-608-the-row-createtaskgroup-makes.test.ts:57 tests/contract/cr-608-the-row-createtaskgroup-makes.test.ts:62	a	TaskGroup (the chart row) in test code	タスクグループ	taskGroup / TaskGroup / TASK_GROUP	no
T1	T1-0231	tests identifier	SAME_ROW [N:tg]	9	2	tests/contract/e24-paste-refused-while-several-rows-are-chosen.test.ts:21 tests/contract/e24-paste-refused-while-several-rows-are-chosen.test.ts:35 tests/contract/e24-paste-refused-while-several-rows-are-chosen.test.ts:171	a	named identifier; TaskGroup / chart row (majority of its lines)	タスクグループ	taskGroup	no
T1	T1-0232	tests identifier	rowGrab [tg]	9	2	tests/contract/state-machine-gesture.contract.test.ts:216 tests/contract/state-machine-gesture.contract.test.ts:217 tests/contract/state-machine-gesture.contract.test.ts:220	a	TaskGroup (the chart row) in test code	タスクグループ	taskGroup / TaskGroup / TASK_GROUP	no
T1	T1-0233	tests identifier	TnRow [state]	9	2	tests/contract/state-machine-notices.contract.test.ts:26 tests/contract/state-machine-notices.contract.test.ts:38 tests/contract/state-machine-notices.contract.test.ts:69	b	row of a state-machine / transition table (spec)	-	-	no
T1	T1-0234	tests identifier	groundOnADrawnRow [tg]	9	3	tests/system/divider-colour-corner-and-sticky-field.test.ts:297 tests/system/divider-colour-corner-and-sticky-field.test.ts:416 tests/system/divider-colour-corner-and-sticky-field.test.ts:604	a	TaskGroup (the chart row) in test code	タスクグループ	taskGroup / TaskGroup / TASK_GROUP	no
T1	T1-0235	tests identifier	RowPaste [tgfix]	9	1	tests/system/duplicate-paste-and-dual-cursor.test.ts:237 tests/system/duplicate-paste-and-dual-cursor.test.ts:249 tests/system/duplicate-paste-and-dual-cursor.test.ts:250	a	fixture TaskGroup id / document builder	タスクグループ	task-group id value / taskGroupDocument	no
T1	T1-0236	tests identifier	rowsBefore [N:tg]	9	3	tests/system/three-rows-read-from-the-spec-alone.test.ts:785 tests/system/three-rows-read-from-the-spec-alone.test.ts:787 tests/system/three-rows-read-from-the-spec-alone.test.ts:795	a	named identifier; TaskGroup / chart row (majority of its lines)	タスクグループ	taskGroup	no
T1	T1-0237	tests identifier	rowIdOf [spec]	9	1	tests/unit/cr-405-the-help-scrolls-down-in-three-columns.test.ts:369 tests/unit/cr-405-the-help-scrolls-down-in-three-columns.test.ts:379 tests/unit/cr-405-the-help-scrolls-down-in-three-columns.test.ts:384	b	row of a specification table (line context)	-	-	no
T1	T1-0238	tests identifier	rowNode [N:tg]	9	1	tests/unit/cr-439-row-title-panel-controls-and-pins.test.ts:144 tests/unit/cr-439-row-title-panel-controls-and-pins.test.ts:207 tests/unit/cr-439-row-title-panel-controls-and-pins.test.ts:214	a	named identifier; TaskGroup / chart row (majority of its lines)	タスクグループ	taskGroup	no
T1	T1-0239	tests identifier	rowStep [N:tg]	9	2	tests/unit/cr-558-highlight-box-grab-points-stroke-and-fill.test.ts:316 tests/unit/cr-558-highlight-box-grab-points-stroke-and-fill.test.ts:470 tests/unit/cr-558-highlight-box-grab-points-stroke-and-fill.test.ts:477	a	named identifier; TaskGroup / chart row (majority of its lines)	タスクグループ	taskGroup	no
T1	T1-0240	tests identifier	anchorRow [tg]	9	2	tests/unit/cr-559-comment-box-leader-handle-bundles-and-look.test.ts:181 tests/unit/cr-559-comment-box-leader-handle-bundles-and-look.test.ts:203 tests/unit/cr-559-comment-box-leader-handle-bundles-and-look.test.ts:816	a	TaskGroup (the chart row) in test code	タスクグループ	taskGroup / TaskGroup / TASK_GROUP	no
T1	T1-0241	tests identifier	BASE_ZERO_ROWS [N:spec]	9	1	tests/unit/fr-021-the-outline-base-of-the-file-comes-back.test.ts:178 tests/unit/fr-021-the-outline-base-of-the-file-comes-back.test.ts:265 tests/unit/fr-021-the-outline-base-of-the-file-comes-back.test.ts:268	b	named identifier; row of a specification table (majority of its lines)	-	-	no
T1	T1-0242	tests identifier	BAR_ROW [N:tg]	9	3	tests/unit/in-2-a-the-dummies-say-slide.test.ts:74 tests/unit/in-2-a-the-dummies-say-slide.test.ts:176 tests/unit/in-2-a-the-dummies-say-slide.test.ts:182	a	named identifier; TaskGroup / chart row (majority of its lines)	タスクグループ	taskGroup	no
T1	T1-0243	tests identifier	STONE_ROW [N:tg]	9	3	tests/unit/in-2-a-the-dummies-say-slide.test.ts:75 tests/unit/in-2-a-the-dummies-say-slide.test.ts:177 tests/unit/in-2-a-the-dummies-say-slide.test.ts:183	a	named identifier; TaskGroup / chart row (majority of its lines)	タスクグループ	taskGroup	no
T1	T1-0244	tests identifier	ROW_ONE [tgfix]	9	2	tests/unit/t-024a-op-10-a-chosen-zoom-is-the-place.test.ts:256 tests/unit/t-024a-op-10-a-chosen-zoom-is-the-place.test.ts:313 tests/unit/t-024a-op-10-a-chosen-zoom-is-the-place.test.ts:315	a	fixture TaskGroup id / document builder	タスクグループ	task-group id value / taskGroupDocument	no
T1	T1-0245	tests identifier	grid-row [css]	9	1	tests/unit/uf-72-screen-part.test.ts:4856 tests/unit/uf-72-screen-part.test.ts:4873 tests/unit/uf-72-screen-part.test.ts:5126	b	CSS/DOM/HTML table vocabulary	-	-	no
T1	T1-0246	tests identifier	rowHeldOn [tg]	9	1	tests/unit/uf-72-screen-part.test.ts:5427 tests/unit/uf-72-screen-part.test.ts:5469 tests/unit/uf-72-screen-part.test.ts:5486	a	TaskGroup (the chart row) in test code	タスクグループ	taskGroup / TaskGroup / TASK_GROUP	no
T1	T1-0247	tests identifier	rowSelector [N:tg]	9	3	tests/usecase/uc-002-build-rows-as-a-hierarchy.test.ts:3 tests/usecase/uc-002-build-rows-as-a-hierarchy.test.ts:16 tests/usecase/uc-002-build-rows-as-a-hierarchy.test.ts:52	a	named identifier; TaskGroup / chart row (majority of its lines)	タスクグループ	taskGroup	no
T1	T1-0248	tests identifier	CLAUSE_ROWS_IN_ORDER [N:spec]	8	2	tests/contract/cr-557-the-theme-hue-field-heads-the-settings-panel.test.ts:51 tests/contract/cr-557-the-theme-hue-field-heads-the-settings-panel.test.ts:345 tests/contract/cr-557-the-theme-hue-field-heads-the-settings-panel.test.ts:387	b	named identifier; row of a specification table (majority of its lines)	-	-	no
T1	T1-0249	tests identifier	SearchRows [search]	8	2	tests/contract/cr-571-agent-api-search.contract.test.ts:19 tests/contract/cr-571-agent-api-search.contract.test.ts:239 tests/contract/cr-571-agent-api-search.contract.test.ts:240	b	search-result row (SearchRow), not a TaskGroup	-	-	no
T1	T1-0250	tests identifier	rowName [tgname]	8	3	tests/contract/cr-571-search-rows.contract.test.ts:66 tests/contract/cr-571-search-rows.contract.test.ts:360 tests/contract/cr-571-search-rows.contract.test.ts:363	a	TaskGroup.label (row name)	タスクグループ名	taskGroupName	no
T1	T1-0251	tests identifier	row-axis [axis]	8	5	tests/contract/cr-577-a-row-zoom-in-below-the-floor-always-changes-the-picture.test.ts:1 tests/system/user-reported-fixes.test.ts:1469 tests/unit/cr-423-the-row-zoom-stops-where-the-picture-stops-changing.test.ts:717	c	row axis / row zoom (行軸, settled name)	行軸（利用者判断）	row axis (user decides)	no
T1	T1-0252	tests identifier	SETTING_ROWS [spec]	8	4	tests/contract/cr-577-a-row-zoom-in-below-the-floor-always-changes-the-picture.test.ts:88 tests/contract/cr-577-a-row-zoom-in-below-the-floor-always-changes-the-picture.test.ts:95 tests/contract/cr-582-the-drawn-floor-of-a-row-follows-the-zoom.test.ts:53	b	row of a specification table (spec reader / spec row id)	-	-	no
T1	T1-0253	tests identifier	rowPlacesAtZoomY [tg]	8	2	tests/contract/cr-582-the-drawn-floor-of-a-row-follows-the-zoom.test.ts:10 tests/contract/cr-582-the-drawn-floor-of-a-row-follows-the-zoom.test.ts:162 tests/contract/dfc-377-fr-016-zoom-ceilings-and-ep-9-thickness.test.ts:30	a	TaskGroup (the chart row) in test code	タスクグループ	taskGroup / TaskGroup / TASK_GROUP	no
T1	T1-0254	tests identifier	ROW_Z [tgfix]	8	2	tests/contract/cr-596-a-click-on-the-mark-jumps-and-marks-the-landing.contract.test.ts:1463 tests/contract/cr-596-a-click-on-the-mark-jumps-and-marks-the-landing.contract.test.ts:1550 tests/contract/cr-596-a-click-on-the-mark-jumps-and-marks-the-landing.contract.test.ts:1563	a	fixture TaskGroup id / document builder	タスクグループ	task-group id value / taskGroupDocument	no
T1	T1-0255	tests identifier	ACTUAL_ROW [N:spec]	8	1	tests/contract/cr-606-a-milestone-date-is-one-input.test.ts:53 tests/contract/cr-606-a-milestone-date-is-one-input.test.ts:94 tests/contract/cr-606-a-milestone-date-is-one-input.test.ts:103	b	named identifier; row of a specification table (majority of its lines)	-	-	no
T1	T1-0256	tests identifier	inRow [N:ui]	8	3	tests/contract/cr-606-the-assignee-field-is-one-combo.test.ts:174 tests/contract/cr-606-the-assignee-field-is-one-combo.test.ts:175 tests/contract/cr-606-the-assignee-field-is-one-combo.test.ts:177	b	named identifier; row of another on-screen table/list (majority of its lines)	-	-	no
T1	T1-0257	tests identifier	rowZoomShrinkPressed [axis]	8	4	tests/contract/cr-608-an-added-row-opens-until-the-view-shrinks.test.ts:28 tests/contract/tree-state-machine.contract.test.ts:194 tests/contract/tree-state-machine.contract.test.ts:251	c	row axis / row zoom (行軸, settled name)	行軸（利用者判断）	row axis (user decides)	no
T1	T1-0258	tests identifier	everyRowDeletePressed [N:spec]	8	2	tests/contract/cr-608-the-row-createtaskgroup-makes.test.ts:93 tests/contract/cr-608-the-row-createtaskgroup-makes.test.ts:94 tests/contract/cr-608-the-row-createtaskgroup-makes.test.ts:95	b	named identifier; row of a specification table (majority of its lines)	-	-	no
T1	T1-0259	tests identifier	MARK_ROW [N:spec]	8	2	tests/contract/cr-618-the-mspdi-samples-read-as-managed-projects.contract.test.ts:70 tests/contract/cr-618-the-mspdi-samples-read-as-managed-projects.contract.test.ts:79 tests/contract/cr-618-the-mspdi-samples-read-as-managed-projects.contract.test.ts:82	b	named identifier; row of a specification table (majority of its lines)	-	-	no
T1	T1-0260	tests identifier	rowsAt [N:ui]	8	2	tests/contract/cr-654-ex-1-ex-13-ex-14-the-startup-sample-exports-in-the-reader-shape.contract.test.ts:17 tests/contract/cr-654-ex-1-ex-13-ex-14-the-startup-sample-exports-in-the-reader-shape.contract.test.ts:24 tests/contract/cr-654-ex-1-ex-13-ex-14-the-startup-sample-exports-in-the-reader-shape.contract.test.ts:45	b	named identifier; row of another on-screen table/list (majority of its lines)	-	-	no
T1	T1-0261	tests identifier	ROW_Q [tgfix]	8	2	tests/contract/cr-661-only-the-checked-tasks-are-laid-and-drawn.contract.test.ts:63 tests/contract/cr-661-only-the-checked-tasks-are-laid-and-drawn.contract.test.ts:120 tests/contract/cr-661-only-the-checked-tasks-are-laid-and-drawn.contract.test.ts:124	a	fixture TaskGroup id / document builder	タスクグループ	task-group id value / taskGroupDocument	no
T1	T1-0262	tests identifier	TYPED_ROW [spec]	8	1	tests/contract/cr-673-monochrome-swatches-font-size-stopped-line-arrow-head-and-field-notices.contract.test.ts:515 tests/contract/cr-673-monochrome-swatches-font-size-stopped-line-arrow-head-and-field-notices.contract.test.ts:523 tests/contract/cr-673-monochrome-swatches-font-size-stopped-line-arrow-head-and-field-notices.contract.test.ts:524	b	row of a specification table (spec reader / spec row id)	-	-	no
T1	T1-0263	tests identifier	HEAD_ROW [N:tg]	8	2	tests/contract/dfc-1230-the-continuation-send-moves-an-unplaced-view.contract.test.ts:171 tests/contract/dfc-1230-the-continuation-send-moves-an-unplaced-view.contract.test.ts:257 tests/contract/dfc-1230-the-continuation-send-moves-an-unplaced-view.contract.test.ts:406	a	named identifier; TaskGroup / chart row (majority of its lines)	タスクグループ	taskGroup	no
T1	T1-0264	tests identifier	threeRows [tgfix]	8	1	tests/contract/e24-paste-refused-while-several-rows-are-chosen.test.ts:60 tests/contract/e24-paste-refused-while-several-rows-are-chosen.test.ts:148 tests/contract/e24-paste-refused-while-several-rows-are-chosen.test.ts:152	a	fixture TaskGroup id / document builder	タスクグループ	task-group id value / taskGroupDocument	no
T1	T1-0265	tests identifier	everyRowOpenPressed [tg]	8	5	tests/contract/tree-state-machine.contract.test.ts:188 tests/system/cr-570-tree-state-on-the-large-sample.test.ts:52 tests/system/cr-570-tree-state-on-the-large-sample.test.ts:123	a	TaskGroup (the chart row) in test code	タスクグループ	taskGroup / TaskGroup / TASK_GROUP	no
T1	T1-0266	tests identifier	rowById [N:tg]	8	1	tests/system/cr-553-a-shown-control-group-stays-its-row.test.ts:193 tests/system/cr-553-a-shown-control-group-stays-its-row.test.ts:241 tests/system/cr-553-a-shown-control-group-stays-its-row.test.ts:242	a	named identifier; TaskGroup / chart row (majority of its lines)	タスクグループ	taskGroup	no
T1	T1-0267	tests identifier	SCREEN_ROW [N:spec]	8	4	tests/system/drawn-svg-normalization.sws.test.ts:17 tests/system/drawn-svg-normalization.sws.test.ts:31 tests/system/first-frame-is-the-settled-frame.test.ts:17	b	named identifier; row of a specification table (majority of its lines)	-	-	no
T1	T1-0268	tests identifier	EXPORT_ENTRY_ROW [ui]	8	1	tests/system/mspdi-normalization.sws.test.ts:25 tests/system/mspdi-normalization.sws.test.ts:223 tests/system/mspdi-normalization.sws.test.ts:226	b	row of another on-screen table/list (help, palette, roster, report, calendar)	-	-	no
T1	T1-0269	tests identifier	HASH_ROW [line]	8	1	tests/system/single-html-policy.sws.test.ts:21 tests/system/single-html-policy.sws.test.ts:210 tests/system/single-html-policy.sws.test.ts:212	b	a line of text	-	-	no
T1	T1-0270	tests identifier	rowBandsNow [band]	8	1	tests/system/user-reported-fixes.test.ts:1172 tests/system/user-reported-fixes.test.ts:1304 tests/system/user-reported-fixes.test.ts:1319	a	row band of a TaskGroup	タスクグループの帯	taskGroupBand	no
T1	T1-0271	tests identifier	ROW_AREA_TOP [area]	8	1	tests/unit/cr-408-the-property-panel-wraps-and-its-edge-can-be-held.test.ts:396 tests/unit/cr-408-the-property-panel-wraps-and-its-edge-can-be-held.test.ts:428 tests/unit/cr-408-the-property-panel-wraps-and-its-edge-can-be-held.test.ts:429	c	Row Area region name (no proposed wording)	タスクグループ領域?	taskGroupArea?	no
T1	T1-0272	tests identifier	rowPart [N:tg]	8	1	tests/unit/cr-551-focus-withdrawal-and-frame-colour.test.ts:225 tests/unit/cr-551-focus-withdrawal-and-frame-colour.test.ts:239 tests/unit/cr-551-focus-withdrawal-and-frame-colour.test.ts:249	a	named identifier; TaskGroup / chart row (majority of its lines)	タスクグループ	taskGroup	no
T1	T1-0273	tests identifier	rowOwners [tg]	8	1	tests/unit/cr-567-an-imported-leaf-task-sits-on-its-parents-row.test.ts:140 tests/unit/cr-567-an-imported-leaf-task-sits-on-its-parents-row.test.ts:156 tests/unit/cr-567-an-imported-leaf-task-sits-on-its-parents-row.test.ts:159	a	TaskGroup (the chart row) in test code	タスクグループ	taskGroup / TaskGroup / TASK_GROUP	no
T1	T1-0274	tests identifier	doubleClickRowName [tgname]	8	1	tests/unit/fr-085-double-click-a-row-name.test.ts:362 tests/unit/fr-085-double-click-a-row-name.test.ts:407 tests/unit/fr-085-double-click-a-row-name.test.ts:421	a	TaskGroup.label (row name)	タスクグループ名	taskGroupName	no
T1	T1-0275	tests identifier	ROW_TWO [tgfix]	8	2	tests/unit/t-024a-op-10-a-chosen-zoom-is-the-place.test.ts:257 tests/unit/t-024a-op-10-a-chosen-zoom-is-the-place.test.ts:313 tests/unit/t-024a-op-10-a-chosen-zoom-is-the-place.test.ts:316	a	fixture TaskGroup id / document builder	タスクグループ	task-group id value / taskGroupDocument	no
T1	T1-0276	tests identifier	ROW_BOX [tg]	8	1	tests/unit/t-051-hf-6-ground-under-the-row-controls.test.ts:858 tests/unit/t-051-hf-6-ground-under-the-row-controls.test.ts:864 tests/unit/t-051-hf-6-ground-under-the-row-controls.test.ts:1101	a	TaskGroup (the chart row) in test code	タスクグループ	taskGroup / TaskGroup / TASK_GROUP	no
T1	T1-0277	tests identifier	fileBearingOutDirectionRows [spec]	8	1	tests/unit/uf-47-48-choosers.test.ts:259 tests/unit/uf-47-48-choosers.test.ts:1663 tests/unit/uf-47-48-choosers.test.ts:1709	b	row of a specification table (spec reader / spec row id)	-	-	no
T1	T1-0278	tests identifier	S_95_ROW [N:spec]	8	2	tests/unit/uf-47-48-history-bytes.test.ts:216 tests/unit/uf-47-48-history-bytes.test.ts:222 tests/unit/uf-47-48-history-bytes.test.ts:223	b	named identifier; row of a specification table (majority of its lines)	-	-	no
T1	T1-0279	tests identifier	ROW_Y [tgfix]	8	2	tests/usecase/uc-001-place-a-task-and-set-its-period.test.ts:7 tests/usecase/uc-001-place-a-task-and-set-its-period.test.ts:23 tests/usecase/uc-001-place-a-task-and-set-its-period.test.ts:24	a	fixture TaskGroup id / document builder	タスクグループ	task-group id value / taskGroupDocument	no
T1	T1-0280	tests identifier	rowPath [N:ui]	7	2	tests/contract/cr-571-search-rows.contract.test.ts:64 tests/contract/cr-571-search-rows.contract.test.ts:344 tests/contract/cr-571-search-rows.contract.test.ts:345	b	named identifier; row of another on-screen table/list (majority of its lines)	-	-	no
T1	T1-0281	tests identifier	Row$ [css]	7	7	tests/contract/cr-577-a-row-zoom-in-below-the-floor-always-changes-the-picture.test.ts:253 tests/contract/cr-582-the-drawn-floor-of-a-row-follows-the-zoom.test.ts:123 tests/contract/cr-582-the-min-height-field-reads-the-current-height.test.ts:204	b	CSS/DOM/HTML table vocabulary	-	-	no
T1	T1-0282	tests identifier	row-name [tgname]	7	5	tests/contract/cr-582-the-drawn-floor-of-a-row-follows-the-zoom.test.ts:169 tests/contract/display-words.contract.test.ts:1164 tests/system/rows-fixed-with-nothing-holding-them.test.ts:56	a	TaskGroup.label (row name)	タスクグループ名	taskGroupName	no
T1	T1-0283	tests identifier	ROW_COLOURS [tg]	7	1	tests/contract/cr-586-the-row-colour-list-is-one-and-black-is-refused.test.ts:74 tests/contract/cr-586-the-row-colour-list-is-one-and-black-is-refused.test.ts:93 tests/contract/cr-586-the-row-colour-list-is-one-and-black-is-refused.test.ts:94	a	TaskGroup (the chart row) in test code	タスクグループ	taskGroup / TaskGroup / TASK_GROUP	no
T1	T1-0284	tests identifier	BL_1_ROW [N:tg]	7	1	tests/contract/cr-588-the-pre-change-plan-outline.contract.test.ts:38 tests/contract/cr-588-the-pre-change-plan-outline.contract.test.ts:338 tests/contract/cr-588-the-pre-change-plan-outline.contract.test.ts:378	a	named identifier; TaskGroup / chart row (majority of its lines)	タスクグループ	taskGroup	no
T1	T1-0285	tests identifier	Rows [tg]	7	6	tests/contract/cr-588-the-pre-change-plan-outline.contract.test.ts:138 tests/contract/document-invariants.contract.test.ts:488 tests/unit/fr-029-the-reason-a-press-carries.test.ts:260	a	TaskGroup / chart row (line context)	タスクグループ	taskGroup	no
T1	T1-0286	tests identifier	rowRevealAsked [tg]	7	2	tests/contract/cr-596-a-click-on-the-mark-jumps-and-marks-the-landing.contract.test.ts:179 tests/contract/tree-state-machine.contract.test.ts:195 tests/contract/tree-state-machine.contract.test.ts:197	a	TaskGroup (the chart row) in test code	タスクグループ	taskGroup / TaskGroup / TASK_GROUP	no
T1	T1-0287	tests identifier	PLANNED_ROW [N:spec]	7	1	tests/contract/cr-606-a-milestone-date-is-one-input.test.ts:52 tests/contract/cr-606-a-milestone-date-is-one-input.test.ts:94 tests/contract/cr-606-a-milestone-date-is-one-input.test.ts:102	b	named identifier; row of a specification table (majority of its lines)	-	-	no
T1	T1-0288	tests identifier	DELETE_EVERY_ROW [tg]	7	2	tests/contract/cr-608-delete-all-opens-level-zero.test.ts:49 tests/contract/cr-608-delete-all-opens-level-zero.test.ts:67 tests/contract/cr-608-delete-all-opens-level-zero.test.ts:132	a	TaskGroup (the chart row) in test code	タスクグループ	taskGroup / TaskGroup / TASK_GROUP	no
T1	T1-0289	tests identifier	settingsRowValue [spec]	7	1	tests/contract/dfc-355-the-four-rulings-of-2026-09-07.test.ts:472 tests/contract/dfc-355-the-four-rulings-of-2026-09-07.test.ts:483 tests/contract/dfc-355-the-four-rulings-of-2026-09-07.test.ts:484	b	row of a specification table (spec reader / spec row id)	-	-	no
T1	T1-0290	tests identifier	IV_ROWS [N:spec]	7	1	tests/contract/dfc-582-every-invariant-row-has-a-dictionary-entry.test.ts:26 tests/contract/dfc-582-every-invariant-row-has-a-dictionary-entry.test.ts:32 tests/contract/dfc-582-every-invariant-row-has-a-dictionary-entry.test.ts:33	b	named identifier; row of a specification table (majority of its lines)	-	-	no
T1	T1-0291	tests identifier	CLOSE_ROW [tg]	7	1	tests/contract/dfc-587-title-row-entries-are-drawn.test.ts:56 tests/contract/dfc-587-title-row-entries-are-drawn.test.ts:239 tests/contract/dfc-587-title-row-entries-are-drawn.test.ts:242	a	TaskGroup (the chart row) in test code	タスクグループ	taskGroup / TaskGroup / TASK_GROUP	no
T1	T1-0292	tests identifier	pickedRows [tg]	7	1	tests/contract/e24-paste-refused-while-several-rows-are-chosen.test.ts:81 tests/contract/e24-paste-refused-while-several-rows-are-chosen.test.ts:112 tests/contract/e24-paste-refused-while-several-rows-are-chosen.test.ts:128	a	TaskGroup (the chart row) in test code	タスクグループ	taskGroup / TaskGroup / TASK_GROUP	no
T1	T1-0293	tests identifier	machineRows [state]	7	3	tests/contract/state-machine-notices.contract.test.ts:94 tests/contract/state-machine-notices.contract.test.ts:104 tests/contract/state-machine-screen-values.contract.test.ts:93	b	row of a state-machine / transition table (spec)	-	-	no
T1	T1-0294	tests identifier	ROW_FOLD_ALL_BELOW [tg]	7	3	tests/system/cr-570-tree-state-drawing-and-arming.test.ts:14 tests/system/cr-570-tree-state-drawing-and-arming.test.ts:162 tests/system/cr-570-tree-state-drawing-and-arming.test.ts:163	a	TaskGroup (the chart row) in test code	タスクグループ	taskGroup / TaskGroup / TASK_GROUP	no
T1	T1-0295	tests identifier	ERP_PROGRAM_ROW [N:tg]	7	2	tests/system/cr-570-tree-state-on-the-large-sample.test.ts:9 tests/system/cr-570-tree-state-on-the-large-sample.test.ts:135 tests/system/cr-570-tree-state-on-the-large-sample.test.ts:208	a	named identifier; TaskGroup / chart row (majority of its lines)	タスクグループ	taskGroup	no
T1	T1-0296	tests identifier	chooseRow [N:tg]	7	3	tests/system/cr-570-tree-state-paste.test.ts:9 tests/system/cr-570-tree-state-paste.test.ts:75 tests/system/cr-570-tree-state-stage.ts:457	a	named identifier; TaskGroup / chart row (majority of its lines)	タスクグループ	taskGroup	no
T1	T1-0297	tests identifier	byGlyphRow [ui]	7	1	tests/system/cr-660-the-two-table-windows-on-the-shipped-build.test.ts:586 tests/system/cr-660-the-two-table-windows-on-the-shipped-build.test.ts:593 tests/system/cr-660-the-two-table-windows-on-the-shipped-build.test.ts:595	b	row of another on-screen table/list (help, palette, roster, report, calendar)	-	-	no
T1	T1-0298	tests identifier	COLOUR_ROWS [spec]	7	1	tests/system/cr-664-the-colour-rows-line-up-with-the-other-fields.test.ts:25 tests/system/cr-664-the-colour-rows-line-up-with-the-other-fields.test.ts:104 tests/system/cr-664-the-colour-rows-line-up-with-the-other-fields.test.ts:142	b	row of a specification table (spec reader / spec row id)	-	-	no
T1	T1-0299	tests identifier	headRow [N:tg]	7	1	tests/system/measured-sweep.test.ts:3979 tests/system/measured-sweep.test.ts:3981 tests/system/measured-sweep.test.ts:3986	a	named identifier; TaskGroup / chart row (majority of its lines)	タスクグループ	taskGroup	no
T1	T1-0300	tests identifier	childRow [tg]	7	1	tests/system/measured-sweep.test.ts:4017 tests/system/measured-sweep.test.ts:4019 tests/system/measured-sweep.test.ts:4024	a	TaskGroup (the chart row) in test code	タスクグループ	taskGroup / TaskGroup / TASK_GROUP	no
T1	T1-0301	tests identifier	SIBLING_ORDER_ROW [N:spec]	7	1	tests/system/mspdi-normalization.sws.test.ts:43 tests/system/mspdi-normalization.sws.test.ts:612 tests/system/mspdi-normalization.sws.test.ts:635	b	named identifier; row of a specification table (majority of its lines)	-	-	no
T1	T1-0302	tests identifier	FOLD_EVERY_ROW [tg]	7	1	tests/system/pinned-band-and-the-empty-document.test.ts:38 tests/system/pinned-band-and-the-empty-document.test.ts:298 tests/system/pinned-band-and-the-empty-document.test.ts:300	a	TaskGroup (the chart row) in test code	タスクグループ	taskGroup / TaskGroup / TASK_GROUP	no
T1	T1-0303	tests identifier	sameRow [N:tg]	7	1	tests/system/user-reported-fixes.test.ts:1493 tests/system/user-reported-fixes.test.ts:1495 tests/system/user-reported-fixes.test.ts:1498	a	named identifier; TaskGroup / chart row (majority of its lines)	タスクグループ	taskGroup	no
T1	T1-0304	tests identifier	rowIdOf [tg~]	7	4	tests/system/w3-t1-pinned-rows-that-do-not-fit.test.ts:9 tests/system/w3-t1-pinned-rows-that-do-not-fit.test.ts:18 tests/system/w3-t1-stage.ts:20	a	TaskGroup / chart row (line silent: file majority)	タスクグループ	taskGroup	no
T1	T1-0305	tests identifier	titleRow [ui]	7	2	tests/system/w3-t2-screen-clauses.test.ts:334 tests/system/w3-t2-screen-clauses.test.ts:335 tests/system/w3-t2-screen-clauses.test.ts:338	b	row of another on-screen table/list (help, palette, roster, report, calendar)	-	-	no
T1	T1-0306	tests identifier	ROW_AREA_HEIGHT [area]	7	1	tests/unit/cr-408-the-property-panel-wraps-and-its-edge-can-be-held.test.ts:397 tests/unit/cr-408-the-property-panel-wraps-and-its-edge-can-be-held.test.ts:428 tests/unit/cr-408-the-property-panel-wraps-and-its-edge-can-be-held.test.ts:429	c	Row Area region name (no proposed wording)	タスクグループ領域?	taskGroupArea?	no
T1	T1-0307	tests identifier	canOpenEveryRow [tg]	7	3	tests/unit/cr-541-row-title-panel-open-all-and-reset.test.ts:159 tests/unit/t-015-t-051-the-four-folding-controls.test.ts:590 tests/unit/t-015-t-051-the-four-folding-controls.test.ts:1314	a	TaskGroup (the chart row) in test code	タスクグループ	taskGroup / TaskGroup / TASK_GROUP	no
T1	T1-0308	tests identifier	FILL_ROW [N:ui]	7	1	tests/unit/cr-551-monochrome-swatches.test.ts:53 tests/unit/cr-551-monochrome-swatches.test.ts:215 tests/unit/cr-551-monochrome-swatches.test.ts:257	b	named identifier; row of another on-screen table/list (majority of its lines)	-	-	no
T1	T1-0309	tests identifier	EVERY_ROW [N:tg]	7	1	tests/unit/t-015-t-051-the-four-folding-controls.test.ts:267 tests/unit/t-015-t-051-the-four-folding-controls.test.ts:715 tests/unit/t-015-t-051-the-four-folding-controls.test.ts:905	a	named identifier; TaskGroup / chart row (majority of its lines)	タスクグループ	taskGroup	no
T1	T1-0310	tests identifier	emptyRowDocument [tgfix]	7	1	tests/unit/t-109-milestone-entrances-arm-their-glyph.test.ts:358 tests/unit/t-109-milestone-entrances-arm-their-glyph.test.ts:598 tests/unit/t-109-milestone-entrances-arm-their-glyph.test.ts:670	a	fixture TaskGroup id / document builder	タスクグループ	task-group id value / taskGroupDocument	no
T1	T1-0311	tests identifier	twoRows [tgfix]	7	1	tests/unit/uf-72-screen-part.test.ts:2629 tests/unit/uf-72-screen-part.test.ts:2654 tests/unit/uf-72-screen-part.test.ts:2698	a	fixture TaskGroup id / document builder	タスクグループ	task-group id value / taskGroupDocument	no
T1	T1-0312	tests identifier	T_266_NO_OTHER_ROW [N:spec]	6	1	tests/contract/cr-430-ga-1-to-22-grab-areas.test.ts:39 tests/contract/cr-430-ga-1-to-22-grab-areas.test.ts:136 tests/contract/cr-430-ga-1-to-22-grab-areas.test.ts:139	b	named identifier; row of a specification table (majority of its lines)	-	-	no
T1	T1-0313	tests identifier	grabAreaRows [N:tg]	6	3	tests/contract/cr-430-table-pk-the-pointer-shapes.test.ts:10 tests/contract/cr-430-table-pk-the-pointer-shapes.test.ts:395 tests/system/cr-430-labels-and-hidden-things-sweep.test.ts:16	a	named identifier; TaskGroup / chart row (majority of its lines)	タスクグループ	taskGroup	no
T1	T1-0314	tests identifier	PK_ROWS [N:spec]	6	1	tests/contract/cr-430-table-pk-the-pointer-shapes.test.ts:55 tests/contract/cr-430-table-pk-the-pointer-shapes.test.ts:56 tests/contract/cr-430-table-pk-the-pointer-shapes.test.ts:57	b	named identifier; row of a specification table (majority of its lines)	-	-	no
T1	T1-0315	tests identifier	IMAGE_ROWS [spec]	6	1	tests/contract/cr-430-table-pk-the-pointer-shapes.test.ts:57 tests/contract/cr-430-table-pk-the-pointer-shapes.test.ts:107 tests/contract/cr-430-table-pk-the-pointer-shapes.test.ts:275	b	row of a specification table (spec reader / spec row id)	-	-	no
T1	T1-0316	tests identifier	titleRowOf [ui]	6	1	tests/contract/cr-571-search-panel-view.test.ts:284 tests/contract/cr-571-search-panel-view.test.ts:426 tests/contract/cr-571-search-panel-view.test.ts:454	b	row of another on-screen table/list (help, palette, roster, report, calendar)	-	-	no
T1	T1-0317	tests identifier	TaskSearchRow [search]	6	3	tests/contract/cr-571-search-rows.contract.test.ts:14 tests/contract/cr-571-search-rows.contract.test.ts:195 tests/contract/cr-571-search-rows.contract.test.ts:197	b	search-result row (SearchRow), not a TaskGroup	-	-	no
T1	T1-0318	tests identifier	rowOfT212 [spec]	6	2	tests/contract/cr-576-two-hint-waits-and-the-dismissed-hint.contract.test.ts:45 tests/contract/cr-576-two-hint-waits-and-the-dismissed-hint.contract.test.ts:53 tests/contract/cr-576-two-hint-waits-and-the-dismissed-hint.contract.test.ts:54	b	row of a specification table (spec reader / spec row id)	-	-	no
T1	T1-0319	tests identifier	openRow [N:tg]	6	2	tests/contract/cr-582-the-min-height-field-reads-the-current-height.test.ts:318 tests/contract/cr-582-the-min-height-field-reads-the-current-height.test.ts:384 tests/contract/cr-582-the-min-height-field-reads-the-current-height.test.ts:476	a	named identifier; TaskGroup / chart row (majority of its lines)	タスクグループ	taskGroup	no
T1	T1-0320	tests identifier	TIER_OF_ROW [spec]	6	1	tests/contract/cr-584-the-picture-is-painted-on-the-ground-colour.test.ts:102 tests/contract/cr-584-the-picture-is-painted-on-the-ground-colour.test.ts:131 tests/contract/cr-584-the-picture-is-painted-on-the-ground-colour.test.ts:143	b	row of a specification table (spec reader / spec row id)	-	-	no
T1	T1-0321	tests identifier	T236Row [spec]	6	2	tests/contract/cr-585-monochrome-greys-the-chrome-and-ground.test.ts:79 tests/contract/cr-585-monochrome-greys-the-chrome-and-ground.test.ts:88 tests/contract/cr-585-monochrome-greys-the-chrome-and-ground.test.ts:114	b	row of a specification table (spec reader / spec row id)	-	-	no
T1	T1-0322	tests identifier	DRAWN_FIXED_ROWS [N:spec]	6	1	tests/contract/cr-592-monochrome-greys-every-t-236-row.test.ts:216 tests/contract/cr-592-monochrome-greys-every-t-236-row.test.ts:234 tests/contract/cr-592-monochrome-greys-every-t-236-row.test.ts:251	b	named identifier; row of a specification table (majority of its lines)	-	-	no
T1	T1-0323	tests identifier	theOneRow [N:tg]	6	1	tests/contract/cr-608-delete-all-opens-level-zero.test.ts:282 tests/contract/cr-608-delete-all-opens-level-zero.test.ts:323 tests/contract/cr-608-delete-all-opens-level-zero.test.ts:328	a	named identifier; TaskGroup / chart row (majority of its lines)	タスクグループ	taskGroup	no
T1	T1-0324	tests identifier	row-boundary [tg]	6	2	tests/contract/cr-657-group-grid-lines-across-the-row-title-panel.test.ts:53 tests/contract/cr-657-group-grid-lines-across-the-row-title-panel.test.ts:192 tests/system/cr-657-group-grid-lines-across-the-row-title-panel.test.ts:1	a	TaskGroup (the chart row) in test code	タスクグループ	taskGroup / TaskGroup / TASK_GROUP	no
T1	T1-0325	tests identifier	PALETTE_ALIGN_ROWS [ui]	6	2	tests/contract/cr-665-help-columns-and-the-moved-palette-block.contract.test.ts:54 tests/contract/cr-665-help-columns-and-the-moved-palette-block.contract.test.ts:168 tests/contract/cr-665-help-columns-and-the-moved-palette-block.contract.test.ts:180	b	row of another on-screen table/list (help, palette, roster, report, calendar)	-	-	no
T1	T1-0326	tests identifier	ROW_GROUP [tg]	6	2	tests/contract/cr-667-percent-complete-counts-both-end-days.contract.test.ts:143 tests/contract/cr-667-percent-complete-counts-both-end-days.contract.test.ts:155 tests/contract/cr-667-percent-complete-counts-both-end-days.contract.test.ts:157	a	TaskGroup (the chart row) in test code	タスクグループ	taskGroup / TaskGroup / TASK_GROUP	no
T1	T1-0327	tests identifier	ASPECT_ROWS [N:spec]	6	1	tests/contract/cr-670-the-report-joins-dates-with-a-dash-and-speaks-reasons-in-words.contract.test.ts:70 tests/contract/cr-670-the-report-joins-dates-with-a-dash-and-speaks-reasons-in-words.contract.test.ts:161 tests/contract/cr-670-the-report-joins-dates-with-a-dash-and-speaks-reasons-in-words.contract.test.ts:162	b	named identifier; row of a specification table (majority of its lines)	-	-	no
T1	T1-0328	tests identifier	fillRowTitleTree [panel]	6	2	tests/contract/dfc-1720-a-row-control-tip-sits-under-its-row.test.ts:6 tests/contract/dfc-1720-a-row-control-tip-sits-under-its-row.test.ts:37 tests/unit/uf-105-fill-row-title-tree.test.ts:1	a	Row Title Panel (U-22) in test code	タスクグループパネル	taskGroupPanel / Task Group Panel	no
T1	T1-0329	tests identifier	highlightRows [N:tg]	6	1	tests/contract/dfc-2030-a-body-drag-moves-the-selected-boxes.contract.test.ts:97 tests/contract/dfc-2030-a-body-drag-moves-the-selected-boxes.contract.test.ts:150 tests/contract/dfc-2030-a-body-drag-moves-the-selected-boxes.contract.test.ts:151	a	named identifier; TaskGroup / chart row (majority of its lines)	タスクグループ	taskGroup	no
T1	T1-0330	tests identifier	CHILD_ROW [N:tg]	6	1	tests/contract/dfc-290-d-321-fr-033-copy-and-paste-reach-the-document.test.ts:218 tests/contract/dfc-290-d-321-fr-033-copy-and-paste-reach-the-document.test.ts:288 tests/contract/dfc-290-d-321-fr-033-copy-and-paste-reach-the-document.test.ts:291	a	named identifier; TaskGroup / chart row (majority of its lines)	タスクグループ	taskGroup	no
T1	T1-0331	tests identifier	armRowOfEntry [N:spec]	6	1	tests/contract/dfc-295-entering-the-dual-cursor-drops-the-arm.test.ts:150 tests/contract/dfc-295-entering-the-dual-cursor-drops-the-arm.test.ts:358 tests/contract/dfc-295-entering-the-dual-cursor-drops-the-arm.test.ts:451	b	named identifier; row of a specification table (majority of its lines)	-	-	no
T1	T1-0332	tests identifier	HELP_LANGUAGE_ROW [ui]	6	1	tests/contract/dfc-587-title-row-entries-are-drawn.test.ts:57 tests/contract/dfc-587-title-row-entries-are-drawn.test.ts:239 tests/contract/dfc-587-title-row-entries-are-drawn.test.ts:255	b	row of another on-screen table/list (help, palette, roster, report, calendar)	-	-	no
T1	T1-0333	tests identifier	fieldRowOf [field]	6	1	tests/contract/dfc-806-double-clicking-a-highlight-box-focuses-its-frame-colour.test.ts:294 tests/contract/dfc-806-double-clicking-a-highlight-box-focuses-its-frame-colour.test.ts:311 tests/contract/dfc-806-double-clicking-a-highlight-box-focuses-its-frame-colour.test.ts:317	b	properties/settings panel field row, not a TaskGroup	-	-	no
T1	T1-0334	tests identifier	t109Row [spec]	6	1	tests/contract/display-words.contract.test.ts:508 tests/contract/display-words.contract.test.ts:512 tests/contract/display-words.contract.test.ts:514	b	row of a specification table (spec reader / spec row id)	-	-	no
T1	T1-0335	tests identifier	ROW_PICKED [tg]	6	1	tests/contract/display-words.contract.test.ts:1203 tests/contract/display-words.contract.test.ts:1210 tests/contract/display-words.contract.test.ts:1224	a	TaskGroup (the chart row) in test code	タスクグループ	taskGroup / TaskGroup / TASK_GROUP	no
T1	T1-0336	tests identifier	tnRow [state]	6	2	tests/contract/state-machine-notices.contract.test.ts:69 tests/contract/state-machine-notices.contract.test.ts:92 tests/contract/state-machine-notices.contract.test.ts:98	b	row of a state-machine / transition table (spec)	-	-	no
T1	T1-0337	tests identifier	rootRows [N:spec]	6	3	tests/contract/state-machine-notices.contract.test.ts:91 tests/contract/state-machine-notices.contract.test.ts:104 tests/contract/state-machine-screen-values.contract.test.ts:90	b	named identifier; row of a specification table (majority of its lines)	-	-	no
T1	T1-0338	tests identifier	selfRow [tg]	6	2	tests/contract/state-machine-notices.contract.test.ts:295 tests/contract/state-machine-notices.contract.test.ts:299 tests/contract/state-machine-notices.contract.test.ts:300	a	TaskGroup (the chart row) in test code	タスクグループ	taskGroup / TaskGroup / TASK_GROUP	no
T1	T1-0339	tests identifier	row-a [tgfix]	6	3	tests/contract/w3-t3-a-row-title-width-saved-unchanged-is-no-edit.test.ts:27 tests/contract/w3-t3-enter-and-the-two-selections.test.ts:37 tests/unit/h4-several-copied-tasks-paste-back.test.ts:102	a	fixture TaskGroup id / document builder	タスクグループ	task-group id value / taskGroupDocument	no
T1	T1-0340	tests identifier	twoRowDraft [tgfix]	6	1	tests/contract/w3-t4-a-saved-export-span-draws-one-picture.test.ts:73 tests/contract/w3-t4-a-saved-export-span-draws-one-picture.test.ts:112 tests/contract/w3-t4-a-saved-export-span-draws-one-picture.test.ts:296	a	fixture TaskGroup id / document builder	タスクグループ	task-group id value / taskGroupDocument	no
T1	T1-0341	tests identifier	allRows [N:tg]	6	2	tests/integration/schedule-drawing.sws.test.ts:390 tests/integration/schedule-drawing.sws.test.ts:400 tests/integration/schedule-drawing.sws.test.ts:402	a	named identifier; TaskGroup / chart row (majority of its lines)	タスクグループ	taskGroup	no
T1	T1-0342	tests identifier	rowBox [tg]	6	2	tests/system/cr-553-a-shown-control-group-stays-its-row.test.ts:209 tests/system/cr-553-a-shown-control-group-stays-its-row.test.ts:210 tests/system/cr-553-a-shown-control-group-stays-its-row.test.ts:211	a	TaskGroup (the chart row) in test code	タスクグループ	taskGroup / TaskGroup / TASK_GROUP	no
T1	T1-0343	tests identifier	REASON_ROWS [spec]	6	2	tests/system/display-words-reasons-and-watermark.test.ts:122 tests/system/display-words-reasons-and-watermark.test.ts:380 tests/system/display-words-reasons-and-watermark.test.ts:388	b	row of a specification table (spec reader / spec row id)	-	-	no
T1	T1-0344	tests identifier	firstRowTop [tg]	6	1	tests/system/measured-sweep.test.ts:1077 tests/system/measured-sweep.test.ts:1081 tests/system/measured-sweep.test.ts:1106	a	TaskGroup (the chart row) in test code	タスクグループ	taskGroup / TaskGroup / TASK_GROUP	no
T1	T1-0345	tests identifier	rowSpans [N:tg]	6	1	tests/system/nfr-004-file-scheme-sweep.sws.test.ts:642 tests/system/nfr-004-file-scheme-sweep.sws.test.ts:668 tests/system/nfr-004-file-scheme-sweep.sws.test.ts:671	a	named identifier; TaskGroup / chart row (majority of its lines)	タスクグループ	taskGroup	no
T1	T1-0346	tests identifier	openPanelOnRow [N:tg]	6	1	tests/system/rows-fixed-with-nothing-holding-them.test.ts:352 tests/system/rows-fixed-with-nothing-holding-them.test.ts:483 tests/system/rows-fixed-with-nothing-holding-them.test.ts:504	a	named identifier; TaskGroup / chart row (majority of its lines)	タスクグループ	taskGroup	no
T1	T1-0347	tests identifier	readDocumentRowIds [api]	6	1	tests/system/three-rows-read-from-the-spec-alone.test.ts:562 tests/system/three-rows-read-from-the-spec-alone.test.ts:576 tests/system/three-rows-read-from-the-spec-alone.test.ts:757	c	Agent API / ScreenSession field name (contract)	タスクグループ（API名は利用者判断）	taskGroup... (API name, user decides)	no
T1	T1-0348	tests identifier	FR_096_WIDTH_FROM_THE_ROW [N:spec]	6	1	tests/system/w3-t5-header-palette-chooser-and-open-rules.test.ts:22 tests/system/w3-t5-header-palette-chooser-and-open-rules.test.ts:178 tests/system/w3-t5-header-palette-chooser-and-open-rules.test.ts:199	b	named identifier; row of a specification table (majority of its lines)	-	-	no
T1	T1-0349	tests identifier	rowFor [N:spec]	6	1	tests/unit/cr-383-fr-009-the-dependency-line-follows-the-pointer.test.ts:80 tests/unit/cr-383-fr-009-the-dependency-line-follows-the-pointer.test.ts:88 tests/unit/cr-383-fr-009-the-dependency-line-follows-the-pointer.test.ts:93	b	named identifier; row of a specification table (majority of its lines)	-	-	no
T1	T1-0350	tests identifier	canAddChildRow [tg]	6	5	tests/unit/cr-439-row-title-panel-controls-and-pins.test.ts:106 tests/unit/cr-541-row-title-panel-open-all-and-reset.test.ts:182 tests/unit/t-015-t-051-the-four-folding-controls.test.ts:580	a	TaskGroup (the chart row) in test code	タスクグループ	taskGroup / TaskGroup / TASK_GROUP	no
T1	T1-0351	tests identifier	foldedRowCount [N:tg]	6	3	tests/unit/cr-439-row-title-panel-controls-and-pins.test.ts:147 tests/unit/cr-439-row-title-panel-controls-and-pins.test.ts:189 tests/unit/cr-439-row-title-panel-controls-and-pins.test.ts:198	a	named identifier; TaskGroup / chart row (majority of its lines)	タスクグループ	taskGroup	no
T1	T1-0352	tests identifier	rowColour [tg]	6	1	tests/unit/cr-551-delete-all-rows-date-fields-and-colour-field.test.ts:589 tests/unit/cr-551-delete-all-rows-date-fields-and-colour-field.test.ts:590 tests/unit/cr-551-delete-all-rows-date-fields-and-colour-field.test.ts:667	a	TaskGroup (the chart row) in test code	タスクグループ	taskGroup / TaskGroup / TASK_GROUP	no
T1	T1-0353	tests identifier	t016RowOf [spec]	6	1	tests/unit/cr-551-row-fields-keys-and-colour-field-settles.test.ts:39 tests/unit/cr-551-row-fields-keys-and-colour-field-settles.test.ts:209 tests/unit/cr-551-row-fields-keys-and-colour-field-settles.test.ts:275	b	row of a specification table (spec reader / spec row id)	-	-	no
T1	T1-0354	tests identifier	rowIdsIn [N:spec]	6	1	tests/unit/t-023d-follows-the-pointer.test.ts:218 tests/unit/t-023d-follows-the-pointer.test.ts:282 tests/unit/t-023d-follows-the-pointer.test.ts:303	b	named identifier; row of a specification table (majority of its lines)	-	-	no
T1	T1-0355	tests identifier	holdsTheRequiredRow [spec]	6	1	tests/unit/t-050-a-document-always-holds-one-row.test.ts:252 tests/unit/t-050-a-document-always-holds-one-row.test.ts:283 tests/unit/t-050-a-document-always-holds-one-row.test.ts:295	b	row of a specification table (spec reader / spec row id)	-	-	no
T1	T1-0356	tests identifier	DEFAULT_ROW_NAME_WORD [tgname]	6	1	tests/unit/t-051-hf-17-adding-a-row-walks-the-rename-road.test.ts:198 tests/unit/t-051-hf-17-adding-a-row-walks-the-rename-road.test.ts:539 tests/unit/t-051-hf-17-adding-a-row-walks-the-rename-road.test.ts:540	a	TaskGroup.label (row name)	タスクグループ名	taskGroupName	no
T1	T1-0357	tests identifier	T_076_ROWS [N:tg]	6	1	tests/unit/uf-39-40.test.ts:65 tests/unit/uf-39-40.test.ts:961 tests/unit/uf-39-40.test.ts:1095	a	named identifier; TaskGroup / chart row (majority of its lines)	タスクグループ	taskGroup	no
T1	T1-0358	tests identifier	outDirectionRows [spec]	6	1	tests/unit/uf-47-48-choosers.test.ts:227 tests/unit/uf-47-48-choosers.test.ts:260 tests/unit/uf-47-48-choosers.test.ts:1739	b	row of a specification table (spec reader / spec row id)	-	-	no
T1	T1-0359	tests identifier	HELD_ROWS [N:ui]	6	1	tests/unit/uf-47-48.test.ts:269 tests/unit/uf-47-48.test.ts:1655 tests/unit/uf-47-48.test.ts:1675	b	named identifier; row of another on-screen table/list (majority of its lines)	-	-	no
T1	T1-0360	tests identifier	AN_EXTENSION_NO_ROW_CARRIES [spec]	6	1	tests/unit/uf-51.test.ts:51 tests/unit/uf-51.test.ts:791 tests/unit/uf-51.test.ts:802	b	row of a specification table (spec reader / spec row id)	-	-	no
T1	T1-0361	tests identifier	rowOpenOneLevel [tg]	6	1	tests/unit/uf-72-screen-part.test.ts:1463 tests/unit/uf-72-screen-part.test.ts:2457 tests/unit/uf-72-screen-part.test.ts:2685	a	TaskGroup (the chart row) in test code	タスクグループ	taskGroup / TaskGroup / TASK_GROUP	no
T1	T1-0362	tests identifier	DRIVEN_ROWS [N:spec]	6	1	tests/unit/uf-8-9-replace-document.test.ts:160 tests/unit/uf-8-9-replace-document.test.ts:954 tests/unit/uf-8-9-replace-document.test.ts:1006	b	named identifier; row of a specification table (majority of its lines)	-	-	no
T1	T1-0363	tests identifier	row-$ [tgfix]	5	4	tests/contract/cr-541-wheel-escape-select-all-and-display-scale.test.ts:43 tests/system/w3-t1-pinned-rows-that-do-not-fit.test.ts:49 tests/unit/uf-47-48.test.ts:1221	a	fixture TaskGroup id / document builder	タスクグループ	task-group id value / taskGroupDocument	no
T1	T1-0364	tests identifier	rowNameOf [tgname]	5	1	tests/contract/cr-571-search-rows.contract.test.ts:1 tests/contract/cr-571-search-rows.contract.test.ts:10 tests/contract/cr-571-search-rows.contract.test.ts:349	a	TaskGroup.label (row name)	タスクグループ名	taskGroupName	no
T1	T1-0365	tests identifier	drawnRowsAt [tg]	5	1	tests/contract/cr-577-a-row-zoom-in-below-the-floor-always-changes-the-picture.test.ts:127 tests/contract/cr-577-a-row-zoom-in-below-the-floor-always-changes-the-picture.test.ts:162 tests/contract/cr-577-a-row-zoom-in-below-the-floor-always-changes-the-picture.test.ts:166	a	TaskGroup (the chart row) in test code	タスクグループ	taskGroup / TaskGroup / TASK_GROUP	no
T1	T1-0366	tests identifier	inheritedRowOf [N:spec]	5	2	tests/contract/cr-585-monochrome-greys-the-chrome-and-ground.test.ts:105 tests/contract/cr-585-monochrome-greys-the-chrome-and-ground.test.ts:379 tests/contract/cr-592-monochrome-greys-every-t-236-row.test.ts:96	b	named identifier; row of a specification table (majority of its lines)	-	-	no
T1	T1-0367	tests identifier	HUE_ROWS [spec]	5	1	tests/contract/cr-585-monochrome-greys-the-chrome-and-ground.test.ts:112 tests/contract/cr-585-monochrome-greys-the-chrome-and-ground.test.ts:229 tests/contract/cr-585-monochrome-greys-the-chrome-and-ground.test.ts:230	b	row of a specification table (spec reader / spec row id)	-	-	no
T1	T1-0368	tests identifier	T366_SHIFTED_ROWS [N:spec]	5	2	tests/contract/cr-585-monochrome-greys-the-chrome-and-ground.test.ts:173 tests/contract/cr-585-monochrome-greys-the-chrome-and-ground.test.ts:307 tests/contract/cr-585-monochrome-greys-the-chrome-and-ground.test.ts:387	b	named identifier; row of a specification table (majority of its lines)	-	-	no
T1	T1-0369	tests identifier	setRowColour [tg]	5	1	tests/contract/cr-586-the-row-colour-list-is-one-and-black-is-refused.test.ts:122 tests/contract/cr-586-the-row-colour-list-is-one-and-black-is-refused.test.ts:129 tests/contract/cr-586-the-row-colour-list-is-one-and-black-is-refused.test.ts:135	a	TaskGroup (the chart row) in test code	タスクグループ	taskGroup / TaskGroup / TASK_GROUP	no
T1	T1-0370	tests identifier	rowsFor [N:tg]	5	1	tests/contract/cr-606-the-panel-rows-follow-t-016.test.ts:107 tests/contract/cr-606-the-panel-rows-follow-t-016.test.ts:116 tests/contract/cr-606-the-panel-rows-follow-t-016.test.ts:120	a	named identifier; TaskGroup / chart row (majority of its lines)	タスクグループ	taskGroup	no
T1	T1-0371	tests identifier	DEPENDENCY_ROWS [spec]	5	1	tests/contract/cr-606-the-panel-rows-follow-t-016.test.ts:289 tests/contract/cr-606-the-panel-rows-follow-t-016.test.ts:298 tests/contract/cr-606-the-panel-rows-follow-t-016.test.ts:302	b	row of a specification table (spec reader / spec row id)	-	-	no
T1	T1-0372	tests identifier	rowOfColumn [spec]	5	1	tests/contract/cr-606-the-panel-rows-follow-t-016.test.ts:308 tests/contract/cr-606-the-panel-rows-follow-t-016.test.ts:316 tests/contract/cr-606-the-panel-rows-follow-t-016.test.ts:317	b	row of a specification table (spec reader / spec row id)	-	-	no
T1	T1-0373	tests identifier	addedRowOf [tg]	5	1	tests/contract/cr-608-an-added-row-opens-until-the-view-shrinks.test.ts:141 tests/contract/cr-608-an-added-row-opens-until-the-view-shrinks.test.ts:202 tests/contract/cr-608-an-added-row-opens-until-the-view-shrinks.test.ts:248	a	TaskGroup (the chart row) in test code	タスクグループ	taskGroup / TaskGroup / TASK_GROUP	no
T1	T1-0374	tests identifier	deleteEveryRow [N:tg]	5	1	tests/contract/cr-608-delete-all-opens-level-zero.test.ts:131 tests/contract/cr-608-delete-all-opens-level-zero.test.ts:150 tests/contract/cr-608-delete-all-opens-level-zero.test.ts:167	a	named identifier; TaskGroup / chart row (majority of its lines)	タスクグループ	taskGroup	no
T1	T1-0375	tests identifier	LEFT_OFF_ROWS [N:spec]	5	2	tests/contract/cr-665-help-columns-and-the-moved-palette-block.contract.test.ts:60 tests/contract/cr-665-help-columns-and-the-moved-palette-block.contract.test.ts:208 tests/contract/cr-665-help-columns-and-the-moved-palette-block.contract.test.ts:213	b	named identifier; row of a specification table (majority of its lines)	-	-	no
T1	T1-0376	tests identifier	extensionOfRow [spec]	5	1	tests/contract/dfc-1722-jdg-1165-the-save-chooser-names-one-extension.test.ts:16 tests/contract/dfc-1722-jdg-1165-the-save-chooser-names-one-extension.test.ts:56 tests/contract/dfc-1722-jdg-1165-the-save-chooser-names-one-extension.test.ts:62	b	row of a specification table (spec reader / spec row id)	-	-	no
T1	T1-0377	tests identifier	commentRow [search]	5	1	tests/contract/dfc-2030-a-body-drag-moves-the-selected-boxes.contract.test.ts:98 tests/contract/dfc-2030-a-body-drag-moves-the-selected-boxes.contract.test.ts:136 tests/contract/dfc-2030-a-body-drag-moves-the-selected-boxes.contract.test.ts:342	b	search-result row (SearchRow), not a TaskGroup	-	-	no
T1	T1-0378	tests identifier	HB_5_ROWS [N:tg]	5	1	tests/contract/dfc-568-gr-14-corners-anchor-and-body.test.ts:128 tests/contract/dfc-568-gr-14-corners-anchor-and-body.test.ts:607 tests/contract/dfc-568-gr-14-corners-anchor-and-body.test.ts:868	a	named identifier; TaskGroup / chart row (majority of its lines)	タスクグループ	taskGroup	no
T1	T1-0379	tests identifier	LEGEND_ROW [ui]	5	1	tests/contract/dfc-587-title-row-entries-are-drawn.test.ts:55 tests/contract/dfc-587-title-row-entries-are-drawn.test.ts:61 tests/contract/dfc-587-title-row-entries-are-drawn.test.ts:73	b	row of another on-screen table/list (help, palette, roster, report, calendar)	-	-	no
T1	T1-0380	tests identifier	MINIMISE_ROW [N:tg]	5	1	tests/contract/dfc-587-title-row-entries-are-drawn.test.ts:58 tests/contract/dfc-587-title-row-entries-are-drawn.test.ts:239 tests/contract/dfc-587-title-row-entries-are-drawn.test.ts:255	a	named identifier; TaskGroup / chart row (majority of its lines)	タスクグループ	taskGroup	no
T1	T1-0381	tests identifier	panelRows [field]	5	2	tests/contract/dfc-806-double-clicking-a-highlight-box-focuses-its-frame-colour.test.ts:220 tests/contract/dfc-806-double-clicking-a-highlight-box-focuses-its-frame-colour.test.ts:250 tests/contract/dfc-806-double-clicking-a-highlight-box-focuses-its-frame-colour.test.ts:279	b	properties/settings panel field row, not a TaskGroup	-	-	no
T1	T1-0382	tests identifier	THE_ROW [N:tg]	5	1	tests/contract/display-words.contract.test.ts:1186 tests/contract/display-words.contract.test.ts:1192 tests/contract/display-words.contract.test.ts:1205	a	named identifier; TaskGroup / chart row (majority of its lines)	タスクグループ	taskGroup	no
T1	T1-0383	tests identifier	SEVERAL_TARGET_ROWS_REFUSED [N:tg]	5	1	tests/contract/e24-paste-refused-while-several-rows-are-chosen.test.ts:18 tests/contract/e24-paste-refused-while-several-rows-are-chosen.test.ts:33 tests/contract/e24-paste-refused-while-several-rows-are-chosen.test.ts:147	a	named identifier; TaskGroup / chart row (majority of its lines)	タスクグループ	taskGroup	no
T1	T1-0384	tests identifier	INK_BY_ROW [N:spec]	5	1	tests/contract/fr-029-glyph-coordinate-system.contract.test.ts:553 tests/contract/fr-029-glyph-coordinate-system.contract.test.ts:558 tests/contract/fr-029-glyph-coordinate-system.contract.test.ts:568	b	named identifier; row of a specification table (majority of its lines)	-	-	no
T1	T1-0385	tests identifier	enRow [ui]	5	1	tests/contract/fr-029-in-effect-is-filled-not-rimmed.test.ts:163 tests/contract/fr-029-in-effect-is-filled-not-rimmed.test.ts:164 tests/contract/fr-029-in-effect-is-filled-not-rimmed.test.ts:165	b	row of another on-screen table/list (help, palette, roster, report, calendar)	-	-	no
T1	T1-0386	tests identifier	row [undet]	5	3	tests/contract/state-machine-file-flow.contract.test.ts:85 tests/contract/state-machine-file-flow.contract.test.ts:86 tests/contract/state-machine-unsaved-edits.contract.test.ts:68	c	meaning not determinable from line or file	要判断	ask	no
T1	T1-0387	tests identifier	rowGrabStrip [tg]	5	1	tests/contract/state-machine-gesture.contract.test.ts:85 tests/contract/state-machine-gesture.contract.test.ts:113 tests/contract/state-machine-gesture.contract.test.ts:142	a	TaskGroup (the chart row) in test code	タスクグループ	taskGroup / TaskGroup / TASK_GROUP	no
T1	T1-0388	tests identifier	EvRow [spec]	5	2	tests/contract/state-machine-notices.contract.test.ts:24 tests/contract/state-machine-notices.contract.test.ts:37 tests/contract/state-machine-screen-values.contract.test.ts:24	b	row of a specification table (spec reader / spec row id)	-	-	no
T1	T1-0389	tests identifier	rosterRow [ui]	5	2	tests/contract/t-012-sh-5-glyph-binding.test.ts:112 tests/contract/t-012-sh-5-glyph-binding.test.ts:187 tests/unit/cr-551-header-roster-tooltips-and-scrollbars.test.ts:207	b	row of another on-screen table/list (help, palette, roster, report, calendar)	-	-	no
T1	T1-0390	tests identifier	two-row [tg]	5	4	tests/contract/w3-t4-a-saved-export-span-draws-one-picture.test.ts:129 tests/contract/w3-t4-a-saved-export-span-draws-one-picture.test.ts:264 tests/unit/fr-027-startup-shows-its-depth.test.ts:17	a	TaskGroup (the chart row) in test code	タスクグループ	taskGroup / TaskGroup / TASK_GROUP	no
T1	T1-0391	tests identifier	finestRowTicksOf [N:tg]	5	1	tests/integration/schedule-drawing.sws.test.ts:563 tests/integration/schedule-drawing.sws.test.ts:735 tests/integration/schedule-drawing.sws.test.ts:766	a	named identifier; TaskGroup / chart row (majority of its lines)	タスクグループ	taskGroup	no
T1	T1-0392	tests identifier	data-row-grab [tg]	5	5	tests/system/cr-381-row-names-drawn-at-their-own-size.test.ts:113 tests/system/cr-570-tree-state-stage.ts:467 tests/system/duplicate-paste-and-dual-cursor.test.ts:482	a	TaskGroup (the chart row) in test code	タスクグループ	taskGroup / TaskGroup / TASK_GROUP	no
T1	T1-0393	tests identifier	TreeRow [tg]	5	1	tests/system/cr-570-tree-state-stage.ts:175 tests/system/cr-570-tree-state-stage.ts:185 tests/system/cr-570-tree-state-stage.ts:223	a	TaskGroup (the chart row) in test code	タスクグループ	taskGroup / TaskGroup / TASK_GROUP	no
T1	T1-0394	tests identifier	searchRows [search]	5	1	tests/system/cr-597-the-search-panel-word-jump-and-grab.test.ts:150 tests/system/cr-597-the-search-panel-word-jump-and-grab.test.ts:157 tests/system/cr-597-the-search-panel-word-jump-and-grab.test.ts:343	b	search-result row (SearchRow), not a TaskGroup	-	-	no
T1	T1-0395	tests identifier	rowsByBlock [N:ui]	5	1	tests/system/cr-665-help-fits-one-screen.test.ts:78 tests/system/cr-665-help-fits-one-screen.test.ts:126 tests/system/cr-665-help-fits-one-screen.test.ts:128	b	named identifier; row of another on-screen table/list (majority of its lines)	-	-	no
T1	T1-0396	tests identifier	rowsAdded [tg]	5	1	tests/system/duplicate-paste-and-dual-cursor.test.ts:735 tests/system/duplicate-paste-and-dual-cursor.test.ts:794 tests/system/duplicate-paste-and-dual-cursor.test.ts:819	a	TaskGroup (the chart row) in test code	タスクグループ	taskGroup / TaskGroup / TASK_GROUP	no
T1	T1-0397	tests identifier	pressEntranceInRow [N:tg]	5	2	tests/system/fr-019-hm-9-the-row-tree-decides-what-is-below.test.ts:233 tests/system/fr-019-hm-9-the-row-tree-decides-what-is-below.test.ts:534 tests/system/rows-fixed-with-nothing-holding-them.test.ts:254	a	named identifier; TaskGroup / chart row (majority of its lines)	タスクグループ	taskGroup	no
T1	T1-0398	tests identifier	DRAWN_ROW_INDENT [N:tg]	5	1	tests/system/measured-sweep.test.ts:265 tests/system/measured-sweep.test.ts:3273 tests/system/measured-sweep.test.ts:3275	a	named identifier; TaskGroup / chart row (majority of its lines)	タスクグループ	taskGroup	no
T1	T1-0399	tests identifier	CHOOSER_ROW [ui]	5	1	tests/system/mspdi-normalization.sws.test.ts:28 tests/system/mspdi-normalization.sws.test.ts:114 tests/system/mspdi-normalization.sws.test.ts:234	b	row of another on-screen table/list (help, palette, roster, report, calendar)	-	-	no
T1	T1-0400	tests identifier	MADE_AT_WRITE_ROW [N:spec]	5	1	tests/system/mspdi-normalization.sws.test.ts:46 tests/system/mspdi-normalization.sws.test.ts:687 tests/system/mspdi-normalization.sws.test.ts:702	b	named identifier; row of a specification table (majority of its lines)	-	-	no
T1	T1-0401	tests identifier	UNFOLD_EVERY_ROW [tg]	5	1	tests/system/pinned-band-and-the-empty-document.test.ts:40 tests/system/pinned-band-and-the-empty-document.test.ts:298 tests/system/pinned-band-and-the-empty-document.test.ts:300	a	TaskGroup (the chart row) in test code	タスクグループ	taskGroup / TaskGroup / TASK_GROUP	no
T1	T1-0402	tests identifier	focusedRow [N:ui]	5	2	tests/system/pinned-band-and-the-empty-document.test.ts:207 tests/system/pinned-band-and-the-empty-document.test.ts:216 tests/system/pinned-band-and-the-empty-document.test.ts:340	b	named identifier; row of another on-screen table/list (majority of its lines)	-	-	no
T1	T1-0403	tests identifier	rowsAfter [N:tg]	5	2	tests/system/three-rows-read-from-the-spec-alone.test.ts:808 tests/system/three-rows-read-from-the-spec-alone.test.ts:811 tests/system/three-rows-read-from-the-spec-alone.test.ts:814	a	named identifier; TaskGroup / chart row (majority of its lines)	タスクグループ	taskGroup	no
T1	T1-0404	tests identifier	rowAreaSpanOf [area]	5	1	tests/system/user-reported-fixes.test.ts:1218 tests/system/user-reported-fixes.test.ts:1384 tests/system/user-reported-fixes.test.ts:1385	c	Row Area region name (no proposed wording)	タスクグループ領域?	taskGroupArea?	no
T1	T1-0405	tests identifier	LOOK_ROWS_OF_A_TASK [N:spec]	5	1	tests/system/w3-t1-the-wbs-parent-and-the-panel-rows.test.ts:40 tests/system/w3-t1-the-wbs-parent-and-the-panel-rows.test.ts:124 tests/system/w3-t1-the-wbs-parent-and-the-panel-rows.test.ts:275	b	named identifier; row of a specification table (majority of its lines)	-	-	no
T1	T1-0406	tests identifier	WB_10_TITLE_ROW [spec]	5	1	tests/system/w3-t4-the-file-surfaces-and-the-title-on-the-built-page.test.ts:24 tests/system/w3-t4-the-file-surfaces-and-the-title-on-the-built-page.test.ts:123 tests/system/w3-t4-the-file-surfaces-and-the-title-on-the-built-page.test.ts:190	b	row of a specification table (spec reader / spec row id)	-	-	no
T1	T1-0407	tests identifier	FR_096_ONE_ROW [N:spec]	5	1	tests/system/w3-t5-header-palette-chooser-and-open-rules.test.ts:20 tests/system/w3-t5-header-palette-chooser-and-open-rules.test.ts:178 tests/system/w3-t5-header-palette-chooser-and-open-rules.test.ts:199	b	named identifier; row of a specification table (majority of its lines)	-	-	no
T1	T1-0408	tests identifier	blockOfRow [N:ui]	5	1	tests/unit/cr-405-the-help-scrolls-down-in-three-columns.test.ts:166 tests/unit/cr-405-the-help-scrolls-down-in-three-columns.test.ts:276 tests/unit/cr-405-the-help-scrolls-down-in-three-columns.test.ts:328	b	named identifier; row of another on-screen table/list (majority of its lines)	-	-	no
T1	T1-0409	tests identifier	ANCHOR_ROW [N:spec]	5	1	tests/unit/cr-559-comment-box-leader-handle-bundles-and-look.test.ts:176 tests/unit/cr-559-comment-box-leader-handle-bundles-and-look.test.ts:203 tests/unit/cr-559-comment-box-leader-handle-bundles-and-look.test.ts:576	b	named identifier; row of a specification table (majority of its lines)	-	-	no
T1	T1-0410	tests identifier	toRowOf [N:tg]	5	1	tests/unit/cr-567-an-imported-leaf-task-sits-on-its-parents-row.test.ts:227 tests/unit/cr-567-an-imported-leaf-task-sits-on-its-parents-row.test.ts:238 tests/unit/cr-567-an-imported-leaf-task-sits-on-its-parents-row.test.ts:314	a	named identifier; TaskGroup / chart row (majority of its lines)	タスクグループ	taskGroup	no
T1	T1-0411	tests identifier	perRow [N:tg]	5	1	tests/unit/cr-567-an-imported-leaf-task-sits-on-its-parents-row.test.ts:389 tests/unit/cr-567-an-imported-leaf-task-sits-on-its-parents-row.test.ts:390 tests/unit/cr-567-an-imported-leaf-task-sits-on-its-parents-row.test.ts:391	a	named identifier; TaskGroup / chart row (majority of its lines)	タスクグループ	taskGroup	no
T1	T1-0412	tests identifier	delayDiagnosticsReportRows [ui]	5	2	tests/unit/cr-617-the-delay-diagnostics-report-window.test.ts:19 tests/unit/cr-617-the-delay-diagnostics-report-window.test.ts:96 tests/unit/cr-617-the-delay-diagnostics-report-window.test.ts:121	b	row of another on-screen table/list (help, palette, roster, report, calendar)	-	-	no
T1	T1-0413	tests identifier	derivedRow [N:spec]	5	1	tests/unit/fr-021-the-outline-base-of-the-file-comes-back.test.ts:46 tests/unit/fr-021-the-outline-base-of-the-file-comes-back.test.ts:237 tests/unit/fr-021-the-outline-base-of-the-file-comes-back.test.ts:238	b	named identifier; row of a specification table (majority of its lines)	-	-	no
T1	T1-0414	tests identifier	rowLabel [tgname]	5	2	tests/unit/fr-023-drops-unusable-dates-and-tells-the-names.test.ts:236 tests/unit/fr-023-drops-unusable-dates-and-tells-the-names.test.ts:241 tests/unit/fr-023-drops-unusable-dates-and-tells-the-names.test.ts:246	a	TaskGroup.label (row name)	タスクグループ名	taskGroupName	no
T1	T1-0415	tests identifier	S_143_ROW [N:spec]	5	1	tests/unit/fr-053-palette-group-rule-isotropic-gap.test.ts:154 tests/unit/fr-053-palette-group-rule-isotropic-gap.test.ts:166 tests/unit/fr-053-palette-group-rule-isotropic-gap.test.ts:972	b	named identifier; row of a specification table (majority of its lines)	-	-	no
T1	T1-0416	tests identifier	storedRow [spec]	5	2	tests/unit/t-015-t-051-the-four-folding-controls.test.ts:501 tests/unit/t-015-t-051-the-four-folding-controls.test.ts:511 tests/unit/t-051-hf-15-grabbing-a-row.test.ts:593	b	row of a specification table (spec reader / spec row id)	-	-	no
T1	T1-0417	tests identifier	canCloseEveryRow [tg]	5	2	tests/unit/t-015-t-051-the-four-folding-controls.test.ts:591 tests/unit/t-015-t-051-the-four-folding-controls.test.ts:1318 tests/unit/t-015-t-051-the-four-folding-controls.test.ts:1331	a	TaskGroup (the chart row) in test code	タスクグループ	taskGroup / TaskGroup / TASK_GROUP	no
T1	T1-0418	tests identifier	onTheRow [N:spec]	5	2	tests/unit/t-015-t-051-the-four-folding-controls.test.ts:1175 tests/unit/t-015-t-051-the-four-folding-controls.test.ts:1180 tests/unit/t-015-t-051-the-four-folding-controls.test.ts:1181	b	named identifier; row of a specification table (majority of its lines)	-	-	no
T1	T1-0419	tests identifier	closingRuleRows [spec]	5	1	tests/unit/t-023d-follows-the-pointer.test.ts:54 tests/unit/t-023d-follows-the-pointer.test.ts:70 tests/unit/t-023d-follows-the-pointer.test.ts:276	b	row of a specification table (spec reader / spec row id)	-	-	no
T1	T1-0420	tests identifier	raisedRowId [tg]	5	1	tests/unit/t-051-hf-14-a-raised-row-is-visible.test.ts:260 tests/unit/t-051-hf-14-a-raised-row-is-visible.test.ts:519 tests/unit/t-051-hf-14-a-raised-row-is-visible.test.ts:552	a	TaskGroup (the chart row) in test code	タスクグループ	taskGroup / TaskGroup / TASK_GROUP	no
T1	T1-0421	tests identifier	IC_ROW_OPEN [N:tg]	5	1	tests/unit/t-051-hf-6-ground-under-the-row-controls.test.ts:162 tests/unit/t-051-hf-6-ground-under-the-row-controls.test.ts:953 tests/unit/t-051-hf-6-ground-under-the-row-controls.test.ts:1055	a	named identifier; TaskGroup / chart row (majority of its lines)	タスクグループ	taskGroup	no
T1	T1-0422	tests identifier	rowPin [tg]	5	1	tests/unit/uf-72-screen-part.test.ts:1448 tests/unit/uf-72-screen-part.test.ts:2392 tests/unit/uf-72-screen-part.test.ts:3382	a	TaskGroup (the chart row) in test code	タスクグループ	taskGroup / TaskGroup / TASK_GROUP	no
T1	T1-0423	tests identifier	rowWithControls [tg]	5	1	tests/unit/uf-72-screen-part.test.ts:4420 tests/unit/uf-72-screen-part.test.ts:4455 tests/unit/uf-72-screen-part.test.ts:4474	a	TaskGroup (the chart row) in test code	タスクグループ	taskGroup / TaskGroup / TASK_GROUP	no
T1	T1-0424	tests identifier	rowsHeld [tg]	5	1	tests/unit/uf-8-9-replace-document.test.ts:873 tests/unit/uf-8-9-replace-document.test.ts:891 tests/unit/uf-8-9-replace-document.test.ts:901	a	TaskGroup (the chart row) in test code	タスクグループ	taskGroup / TaskGroup / TASK_GROUP	no
T1	T1-0425	tests identifier	byRow [N:spec]	4	2	tests/contract/cr-425-help-separates-assignments-and-the-wheel-is-not-a-zero.test.ts:71 tests/contract/cr-425-help-separates-assignments-and-the-wheel-is-not-a-zero.test.ts:75 tests/system/fr-019-hm-9-the-row-tree-decides-what-is-below.test.ts:693	b	named identifier; row of a specification table (majority of its lines)	-	-	no
T1	T1-0426	tests identifier	T_266_ONE_TARGET_A_ROW [N:tg]	4	1	tests/contract/cr-430-ga-1-to-22-grab-areas.test.ts:38 tests/contract/cr-430-ga-1-to-22-grab-areas.test.ts:122 tests/contract/cr-430-ga-1-to-22-grab-areas.test.ts:152	a	named identifier; TaskGroup / chart row (majority of its lines)	タスクグループ	taskGroup	no
T1	T1-0427	tests identifier	sceneKindOfRow [N:tg]	4	1	tests/contract/cr-430-ga-1-to-22-grab-areas.test.ts:73 tests/contract/cr-430-ga-1-to-22-grab-areas.test.ts:183 tests/contract/cr-430-ga-1-to-22-grab-areas.test.ts:193	a	named identifier; TaskGroup / chart row (majority of its lines)	タスクグループ	taskGroup	no
T1	T1-0428	tests identifier	beforeRow [N:spec]	4	1	tests/contract/cr-430-table-pe-press-and-drag-effects.test.ts:226 tests/contract/cr-430-table-pe-press-and-drag-effects.test.ts:230 tests/contract/cr-430-table-pe-press-and-drag-effects.test.ts:318	b	named identifier; row of a specification table (majority of its lines)	-	-	no
T1	T1-0429	tests identifier	ENVIRONMENT_ROWS [spec]	4	1	tests/contract/cr-430-table-pk-the-pointer-shapes.test.ts:56 tests/contract/cr-430-table-pk-the-pointer-shapes.test.ts:57 tests/contract/cr-430-table-pk-the-pointer-shapes.test.ts:277	b	row of a specification table (spec reader / spec row id)	-	-	no
T1	T1-0430	tests identifier	CLAUSE_NO_ROW [N:spec]	4	1	tests/contract/cr-557-the-theme-hue-field-heads-the-settings-panel.test.ts:57 tests/contract/cr-557-the-theme-hue-field-heads-the-settings-panel.test.ts:348 tests/contract/cr-557-the-theme-hue-field-heads-the-settings-panel.test.ts:394	b	named identifier; row of a specification table (majority of its lines)	-	-	no
T1	T1-0431	tests identifier	SHIFTED_ROWS [N:spec]	4	2	tests/contract/cr-557-the-theme-hue-field-heads-the-settings-panel.test.ts:137 tests/contract/cr-557-the-theme-hue-field-heads-the-settings-panel.test.ts:143 tests/contract/w3-t4-the-theme-colours-are-solved-per-hue.test.ts:41	b	named identifier; row of a specification table (majority of its lines)	-	-	no
T1	T1-0432	tests identifier	RosterRow [ui]	4	1	tests/contract/cr-557-the-theme-hue-roster-is-table-t-305.test.ts:22 tests/contract/cr-557-the-theme-hue-roster-is-table-t-305.test.ts:36 tests/contract/cr-557-the-theme-hue-roster-is-table-t-305.test.ts:47	b	row of another on-screen table/list (help, palette, roster, report, calendar)	-	-	no
T1	T1-0433	tests identifier	isBlockedByPinnedRows [tg]	4	1	tests/contract/cr-571-search-jump.contract.test.ts:210 tests/contract/cr-571-search-jump.contract.test.ts:250 tests/contract/cr-571-search-jump.contract.test.ts:271	a	TaskGroup (the chart row) in test code	タスクグループ	taskGroup / TaskGroup / TASK_GROUP	no
T1	T1-0434	tests identifier	S_429_ROW [N:spec]	4	2	tests/contract/cr-571-search-panel-view.test.ts:113 tests/contract/cr-571-search-panel-view.test.ts:114 tests/contract/dfc-1361-the-search-table-header-stays-on-top.contract.test.ts:52	b	named identifier; row of a specification table (majority of its lines)	-	-	no
T1	T1-0435	tests identifier	CommentBoxSearchRow [search]	4	2	tests/contract/cr-571-search-rows.contract.test.ts:12 tests/contract/cr-571-search-rows.contract.test.ts:196 tests/contract/cr-571-search-table-filters.contract.test.ts:15	b	search-result row (SearchRow), not a TaskGroup	-	-	no
T1	T1-0436	tests identifier	manuscriptRowOf [spec]	4	1	tests/contract/cr-584-the-picture-is-painted-on-the-ground-colour.test.ts:41 tests/contract/cr-584-the-picture-is-painted-on-the-ground-colour.test.ts:58 tests/contract/cr-584-the-picture-is-painted-on-the-ground-colour.test.ts:80	b	row of a specification table (spec reader / spec row id)	-	-	no
T1	T1-0437	tests identifier	CLAUSE_EVERY_ROW [N:spec]	4	1	tests/contract/cr-592-monochrome-greys-every-t-236-row.test.ts:16 tests/contract/cr-592-monochrome-greys-every-t-236-row.test.ts:220 tests/contract/cr-592-monochrome-greys-every-t-236-row.test.ts:247	b	named identifier; row of a specification table (majority of its lines)	-	-	no
T1	T1-0438	tests identifier	FIXED_ROWS [N:spec]	4	1	tests/contract/cr-592-monochrome-greys-every-t-236-row.test.ts:103 tests/contract/cr-592-monochrome-greys-every-t-236-row.test.ts:215 tests/contract/cr-592-monochrome-greys-every-t-236-row.test.ts:216	b	named identifier; row of a specification table (majority of its lines)	-	-	no
T1	T1-0439	tests identifier	ONE_INPUT_ROWS [N:spec]	4	1	tests/contract/cr-606-a-milestone-date-is-one-input.test.ts:46 tests/contract/cr-606-a-milestone-date-is-one-input.test.ts:48 tests/contract/cr-606-a-milestone-date-is-one-input.test.ts:94	b	named identifier; row of a specification table (majority of its lines)	-	-	no
T1	T1-0440	tests identifier	NULL_ROWS [N:spec]	4	1	tests/contract/cr-606-the-colour-field-words-follow-cv-9.test.ts:170 tests/contract/cr-606-the-colour-field-words-follow-cv-9.test.ts:200 tests/contract/cr-606-the-colour-field-words-follow-cv-9.test.ts:220	b	named identifier; row of a specification table (majority of its lines)	-	-	no
T1	T1-0441	tests identifier	rowsOf [ui]	4	2	tests/contract/cr-606-the-panel-rows-follow-t-016.test.ts:112 tests/contract/w3-t3-settings-panel-span-status-date-and-scale-fields.test.ts:108 tests/contract/w3-t3-settings-panel-span-status-date-and-scale-fields.test.ts:112	b	row of another on-screen table/list (line context)	-	-	no
T1	T1-0442	tests identifier	pressedRowId [N:tg]	4	2	tests/contract/cr-608-the-row-createtaskgroup-makes.test.ts:130 tests/contract/tree-state-machine.contract.test.ts:157 tests/contract/tree-state-machine.contract.test.ts:161	a	named identifier; TaskGroup / chart row (majority of its lines)	タスクグループ	taskGroup	no
T1	T1-0443	tests identifier	DG_ROWS [ui]	4	1	tests/contract/cr-616-delay-diagnostics-marks-one-dark-edge.contract.test.ts:59 tests/contract/cr-616-delay-diagnostics-marks-one-dark-edge.contract.test.ts:164 tests/contract/cr-616-delay-diagnostics-marks-one-dark-edge.contract.test.ts:173	b	row of another on-screen table/list (help, palette, roster, report, calendar)	-	-	no
T1	T1-0444	tests identifier	FINDING_ROW [spec]	4	2	tests/contract/cr-618-the-mspdi-samples-read-as-managed-projects.contract.test.ts:71 tests/contract/cr-618-the-mspdi-samples-read-as-managed-projects.contract.test.ts:98 tests/unit/cr-618-same-day-links-hold.test.ts:95	b	row of a specification table (spec reader / spec row id)	-	-	no
T1	T1-0445	tests identifier	rowTitlePanelFromSchedule [panel]	4	2	tests/contract/cr-657-group-grid-lines-across-the-row-title-panel.test.ts:9 tests/contract/cr-657-group-grid-lines-across-the-row-title-panel.test.ts:144 tests/contract/dfc-49-one-indent-for-the-screen-and-the-picture.test.ts:6	a	Row Title Panel (U-22) in test code	タスクグループパネル	taskGroupPanel / Task Group Panel	no
T1	T1-0446	tests identifier	FAR_ROW [N:tg]	4	1	tests/contract/dfc-1230-the-continuation-send-moves-an-unplaced-view.contract.test.ts:172 tests/contract/dfc-1230-the-continuation-send-moves-an-unplaced-view.contract.test.ts:376 tests/contract/dfc-1230-the-continuation-send-moves-an-unplaced-view.contract.test.ts:419	a	named identifier; TaskGroup / chart row (majority of its lines)	タスクグループ	taskGroup	no
T1	T1-0447	tests identifier	outRow [N:tg]	4	1	tests/contract/dfc-2030-a-body-drag-moves-the-selected-boxes.contract.test.ts:283 tests/contract/dfc-2030-a-body-drag-moves-the-selected-boxes.contract.test.ts:307 tests/contract/dfc-2030-a-body-drag-moves-the-selected-boxes.contract.test.ts:428	a	named identifier; TaskGroup / chart row (majority of its lines)	タスクグループ	taskGroup	no
T1	T1-0448	tests identifier	T_233_ONLY_ITS_OWN_ROWS [N:tg]	4	2	tests/contract/dfc-290-d-321-fr-033-copy-and-paste-reach-the-document.test.ts:144 tests/contract/dfc-290-d-321-fr-033-copy-and-paste-reach-the-document.test.ts:689 tests/contract/dfc-337-fr-029-the-three-file-gates-say-why-on-a-second-press.test.ts:156	a	named identifier; TaskGroup / chart row (majority of its lines)	タスクグループ	taskGroup	no
T1	T1-0449	tests identifier	$row [spec~]	4	3	tests/contract/dfc-295-entering-the-dual-cursor-drops-the-arm.test.ts:385 tests/contract/dfc-295-entering-the-dual-cursor-drops-the-arm.test.ts:419 tests/unit/document-model.test.ts:519	b	row of a specification table (line silent: file majority)	-	-	no
T1	T1-0450	tests identifier	THREE_FLAT_ROWS [N:spec]	4	1	tests/contract/dfc-377-fr-016-zoom-ceilings-and-ep-9-thickness.test.ts:451 tests/contract/dfc-377-fr-016-zoom-ceilings-and-ep-9-thickness.test.ts:454 tests/contract/dfc-377-fr-016-zoom-ceilings-and-ep-9-thickness.test.ts:538	b	named identifier; row of a specification table (majority of its lines)	-	-	no
T1	T1-0451	tests identifier	rowNameFontPx [tgname]	4	2	tests/contract/dfc-49-one-indent-for-the-screen-and-the-picture.test.ts:29 tests/contract/dfc-49-one-indent-for-the-screen-and-the-picture.test.ts:87 tests/fixtures/row-name-font.ts:10	a	TaskGroup.label (row name)	タスクグループ名	taskGroupName	no
T1	T1-0452	tests identifier	PICTURE_ROW_NAME [tgname]	4	1	tests/contract/dfc-49-one-indent-for-the-screen-and-the-picture.test.ts:295 tests/contract/dfc-49-one-indent-for-the-screen-and-the-picture.test.ts:324 tests/contract/dfc-49-one-indent-for-the-screen-and-the-picture.test.ts:325	a	TaskGroup.label (row name)	タスクグループ名	taskGroupName	no
T1	T1-0453	tests identifier	HB_2_ROW [N:spec]	4	1	tests/contract/dfc-568-gr-14-corners-anchor-and-body.test.ts:106 tests/contract/dfc-568-gr-14-corners-anchor-and-body.test.ts:595 tests/contract/dfc-568-gr-14-corners-anchor-and-body.test.ts:598	b	named identifier; row of a specification table (majority of its lines)	-	-	no
T1	T1-0454	tests identifier	HB_3_ROW [N:spec]	4	1	tests/contract/dfc-568-gr-14-corners-anchor-and-body.test.ts:110 tests/contract/dfc-568-gr-14-corners-anchor-and-body.test.ts:595 tests/contract/dfc-568-gr-14-corners-anchor-and-body.test.ts:598	b	named identifier; row of a specification table (majority of its lines)	-	-	no
T1	T1-0455	tests identifier	HB_3_NO_ROW [N:spec]	4	1	tests/contract/dfc-568-gr-14-corners-anchor-and-body.test.ts:113 tests/contract/dfc-568-gr-14-corners-anchor-and-body.test.ts:598 tests/contract/dfc-568-gr-14-corners-anchor-and-body.test.ts:802	b	named identifier; row of a specification table (majority of its lines)	-	-	no
T1	T1-0456	tests identifier	ROW_C1 [tgfix]	4	1	tests/contract/dfc-568-gr-14-corners-anchor-and-body.test.ts:220 tests/contract/dfc-568-gr-14-corners-anchor-and-body.test.ts:248 tests/contract/dfc-568-gr-14-corners-anchor-and-body.test.ts:445	a	fixture TaskGroup id / document builder	タスクグループ	task-group id value / taskGroupDocument	no
T1	T1-0457	tests identifier	ROW_C2 [tgfix]	4	1	tests/contract/dfc-568-gr-14-corners-anchor-and-body.test.ts:221 tests/contract/dfc-568-gr-14-corners-anchor-and-body.test.ts:249 tests/contract/dfc-568-gr-14-corners-anchor-and-body.test.ts:445	a	fixture TaskGroup id / document builder	タスクグループ	task-group id value / taskGroupDocument	no
T1	T1-0458	tests identifier	cellOfRow [N:spec]	4	1	tests/contract/dfc-572-pv-1-pv-2-actual-finish-is-the-finish-day.test.ts:54 tests/contract/dfc-572-pv-1-pv-2-actual-finish-is-the-finish-day.test.ts:235 tests/contract/dfc-572-pv-1-pv-2-actual-finish-is-the-finish-day.test.ts:236	b	named identifier; row of a specification table (majority of its lines)	-	-	no
T1	T1-0459	tests identifier	MAXIMISE_ROW [N:tg]	4	1	tests/contract/dfc-587-title-row-entries-are-drawn.test.ts:59 tests/contract/dfc-587-title-row-entries-are-drawn.test.ts:239 tests/contract/dfc-587-title-row-entries-are-drawn.test.ts:255	a	named identifier; TaskGroup / chart row (majority of its lines)	タスクグループ	taskGroup	no
T1	T1-0460	tests identifier	PANEL_ROWS [field]	4	1	tests/contract/dfc-587-title-row-entries-are-drawn.test.ts:63 tests/contract/dfc-587-title-row-entries-are-drawn.test.ts:242 tests/contract/dfc-587-title-row-entries-are-drawn.test.ts:288	b	properties/settings panel field row, not a TaskGroup	-	-	no
T1	T1-0461	tests identifier	helpTitleRow [ui]	4	1	tests/contract/dfc-587-title-row-entries-are-drawn.test.ts:222 tests/contract/dfc-587-title-row-entries-are-drawn.test.ts:252 tests/contract/dfc-587-title-row-entries-are-drawn.test.ts:266	b	row of another on-screen table/list (help, palette, roster, report, calendar)	-	-	no
T1	T1-0462	tests identifier	ROW_PLACED [tg]	4	1	tests/contract/display-words.contract.test.ts:1211 tests/contract/display-words.contract.test.ts:2036 tests/contract/display-words.contract.test.ts:2037	a	TaskGroup (the chart row) in test code	タスクグループ	taskGroup / TaskGroup / TASK_GROUP	no
T1	T1-0463	tests identifier	EDIT_GROUP_LANDS_ON_CHOSEN_ROW [N:tg]	4	1	tests/contract/e24-paste-refused-while-several-rows-are-chosen.test.ts:22 tests/contract/e24-paste-refused-while-several-rows-are-chosen.test.ts:36 tests/contract/e24-paste-refused-while-several-rows-are-chosen.test.ts:155	a	named identifier; TaskGroup / chart row (majority of its lines)	タスクグループ	taskGroup	no
T1	T1-0464	tests identifier	copiedThenTwoRowsPicked [tgfix]	4	1	tests/contract/e24-paste-refused-while-several-rows-are-chosen.test.ts:122 tests/contract/e24-paste-refused-while-several-rows-are-chosen.test.ts:148 tests/contract/e24-paste-refused-while-several-rows-are-chosen.test.ts:152	a	fixture TaskGroup id / document builder	タスクグループ	task-group id value / taskGroupDocument	no
T1	T1-0465	tests identifier	row-ID [spec]	4	3	tests/contract/fd-6-iv-12-the-fade-span.contract.test.ts:107 tests/contract/spec-table.ts:94 tests/system/mspdi-normalization.sws.test.ts:117	b	row of a specification table (spec reader / spec row id)	-	-	no
T1	T1-0466	tests identifier	PaintRow [tg]	4	1	tests/contract/fr-029-in-effect-is-filled-not-rimmed.test.ts:133 tests/contract/fr-029-in-effect-is-filled-not-rimmed.test.ts:150 tests/contract/fr-029-in-effect-is-filled-not-rimmed.test.ts:163	a	TaskGroup (the chart row) in test code	タスクグループ	taskGroup / TaskGroup / TASK_GROUP	no
T1	T1-0467	tests identifier	FORM_OF_ROW [spec]	4	1	tests/contract/if-3-file-store.test.ts:633 tests/contract/if-3-file-store.test.ts:644 tests/contract/if-3-file-store.test.ts:654	b	row of a specification table (spec reader / spec row id)	-	-	no
T1	T1-0468	tests identifier	rowsPicked [tg]	4	3	tests/contract/state-machine-agent-api.contract.test.ts:161 tests/contract/state-machine-interaction-record.contract.test.ts:146 tests/contract/state-machine-selection.contract.test.ts:128	a	TaskGroup (the chart row) in test code	タスクグループ	taskGroup / TaskGroup / TASK_GROUP	no
T1	T1-0469	tests identifier	EDITED_ROWS [N:ui]	4	1	tests/contract/state-machine-field-entry.contract.test.ts:92 tests/contract/state-machine-field-entry.contract.test.ts:103 tests/contract/state-machine-field-entry.contract.test.ts:115	b	named identifier; row of another on-screen table/list (majority of its lines)	-	-	no
T1	T1-0470	tests identifier	isRowGrabStrip [tg]	4	3	tests/contract/state-machine-gesture.contract.test.ts:141 tests/unit/t-023d-follows-the-pointer.test.ts:1587 tests/unit/t-051-hf-15-grabbing-a-row.test.ts:27	a	TaskGroup (the chart row) in test code	タスクグループ	taskGroup / TaskGroup / TASK_GROUP	no
T1	T1-0471	tests identifier	T_337_ROW_ORDER_IS_NOT_ID_ORDER [N:spec]	4	1	tests/contract/t-337-screen-z-order.contract.test.ts:42 tests/contract/t-337-screen-z-order.contract.test.ts:50 tests/contract/t-337-screen-z-order.contract.test.ts:255	b	named identifier; row of a specification table (majority of its lines)	-	-	no
T1	T1-0472	tests identifier	revealedRowId [tg]	4	1	tests/contract/tree-state-machine.contract.test.ts:158 tests/contract/tree-state-machine.contract.test.ts:162 tests/contract/tree-state-machine.contract.test.ts:197	a	TaskGroup (the chart row) in test code	タスクグループ	taskGroup / TaskGroup / TASK_GROUP	no
T1	T1-0473	tests identifier	row-zoom [axis]	4	2	tests/contract/tree-state-machine.contract.test.ts:249 tests/unit/cr-404-a-row-opened-by-hand-stays-open.test.ts:527 tests/unit/cr-404-a-row-opened-by-hand-stays-open.test.ts:701	c	row axis / row zoom (行軸, settled name)	行軸（利用者判断）	row axis (user decides)	no
T1	T1-0474	tests identifier	keyRowOf [spec]	4	1	tests/contract/w3-t3-settings-panel-span-status-date-and-scale-fields.test.ts:43 tests/contract/w3-t3-settings-panel-span-status-date-and-scale-fields.test.ts:48 tests/contract/w3-t3-settings-panel-span-status-date-and-scale-fields.test.ts:49	b	row of a specification table (spec reader / spec row id)	-	-	no
T1	T1-0475	tests identifier	WS_2_ONLY_THIS_ROW_JUDGES [N:spec]	4	1	tests/contract/w3-t5-ws-2-four-moments-and-the-un-8-judgement.contract.test.ts:29 tests/contract/w3-t5-ws-2-four-moments-and-the-un-8-judgement.contract.test.ts:120 tests/contract/w3-t5-ws-2-four-moments-and-the-un-8-judgement.contract.test.ts:149	b	named identifier; row of a specification table (majority of its lines)	-	-	no
T1	T1-0476	tests identifier	RulerRow [ui]	4	1	tests/integration/schedule-drawing.sws.test.ts:514 tests/integration/schedule-drawing.sws.test.ts:517 tests/integration/schedule-drawing.sws.test.ts:576	b	row of another on-screen table/list (help, palette, roster, report, calendar)	-	-	no
T1	T1-0477	tests identifier	RowNameSettings [tgname]	4	1	tests/system/cr-381-row-names-drawn-at-their-own-size.test.ts:27 tests/system/cr-381-row-names-drawn-at-their-own-size.test.ts:46 tests/system/cr-381-row-names-drawn-at-their-own-size.test.ts:86	a	TaskGroup.label (row name)	タスクグループ名	taskGroupName	no
T1	T1-0478	tests identifier	FAMILY_BY_ROW [spec]	4	1	tests/system/cr-430-labels-and-hidden-things-sweep.test.ts:56 tests/system/cr-430-labels-and-hidden-things-sweep.test.ts:276 tests/system/cr-430-labels-and-hidden-things-sweep.test.ts:350	b	row of a specification table (spec reader / spec row id)	-	-	no
T1	T1-0479	tests identifier	showRowControls [tg]	4	1	tests/system/cr-570-tree-state-stage.ts:269 tests/system/cr-570-tree-state-stage.ts:292 tests/system/cr-570-tree-state-stage.ts:309	a	TaskGroup (the chart row) in test code	タスクグループ	taskGroup / TaskGroup / TASK_GROUP	no
T1	T1-0480	tests identifier	rowAndAncestors [N:tg]	4	1	tests/system/cr-597-the-search-panel-word-jump-and-grab.test.ts:180 tests/system/cr-597-the-search-panel-word-jump-and-grab.test.ts:422 tests/system/cr-597-the-search-panel-word-jump-and-grab.test.ts:427	a	named identifier; TaskGroup / chart row (majority of its lines)	タスクグループ	taskGroup	no
T1	T1-0481	tests identifier	row [css]	4	2	tests/system/cr-597-the-search-panel-word-jump-and-grab.test.ts:241 tests/system/cr-660-the-two-table-windows-on-the-shipped-build.test.ts:280 tests/system/cr-660-the-two-table-windows-on-the-shipped-build.test.ts:305	b	CSS/DOM table vocabulary (line context)	-	-	no
T1	T1-0482	tests identifier	GRID_ROW [css]	4	1	tests/system/drawn-svg-normalization.sws.test.ts:14 tests/system/drawn-svg-normalization.sws.test.ts:30 tests/system/drawn-svg-normalization.sws.test.ts:106	b	CSS/DOM/HTML table vocabulary	-	-	no
T1	T1-0483	tests identifier	ID_ROW [N:spec]	4	1	tests/system/drawn-svg-normalization.sws.test.ts:15 tests/system/drawn-svg-normalization.sws.test.ts:169 tests/system/drawn-svg-normalization.sws.test.ts:257	b	named identifier; row of a specification table (majority of its lines)	-	-	no
T1	T1-0484	tests identifier	pickedTaskRowId [tg]	4	1	tests/system/duplicate-paste-and-dual-cursor.test.ts:246 tests/system/duplicate-paste-and-dual-cursor.test.ts:590 tests/system/duplicate-paste-and-dual-cursor.test.ts:704	a	TaskGroup (the chart row) in test code	タスクグループ	taskGroup / TaskGroup / TASK_GROUP	no
T1	T1-0485	tests identifier	rankInRowTree [tg]	4	1	tests/system/fr-019-hm-9-the-row-tree-decides-what-is-below.test.ts:143 tests/system/fr-019-hm-9-the-row-tree-decides-what-is-below.test.ts:466 tests/system/fr-019-hm-9-the-row-tree-decides-what-is-below.test.ts:541	a	TaskGroup (the chart row) in test code	タスクグループ	taskGroup / TaskGroup / TASK_GROUP	no
T1	T1-0486	tests identifier	ROW_INDENT [tg]	4	1	tests/system/measured-sweep.test.ts:259 tests/system/measured-sweep.test.ts:265 tests/system/measured-sweep.test.ts:3275	a	TaskGroup (the chart row) in test code	タスクグループ	taskGroup / TaskGroup / TASK_GROUP	no
T1	T1-0487	tests identifier	addUnderRow [N:spec]	4	1	tests/system/measured-sweep.test.ts:3960 tests/system/measured-sweep.test.ts:3999 tests/system/measured-sweep.test.ts:4000	b	named identifier; row of a specification table (majority of its lines)	-	-	no
T1	T1-0488	tests identifier	columnRowOf [spec]	4	2	tests/system/pinned-band-and-the-empty-document.test.ts:45 tests/system/pinned-band-and-the-empty-document.test.ts:58 tests/system/rows-fixed-with-nothing-holding-them.test.ts:44	b	row of a specification table (spec reader / spec row id)	-	-	no
T1	T1-0489	tests identifier	ROW_HEIGHT_FIELD [field]	4	1	tests/system/rows-fixed-with-nothing-holding-them.test.ts:73 tests/system/rows-fixed-with-nothing-holding-them.test.ts:551 tests/system/rows-fixed-with-nothing-holding-them.test.ts:552	b	properties/settings panel field row, not a TaskGroup	-	-	no
T1	T1-0490	tests identifier	rowPanelWidth [panel]	4	1	tests/system/rows-fixed-with-nothing-holding-them.test.ts:343 tests/system/rows-fixed-with-nothing-holding-them.test.ts:608 tests/system/rows-fixed-with-nothing-holding-them.test.ts:614	a	Row Title Panel (U-22) in test code	タスクグループパネル	taskGroupPanel / Task Group Panel	no
T1	T1-0491	tests identifier	LISTED_BROWSER_ROWS [ui]	4	1	tests/unit/cr-405-the-help-scrolls-down-in-three-columns.test.ts:106 tests/unit/cr-405-the-help-scrolls-down-in-three-columns.test.ts:216 tests/unit/cr-405-the-help-scrolls-down-in-three-columns.test.ts:375	b	row of another on-screen table/list (help, palette, roster, report, calendar)	-	-	no
T1	T1-0492	tests identifier	REFUSED_BROWSER_ROWS [ui]	4	1	tests/unit/cr-405-the-help-scrolls-down-in-three-columns.test.ts:107 tests/unit/cr-405-the-help-scrolls-down-in-three-columns.test.ts:215 tests/unit/cr-405-the-help-scrolls-down-in-three-columns.test.ts:378	b	row of another on-screen table/list (help, palette, roster, report, calendar)	-	-	no
T1	T1-0493	tests identifier	_row [tg]	4	4	tests/unit/cr-408-the-property-panel-wraps-and-its-edge-can-be-held.test.ts:515 tests/unit/t-015-t-051-the-four-folding-controls.test.ts:318 tests/unit/t-051-hf-15-grabbing-a-row.test.ts:371	a	TaskGroup / chart row (line context)	タスクグループ	taskGroup	no
T1	T1-0494	tests identifier	GrabRow [tg]	4	1	tests/unit/cr-430-scene.ts:39 tests/unit/cr-430-scene.ts:58 tests/unit/cr-430-scene.ts:74	a	TaskGroup (the chart row) in test code	タスクグループ	taskGroup / TaskGroup / TASK_GROUP	no
T1	T1-0495	tests identifier	hfRow [N:spec]	4	1	tests/unit/cr-439-row-title-panel-controls-and-pins.test.ts:66 tests/unit/cr-439-row-title-panel-controls-and-pins.test.ts:68 tests/unit/cr-439-row-title-panel-controls-and-pins.test.ts:72	b	named identifier; row of a specification table (majority of its lines)	-	-	no
T1	T1-0496	tests identifier	shared-row [tgfix]	4	1	tests/unit/cr-541-merge-replace-watchers-and-utterances.test.ts:50 tests/unit/cr-541-merge-replace-watchers-and-utterances.test.ts:53 tests/unit/cr-541-merge-replace-watchers-and-utterances.test.ts:64	a	fixture TaskGroup id / document builder	タスクグループ	task-group id value / taskGroupDocument	no
T1	T1-0497	tests identifier	rowABefore [N:tg]	4	1	tests/unit/cr-560-ctrl-drag-copies-the-selection-unstarted.test.ts:746 tests/unit/cr-560-ctrl-drag-copies-the-selection-unstarted.test.ts:752	a	named identifier; TaskGroup / chart row (majority of its lines)	タスクグループ	taskGroup	no
T1	T1-0498	tests identifier	expectedRows [N:tg]	4	1	tests/unit/cr-567-an-imported-leaf-task-sits-on-its-parents-row.test.ts:144 tests/unit/cr-567-an-imported-leaf-task-sits-on-its-parents-row.test.ts:291 tests/unit/cr-567-an-imported-leaf-task-sits-on-its-parents-row.test.ts:353	a	named identifier; TaskGroup / chart row (majority of its lines)	タスクグループ	taskGroup	no
T1	T1-0499	tests identifier	rowOfEachTask [N:tg]	4	1	tests/unit/cr-567-an-imported-leaf-task-sits-on-its-parents-row.test.ts:171 tests/unit/cr-567-an-imported-leaf-task-sits-on-its-parents-row.test.ts:190 tests/unit/cr-567-an-imported-leaf-task-sits-on-its-parents-row.test.ts:263	a	named identifier; TaskGroup / chart row (majority of its lines)	タスクグループ	taskGroup	no
T1	T1-0500	tests identifier	checkRows [N:tg]	4	1	tests/unit/cr-567-an-imported-leaf-task-sits-on-its-parents-row.test.ts:186 tests/unit/cr-567-an-imported-leaf-task-sits-on-its-parents-row.test.ts:291 tests/unit/cr-567-an-imported-leaf-task-sits-on-its-parents-row.test.ts:353	a	named identifier; TaskGroup / chart row (majority of its lines)	タスクグループ	taskGroup	no
T1	T1-0501	tests identifier	rowMoves [tg]	4	1	tests/unit/cr-567-an-imported-leaf-task-sits-on-its-parents-row.test.ts:227 tests/unit/cr-567-an-imported-leaf-task-sits-on-its-parents-row.test.ts:314 tests/unit/cr-567-an-imported-leaf-task-sits-on-its-parents-row.test.ts:320	a	TaskGroup (the chart row) in test code	タスクグループ	taskGroup / TaskGroup / TASK_GROUP	no
T1	T1-0502	tests identifier	topRows [N:tg]	4	1	tests/unit/cr-569-the-project-summary-task-is-carried-not-a-row.test.ts:180 tests/unit/cr-569-the-project-summary-task-is-carried-not-a-row.test.ts:246 tests/unit/cr-569-the-project-summary-task-is-carried-not-a-row.test.ts:313	a	named identifier; TaskGroup / chart row (majority of its lines)	タスクグループ	taskGroup	no
T1	T1-0503	tests identifier	resetCellOfRow [N:spec]	4	1	tests/unit/cr-607-the-reset-clears-only-what-table-t-345-clears.test.ts:32 tests/unit/cr-607-the-reset-clears-only-what-table-t-345-clears.test.ts:193 tests/unit/cr-607-the-reset-clears-only-what-table-t-345-clears.test.ts:194	b	named identifier; row of a specification table (majority of its lines)	-	-	no
T1	T1-0504	tests identifier	rowForestDepth [tg]	4	1	tests/unit/fr-027-startup-shows-its-depth.test.ts:189 tests/unit/fr-027-startup-shows-its-depth.test.ts:371 tests/unit/fr-027-startup-shows-its-depth.test.ts:379	a	TaskGroup (the chart row) in test code	タスクグループ	taskGroup / TaskGroup / TASK_GROUP	no
T1	T1-0505	tests identifier	DATE_ROW [N:spec]	4	1	tests/unit/fr-038-panel-date-language.test.ts:139 tests/unit/fr-038-panel-date-language.test.ts:807 tests/unit/fr-038-panel-date-language.test.ts:808	b	named identifier; row of a specification table (majority of its lines)	-	-	no
T1	T1-0506	tests identifier	aimAtRow [N:tg]	4	1	tests/unit/fr-085-double-click-a-row-name.test.ts:302 tests/unit/fr-085-double-click-a-row-name.test.ts:325 tests/unit/fr-085-double-click-a-row-name.test.ts:347	a	named identifier; TaskGroup / chart row (majority of its lines)	タスクグループ	taskGroup	no
T1	T1-0507	tests identifier	everyRow [N:tg]	4	1	tests/unit/t-015-t-051-the-four-folding-controls.test.ts:1112 tests/unit/t-015-t-051-the-four-folding-controls.test.ts:1116 tests/unit/t-015-t-051-the-four-folding-controls.test.ts:1117	a	named identifier; TaskGroup / chart row (majority of its lines)	タスクグループ	taskGroup	no
T1	T1-0508	tests identifier	exemptRows [N:tg]	4	1	tests/unit/t-023d-follows-the-pointer.test.ts:303 tests/unit/t-023d-follows-the-pointer.test.ts:964 tests/unit/t-023d-follows-the-pointer.test.ts:978	a	named identifier; TaskGroup / chart row (majority of its lines)	タスクグループ	taskGroup	no
T1	T1-0509	tests identifier	FOLLOWING_ROWS [N:spec]	4	1	tests/unit/t-023d-follows-the-pointer.test.ts:317 tests/unit/t-023d-follows-the-pointer.test.ts:902 tests/unit/t-023d-follows-the-pointer.test.ts:963	b	named identifier; row of a specification table (majority of its lines)	-	-	no
T1	T1-0510	tests identifier	downToRowB [N:tg]	4	1	tests/unit/t-023d-follows-the-pointer.test.ts:1163 tests/unit/t-023d-follows-the-pointer.test.ts:1170 tests/unit/t-023d-follows-the-pointer.test.ts:1184	a	named identifier; TaskGroup / chart row (majority of its lines)	タスクグループ	taskGroup	no
T1	T1-0511	tests identifier	firstRowHeight [tg]	4	1	tests/unit/t-024a-op-10-a-chosen-zoom-is-the-place.test.ts:409 tests/unit/t-024a-op-10-a-chosen-zoom-is-the-place.test.ts:436 tests/unit/t-024a-op-10-a-chosen-zoom-is-the-place.test.ts:619	a	TaskGroup (the chart row) in test code	タスクグループ	taskGroup / TaskGroup / TASK_GROUP	no
T1	T1-0512	tests identifier	T_202_BOOLEAN_ROWS [N:spec]	4	1	tests/unit/t-027-outside-the-history.test.ts:61 tests/unit/t-027-outside-the-history.test.ts:207 tests/unit/t-027-outside-the-history.test.ts:303	b	named identifier; row of a specification table (majority of its lines)	-	-	no
T1	T1-0513	tests identifier	ROW_CONTROLS_TALL [tg]	4	2	tests/unit/t-051-hf-14-a-raised-row-is-visible.test.ts:277 tests/unit/t-051-hf-14-a-raised-row-is-visible.test.ts:284 tests/unit/t-051-hf-14-the-depth-cap-refuses-a-row.test.ts:287	a	TaskGroup (the chart row) in test code	タスクグループ	taskGroup / TaskGroup / TASK_GROUP	no
T1	T1-0514	tests identifier	DefaultRowName [tgname]	4	1	tests/unit/t-051-hf-17-adding-a-row-walks-the-rename-road.test.ts:186 tests/unit/t-051-hf-17-adding-a-row-walks-the-rename-road.test.ts:198 tests/unit/t-051-hf-17-adding-a-row-walks-the-rename-road.test.ts:201	a	TaskGroup.label (row name)	タスクグループ名	taskGroupName	no
T1	T1-0515	tests identifier	newRowSince [N:tg]	4	1	tests/unit/t-051-hf-17-adding-a-row-walks-the-rename-road.test.ts:448 tests/unit/t-051-hf-17-adding-a-row-walks-the-rename-road.test.ts:573 tests/unit/t-051-hf-17-adding-a-row-walks-the-rename-road.test.ts:592	a	named identifier; TaskGroup / chart row (majority of its lines)	タスクグループ	taskGroup	no
T1	T1-0516	tests identifier	rowHeightPx [tg]	4	1	tests/unit/t-051-hf-6-ground-under-the-row-controls.test.ts:979 tests/unit/t-051-hf-6-ground-under-the-row-controls.test.ts:983 tests/unit/t-051-hf-6-ground-under-the-row-controls.test.ts:985	a	TaskGroup (the chart row) in test code	タスクグループ	taskGroup / TaskGroup / TASK_GROUP	no
T1	T1-0517	tests identifier	T_059_ROWS [N:spec]	4	1	tests/unit/uf-36.test.ts:59 tests/unit/uf-36.test.ts:165 tests/unit/uf-36.test.ts:791	b	named identifier; row of a specification table (majority of its lines)	-	-	no
T1	T1-0518	tests identifier	valueRowsOf [spec]	4	1	tests/unit/uf-36.test.ts:2530 tests/unit/uf-36.test.ts:2581 tests/unit/uf-36.test.ts:2801	b	row of a specification table (spec reader / spec row id)	-	-	no
T1	T1-0519	tests identifier	T_041_ROWS [N:tg]	4	1	tests/unit/uf-39-40.test.ts:65 tests/unit/uf-39-40.test.ts:611 tests/unit/uf-39-40.test.ts:931	a	named identifier; TaskGroup / chart row (majority of its lines)	タスクグループ	taskGroup	no
T1	T1-0520	tests identifier	S_94_ROW [N:spec]	4	2	tests/unit/uf-47-48-history-bytes.test.ts:215 tests/unit/uf-47-48-history-bytes.test.ts:219 tests/unit/uf-8-9-history-depth.test.ts:38	b	named identifier; row of a specification table (majority of its lines)	-	-	no
T1	T1-0521	tests identifier	T_023D_TOP_ROW [N:spec]	4	1	tests/unit/uf-72-screen-part.test.ts:230 tests/unit/uf-72-screen-part.test.ts:2028 tests/unit/uf-72-screen-part.test.ts:2038	b	named identifier; row of a specification table (majority of its lines)	-	-	no
T1	T1-0522	tests identifier	rowExpanderClose [tg]	4	1	tests/unit/uf-72-screen-part.test.ts:1453 tests/unit/uf-72-screen-part.test.ts:2453 tests/unit/uf-72-screen-part.test.ts:2904	a	TaskGroup (the chart row) in test code	タスクグループ	taskGroup / TaskGroup / TASK_GROUP	no
T1	T1-0523	tests identifier	EXPANDER_ROWS [N:tg]	4	1	tests/unit/uf-72-screen-part.test.ts:2461 tests/unit/uf-72-screen-part.test.ts:2481 tests/unit/uf-72-screen-part.test.ts:2493	a	named identifier; TaskGroup / chart row (majority of its lines)	タスクグループ	taskGroup	no
T1	T1-0524	tests identifier	rowControlsOf [tg]	4	1	tests/unit/uf-72-screen-part.test.ts:3205 tests/unit/uf-72-screen-part.test.ts:3335 tests/unit/uf-72-screen-part.test.ts:3362	a	TaskGroup (the chart row) in test code	タスクグループ	taskGroup / TaskGroup / TASK_GROUP	no
T1	T1-0525	tests identifier	expectTheControlsEndTheRow [tg]	4	1	tests/unit/uf-72-screen-part.test.ts:3718 tests/unit/uf-72-screen-part.test.ts:3760 tests/unit/uf-72-screen-part.test.ts:3844	a	TaskGroup (the chart row) in test code	タスクグループ	taskGroup / TaskGroup / TASK_GROUP	no
T1	T1-0526	tests identifier	rowWithGroupId [tg]	4	1	tests/unit/uf-72-screen-part.test.ts:4654 tests/unit/uf-72-screen-part.test.ts:4703 tests/unit/uf-72-screen-part.test.ts:4707	a	TaskGroup (the chart row) in test code	タスクグループ	taskGroup / TaskGroup / TASK_GROUP	no
T1	T1-0527	tests identifier	onlyRow [N:tg]	4	1	tests/usecase/uc-001-place-a-task-and-set-its-period.test.ts:19 tests/usecase/uc-001-place-a-task-and-set-its-period.test.ts:20 tests/usecase/uc-001-place-a-task-and-set-its-period.test.ts:42	a	named identifier; TaskGroup / chart row (majority of its lines)	タスクグループ	taskGroup	no
T1	T1-0528	tests identifier	revealRow [tg]	4	2	tests/usecase/uc-002-build-rows-as-a-hierarchy.test.ts:3 tests/usecase/uc-002-build-rows-as-a-hierarchy.test.ts:90 tests/usecase/uc-harness.ts:206	a	TaskGroup (the chart row) in test code	タスクグループ	taskGroup / TaskGroup / TASK_GROUP	no
T1	T1-0529	tests identifier	deepestDrawnRow [tg]	4	1	tests/usecase/uc-007-bring-the-range-into-view.test.ts:25 tests/usecase/uc-007-bring-the-range-into-view.test.ts:88 tests/usecase/uc-007-bring-the-range-into-view.test.ts:90	a	TaskGroup (the chart row) in test code	タスクグループ	taskGroup / TaskGroup / TASK_GROUP	no
T1	T1-0530	tests identifier	_row [spec]	3	2	tests/contract/cr-425-help-separates-assignments-and-the-wheel-is-not-a-zero.test.ts:70 tests/contract/cr-425-help-separates-assignments-and-the-wheel-is-not-a-zero.test.ts:80 tests/contract/cr-606-the-colour-field-words-follow-cv-9.test.ts:65	b	row of a specification table (line context)	-	-	no
T1	T1-0531	tests identifier	ZO_THE_ROW_ORDER_IS_NOT_THE_ID_ORDER [N:spec]	3	1	tests/contract/cr-430-t-020-the-order-things-are-drawn.test.ts:38 tests/contract/cr-430-t-020-the-order-things-are-drawn.test.ts:266 tests/contract/cr-430-t-020-the-order-things-are-drawn.test.ts:271	b	named identifier; row of a specification table (majority of its lines)	-	-	no
T1	T1-0532	tests identifier	sizeRowOf [spec]	3	1	tests/contract/cr-430-table-pk-the-pointer-shapes.test.ts:94 tests/contract/cr-430-table-pk-the-pointer-shapes.test.ts:101 tests/contract/cr-430-table-pk-the-pointer-shapes.test.ts:299	b	row of a specification table (spec reader / spec row id)	-	-	no
T1	T1-0533	tests identifier	CLAIMED_ROWS [spec]	3	1	tests/contract/cr-441-t-274-principles-and-rows-both-ways.contract.test.ts:32 tests/contract/cr-441-t-274-principles-and-rows-both-ways.contract.test.ts:127 tests/contract/cr-441-t-274-principles-and-rows-both-ways.contract.test.ts:128	b	row of a specification table (spec reader / spec row id)	-	-	no
T1	T1-0534	tests identifier	readSearchRowsOf [search]	3	1	tests/contract/cr-571-agent-api-search.contract.test.ts:239 tests/contract/cr-571-agent-api-search.contract.test.ts:267 tests/contract/cr-571-agent-api-search.contract.test.ts:273	b	search-result row (SearchRow), not a TaskGroup	-	-	no
T1	T1-0535	tests identifier	stuckInEveryRow [N:spec]	3	1	tests/contract/cr-571-search-panel-view.test.ts:575 tests/contract/cr-571-search-panel-view.test.ts:580 tests/contract/cr-571-search-panel-view.test.ts:587	b	named identifier; row of a specification table (majority of its lines)	-	-	no
T1	T1-0536	tests identifier	FR_151_NOT_NOTES_NOR_ROW_NAMES [tgname]	3	1	tests/contract/cr-571-search-rows.contract.test.ts:31 tests/contract/cr-571-search-rows.contract.test.ts:207 tests/contract/cr-571-search-rows.contract.test.ts:266	a	TaskGroup.label (row name)	タスクグループ名	taskGroupName	no
T1	T1-0537	tests identifier	MACHINE_ROW_ESCAPE [state]	3	1	tests/contract/cr-576-two-hint-waits-and-the-dismissed-hint.contract.test.ts:36 tests/contract/cr-576-two-hint-waits-and-the-dismissed-hint.contract.test.ts:87 tests/contract/cr-576-two-hint-waits-and-the-dismissed-hint.contract.test.ts:265	b	row of a state-machine / transition table (spec)	-	-	no
T1	T1-0538	tests identifier	CHEVRON_ROWS [N:tg]	3	1	tests/contract/cr-576-zero-fade-ends-are-flat.contract.test.ts:247 tests/contract/cr-576-zero-fade-ends-are-flat.contract.test.ts:252 tests/contract/cr-576-zero-fade-ends-are-flat.contract.test.ts:277	a	named identifier; TaskGroup / chart row (majority of its lines)	タスクグループ	taskGroup	no
T1	T1-0539	tests identifier	Rows [tg~]	3	2	tests/contract/cr-588-the-pre-change-plan-outline.contract.test.ts:143 tests/contract/cr-588-the-pre-change-plan-outline.contract.test.ts:166 tests/unit/cr-567-an-imported-leaf-task-sits-on-its-parents-row.test.ts:77	a	TaskGroup / chart row (line silent: file majority)	タスクグループ	taskGroup	no
T1	T1-0540	tests identifier	GUIDE_ROW [N:spec]	3	1	tests/contract/cr-589-each-entry-rewrites-the-setting-its-cell-names.contract.test.ts:30 tests/contract/cr-589-each-entry-rewrites-the-setting-its-cell-names.contract.test.ts:56 tests/contract/cr-589-each-entry-rewrites-the-setting-its-cell-names.contract.test.ts:110	b	named identifier; row of a specification table (majority of its lines)	-	-	no
T1	T1-0541	tests identifier	FIRST_ROW [N:tg]	3	1	tests/contract/cr-593-an-unsettled-edit-lets-zoom-and-scroll-through.test.ts:70 tests/contract/cr-593-an-unsettled-edit-lets-zoom-and-scroll-through.test.ts:78 tests/contract/cr-593-an-unsettled-edit-lets-zoom-and-scroll-through.test.ts:88	a	named identifier; TaskGroup / chart row (majority of its lines)	タスクグループ	taskGroup	no
T1	T1-0542	tests identifier	ShellRow [N:tg]	3	1	tests/contract/cr-596-a-click-on-the-mark-jumps-and-marks-the-landing.contract.test.ts:1465 tests/contract/cr-596-a-click-on-the-mark-jumps-and-marks-the-landing.contract.test.ts:1502 tests/contract/cr-596-a-click-on-the-mark-jumps-and-marks-the-landing.contract.test.ts:1559	a	named identifier; TaskGroup / chart row (majority of its lines)	タスクグループ	taskGroup	no
T1	T1-0543	tests identifier	WHEEL_ROWS [ui]	3	1	tests/contract/cr-601-the-landing-mark-stays-while-the-view-moves.contract.test.ts:199 tests/contract/cr-601-the-landing-mark-stays-while-the-view-moves.contract.test.ts:516 tests/contract/cr-601-the-landing-mark-stays-while-the-view-moves.contract.test.ts:688	b	row of another on-screen table/list (help, palette, roster, report, calendar)	-	-	no
T1	T1-0544	tests identifier	isInRowArea [area]	3	1	tests/contract/cr-601-the-landing-mark-stays-while-the-view-moves.contract.test.ts:495 tests/contract/cr-601-the-landing-mark-stays-while-the-view-moves.contract.test.ts:510	c	Row Area region name (no proposed wording)	タスクグループ領域?	taskGroupArea?	no
T1	T1-0545	tests identifier	IN_ROW_AREA [area]	3	1	tests/contract/cr-601-the-landing-mark-stays-while-the-view-moves.contract.test.ts:678 tests/contract/cr-601-the-landing-mark-stays-while-the-view-moves.contract.test.ts:683 tests/contract/cr-601-the-landing-mark-stays-while-the-view-moves.contract.test.ts:689	c	Row Area region name (no proposed wording)	タスクグループ領域?	taskGroupArea?	no
T1	T1-0546	tests identifier	rowOfColumns [spec]	3	1	tests/contract/cr-606-a-milestone-date-is-one-input.test.ts:47 tests/contract/cr-606-a-milestone-date-is-one-input.test.ts:52 tests/contract/cr-606-a-milestone-date-is-one-input.test.ts:53	b	row of a specification table (spec reader / spec row id)	-	-	no
T1	T1-0547	tests identifier	t236Row [spec]	3	1	tests/contract/cr-606-the-colour-field-words-follow-cv-9.test.ts:76 tests/contract/cr-606-the-colour-field-words-follow-cv-9.test.ts:81 tests/contract/cr-606-the-colour-field-words-follow-cv-9.test.ts:131	b	row of a specification table (spec reader / spec row id)	-	-	no
T1	T1-0548	tests identifier	FR_009_ROWS [N:spec]	3	1	tests/contract/cr-606-the-panel-rows-follow-t-016.test.ts:39 tests/contract/cr-606-the-panel-rows-follow-t-016.test.ts:61 tests/contract/cr-606-the-panel-rows-follow-t-016.test.ts:291	b	named identifier; row of a specification table (majority of its lines)	-	-	no
T1	T1-0549	tests identifier	theRow [N:ui]	3	1	tests/contract/cr-607-the-settings-panel-resets-grs.test.ts:616 tests/contract/cr-607-the-settings-panel-resets-grs.test.ts:618 tests/contract/cr-607-the-settings-panel-resets-grs.test.ts:621	b	named identifier; row of another on-screen table/list (majority of its lines)	-	-	no
T1	T1-0550	tests identifier	ROW_WORD [tg]	3	1	tests/contract/cr-608-delete-all-opens-level-zero.test.ts:276 tests/contract/cr-608-delete-all-opens-level-zero.test.ts:293 tests/contract/cr-608-delete-all-opens-level-zero.test.ts:310	a	TaskGroup (the chart row) in test code	タスクグループ	taskGroup / TaskGroup / TASK_GROUP	no
T1	T1-0551	tests identifier	T107Row [spec]	3	1	tests/contract/cr-613-seam-2-mcp-tool-translator.contract.test.ts:20 tests/contract/cr-613-seam-2-mcp-tool-translator.contract.test.ts:35 tests/contract/cr-613-seam-2-mcp-tool-translator.contract.test.ts:39	b	row of a specification table (spec reader / spec row id)	-	-	no
T1	T1-0552	tests identifier	G_ROW [N:tg]	3	1	tests/contract/cr-660-the-two-tables-lead-with-status-and-filter-like-excel.contract.test.ts:157 tests/contract/cr-660-the-two-tables-lead-with-status-and-filter-like-excel.contract.test.ts:175 tests/contract/cr-660-the-two-tables-lead-with-status-and-filter-like-excel.contract.test.ts:176	a	named identifier; TaskGroup / chart row (majority of its lines)	タスクグループ	taskGroup	no
T1	T1-0553	tests identifier	EL_20_ROW_DRAWN [N:tg]	3	1	tests/contract/cr-661-only-the-checked-tasks-are-laid-and-drawn.contract.test.ts:30 tests/contract/cr-661-only-the-checked-tasks-are-laid-and-drawn.contract.test.ts:42 tests/contract/cr-661-only-the-checked-tasks-are-laid-and-drawn.contract.test.ts:236	a	named identifier; TaskGroup / chart row (majority of its lines)	タスクグループ	taskGroup	no
T1	T1-0554	tests identifier	FR_154_ROW_SHAPE [N:spec]	3	1	tests/contract/cr-668-a-non-working-end-day-asks-before-the-calendar-changes.contract.test.ts:31 tests/contract/cr-668-a-non-working-end-day-asks-before-the-calendar-changes.contract.test.ts:43 tests/contract/cr-668-a-non-working-end-day-asks-before-the-calendar-changes.contract.test.ts:226	b	named identifier; row of a specification table (majority of its lines)	-	-	no
T1	T1-0555	tests identifier	wholeRowOf [N:spec]	3	1	tests/contract/dfc-130-pr-1-pr-2-reach-the-document.test.ts:152 tests/contract/dfc-130-pr-1-pr-2-reach-the-document.test.ts:501 tests/contract/dfc-130-pr-1-pr-2-reach-the-document.test.ts:502	b	named identifier; row of a specification table (majority of its lines)	-	-	no
T1	T1-0556	tests identifier	newRows [N:tg]	3	1	tests/contract/dfc-290-d-321-fr-033-copy-and-paste-reach-the-document.test.ts:590 tests/contract/dfc-290-d-321-fr-033-copy-and-paste-reach-the-document.test.ts:591 tests/contract/dfc-290-d-321-fr-033-copy-and-paste-reach-the-document.test.ts:594	a	named identifier; TaskGroup / chart row (majority of its lines)	タスクグループ	taskGroup	no
T1	T1-0557	tests identifier	rowsCovered [N:spec]	3	1	tests/contract/dfc-295-entering-the-dual-cursor-drops-the-arm.test.ts:459 tests/contract/dfc-295-entering-the-dual-cursor-drops-the-arm.test.ts:460 tests/contract/dfc-295-entering-the-dual-cursor-drops-the-arm.test.ts:461	b	named identifier; row of a specification table (majority of its lines)	-	-	no
T1	T1-0558	tests identifier	tomorrow [eng]	3	3	tests/contract/dfc-355-the-four-rulings-of-2026-09-07.test.ts:622 tests/unit/fr-072-a-moved-selection-does-not-open-the-panel.test.ts:13 tests/unit/uf-72-screen-part.test.ts:294	b	English word that only contains row (tomorrow)	-	-	no
T1	T1-0559	tests identifier	ANCHOR_NO_ROW [N:spec]	3	1	tests/contract/dfc-568-gr-14-corners-anchor-and-body.test.ts:86 tests/contract/dfc-568-gr-14-corners-anchor-and-body.test.ts:1118 tests/contract/dfc-568-gr-14-corners-anchor-and-body.test.ts:1254	b	named identifier; row of a specification table (majority of its lines)	-	-	no
T1	T1-0560	tests identifier	HB_1_ROW [N:spec]	3	1	tests/contract/dfc-568-gr-14-corners-anchor-and-body.test.ts:103 tests/contract/dfc-568-gr-14-corners-anchor-and-body.test.ts:595 tests/contract/dfc-568-gr-14-corners-anchor-and-body.test.ts:598	b	named identifier; row of a specification table (majority of its lines)	-	-	no
T1	T1-0561	tests identifier	FOLDED_ROWS [tg]	3	1	tests/contract/dfc-568-gr-14-corners-anchor-and-body.test.ts:244 tests/contract/dfc-568-gr-14-corners-anchor-and-body.test.ts:670 tests/contract/dfc-568-gr-14-corners-anchor-and-body.test.ts:795	a	TaskGroup (the chart row) in test code	タスクグループ	taskGroup / TaskGroup / TASK_GROUP	no
T1	T1-0562	tests identifier	inRowB [N:tg]	3	1	tests/contract/dfc-568-gr-14-corners-anchor-and-body.test.ts:796 tests/contract/dfc-568-gr-14-corners-anchor-and-body.test.ts:798	a	named identifier; TaskGroup / chart row (majority of its lines)	タスクグループ	taskGroup	no
T1	T1-0563	tests identifier	emptyRowTaskUids [N:tg]	3	3	tests/contract/dfc-577-iv-21-import-refuses-a-negative-actual.test.ts:141 tests/unit/cr-646-grs-json-shape.test.ts:139 tests/unit/uf-8-9-replace-document.test.ts:1163	a	named identifier; TaskGroup / chart row (majority of its lines)	タスクグループ	taskGroup	no
T1	T1-0564	tests identifier	rowsPlacedOn [tg]	3	1	tests/contract/dfc-587-title-row-entries-are-drawn.test.ts:46 tests/contract/dfc-587-title-row-entries-are-drawn.test.ts:63 tests/contract/dfc-587-title-row-entries-are-drawn.test.ts:240	a	TaskGroup (the chart row) in test code	タスクグループ	taskGroup / TaskGroup / TASK_GROUP	no
T1	T1-0565	tests identifier	RESTORE_ROW [N:tg]	3	1	tests/contract/dfc-587-title-row-entries-are-drawn.test.ts:60 tests/contract/dfc-587-title-row-entries-are-drawn.test.ts:239 tests/contract/dfc-587-title-row-entries-are-drawn.test.ts:274	a	named identifier; TaskGroup / chart row (majority of its lines)	タスクグループ	taskGroup	no
T1	T1-0566	tests identifier	rowsOnTheFace [N:tg]	3	1	tests/contract/dfc-587-title-row-entries-are-drawn.test.ts:287 tests/contract/dfc-587-title-row-entries-are-drawn.test.ts:296 tests/contract/dfc-587-title-row-entries-are-drawn.test.ts:304	a	named identifier; TaskGroup / chart row (majority of its lines)	タスクグループ	taskGroup	no
T1	T1-0567	tests identifier	BODY_ROW [N:ui]	3	1	tests/contract/dfc-806-double-clicking-a-highlight-box-focuses-its-frame-colour.test.ts:43 tests/contract/dfc-806-double-clicking-a-highlight-box-focuses-its-frame-colour.test.ts:288 tests/contract/dfc-806-double-clicking-a-highlight-box-focuses-its-frame-colour.test.ts:350	b	named identifier; row of another on-screen table/list (majority of its lines)	-	-	no
T1	T1-0568	tests identifier	TASKED_ROWS [N:tg]	3	1	tests/contract/dfc-806-double-clicking-a-highlight-box-focuses-its-frame-colour.test.ts:63 tests/contract/dfc-806-double-clicking-a-highlight-box-focuses-its-frame-colour.test.ts:87 tests/contract/dfc-806-double-clicking-a-highlight-box-focuses-its-frame-colour.test.ts:91	a	named identifier; TaskGroup / chart row (majority of its lines)	タスクグループ	taskGroup	no
T1	T1-0569	tests identifier	ROWS_ON_THE_SETTINGS_FACE [N:spec]	3	1	tests/contract/display-words.contract.test.ts:172 tests/contract/display-words.contract.test.ts:1459 tests/contract/display-words.contract.test.ts:1478	b	named identifier; row of a specification table (majority of its lines)	-	-	no
T1	T1-0570	tests identifier	SCHEDULE_WITH_A_ROW [N:spec]	3	1	tests/contract/display-words.contract.test.ts:1188 tests/contract/display-words.contract.test.ts:1204 tests/contract/display-words.contract.test.ts:1212	b	named identifier; row of a specification table (majority of its lines)	-	-	no
T1	T1-0571	tests identifier	placedRows [tg]	3	1	tests/contract/display-words.contract.test.ts:1209 tests/contract/display-words.contract.test.ts:1215 tests/contract/display-words.contract.test.ts:2036	a	TaskGroup (the chart row) in test code	タスクグループ	taskGroup / TaskGroup / TASK_GROUP	no
T1	T1-0572	tests identifier	ROW_MIN_HEIGHT_PX_SLOT [spec]	3	1	tests/contract/display-words.contract.test.ts:2015 tests/contract/display-words.contract.test.ts:2026 tests/contract/display-words.contract.test.ts:2556	b	row of a specification table (spec reader / spec row id)	-	-	no
T1	T1-0573	tests identifier	glyphRowsIn [ui]	3	1	tests/contract/display-words.contract.test.ts:2455 tests/contract/display-words.contract.test.ts:2469 tests/contract/display-words.contract.test.ts:2473	b	row of another on-screen table/list (help, palette, roster, report, calendar)	-	-	no
T1	T1-0574	tests identifier	keyRowsWithoutEntrance [spec]	3	1	tests/contract/display-words.contract.test.ts:2870 tests/contract/display-words.contract.test.ts:2874 tests/contract/display-words.contract.test.ts:2884	b	row of a specification table (spec reader / spec row id)	-	-	no
T1	T1-0575	tests identifier	keyRowsOnTheirOwn [spec]	3	1	tests/contract/display-words.contract.test.ts:2878 tests/contract/display-words.contract.test.ts:2882 tests/contract/display-words.contract.test.ts:2886	b	row of a specification table (spec reader / spec row id)	-	-	no
T1	T1-0576	tests identifier	KIND_BY_ROW [spec]	3	1	tests/contract/document-invariants.contract.test.ts:148 tests/contract/document-invariants.contract.test.ts:974 tests/contract/document-invariants.contract.test.ts:1000	b	row of a specification table (spec reader / spec row id)	-	-	no
T1	T1-0577	tests identifier	REASON_IS_A_T233_ROW [spec]	3	1	tests/contract/e24-paste-refused-while-several-rows-are-chosen.test.ts:29 tests/contract/e24-paste-refused-while-several-rows-are-chosen.test.ts:40 tests/contract/e24-paste-refused-while-several-rows-are-chosen.test.ts:51	b	row of a specification table (spec reader / spec row id)	-	-	no
T1	T1-0578	tests identifier	T_237_ROWS [N:spec]	3	1	tests/contract/fr-029-in-effect-is-filled-not-rimmed.test.ts:150 tests/contract/fr-029-in-effect-is-filled-not-rimmed.test.ts:164 tests/contract/fr-029-in-effect-is-filled-not-rimmed.test.ts:366	b	named identifier; row of a specification table (majority of its lines)	-	-	no
T1	T1-0579	tests identifier	oneRowTaller [tgfix]	3	1	tests/contract/ix-4-ep-1-the-exported-height-is-whole-and-the-title-stays-inside.test.ts:174 tests/contract/ix-4-ep-1-the-exported-height-is-whole-and-the-title-stays-inside.test.ts:322 tests/contract/ix-4-ep-1-the-exported-height-is-whole-and-the-title-stays-inside.test.ts:323	a	fixture TaskGroup id / document builder	タスクグループ	task-group id value / taskGroupDocument	no
T1	T1-0580	tests identifier	ROW_ID_HEADING [spec]	3	1	tests/contract/spec-table.ts:65 tests/contract/spec-table.ts:142 tests/contract/spec-table.ts:158	b	row of a specification table (spec reader / spec row id)	-	-	no
T1	T1-0581	tests identifier	FIELD_ROWS [field]	3	1	tests/contract/state-machine-field-entry.contract.test.ts:87 tests/contract/state-machine-field-entry.contract.test.ts:102 tests/contract/state-machine-field-entry.contract.test.ts:108	b	properties/settings panel field row, not a TaskGroup	-	-	no
T1	T1-0582	tests identifier	bringCreatedRowIntoSight [tg]	3	2	tests/contract/state-machine-field-entry.contract.test.ts:185 tests/contract/state-machine-field-entry.contract.test.ts:186 tests/unit/uf-123-session-effects.test.ts:128	a	TaskGroup (the chart row) in test code	タスクグループ	taskGroup / TaskGroup / TASK_GROUP	no
T1	T1-0583	tests identifier	ROW [ui]	3	2	tests/contract/t-233-reason-words-tell-the-row.contract.test.ts:1 tests/unit/uf-47-48-choosers.test.ts:2103 tests/unit/uf-47-48-choosers.test.ts:2280	b	row of another on-screen table/list (line context)	-	-	no
T1	T1-0584	tests identifier	T_337_NO_PART_WITHOUT_A_ROW [N:spec]	3	1	tests/contract/t-337-screen-z-order.contract.test.ts:39 tests/contract/t-337-screen-z-order.contract.test.ts:48 tests/contract/t-337-screen-z-order.contract.test.ts:276	b	named identifier; row of a specification table (majority of its lines)	-	-	no
T1	T1-0585	tests identifier	CLAUSE_ROWS_IN_THE_DOCUMENT [N:spec]	3	1	tests/contract/w3-t3-enter-and-the-two-selections.test.ts:25 tests/contract/w3-t3-enter-and-the-two-selections.test.ts:61 tests/contract/w3-t3-enter-and-the-two-selections.test.ts:101	b	named identifier; row of a specification table (majority of its lines)	-	-	no
T1	T1-0586	tests identifier	FAILURE_ROWS [spec]	3	1	tests/contract/w3-t4-a-failure-notice-says-what-to-do-next.test.ts:15 tests/contract/w3-t4-a-failure-notice-says-what-to-do-next.test.ts:30 tests/contract/w3-t4-a-failure-notice-says-what-to-do-next.test.ts:35	b	row of a specification table (spec reader / spec row id)	-	-	no
T1	T1-0587	tests identifier	IX_10_NO_ROWS [N:spec]	3	1	tests/contract/w3-t4-a-saved-export-span-draws-one-picture.test.ts:41 tests/contract/w3-t4-a-saved-export-span-draws-one-picture.test.ts:206 tests/contract/w3-t4-a-saved-export-span-draws-one-picture.test.ts:270	b	named identifier; row of a specification table (majority of its lines)	-	-	no
T1	T1-0588	tests identifier	OPEN_ROWS [tg]	3	1	tests/fixtures/field-edit-notices.ts:5 tests/fixtures/field-edit-notices.ts:10 tests/fixtures/field-edit-notices.ts:15	a	TaskGroup (the chart row) in test code	タスクグループ	taskGroup / TaskGroup / TASK_GROUP	no
T1	T1-0589	tests identifier	MeasuredRow [ui]	3	1	tests/system/cr-381-row-names-drawn-at-their-own-size.test.ts:34 tests/system/cr-381-row-names-drawn-at-their-own-size.test.ts:102 tests/system/cr-381-row-names-drawn-at-their-own-size.test.ts:105	b	row of another on-screen table/list (help, palette, roster, report, calendar)	-	-	no
T1	T1-0590	tests identifier	measureRows [ui]	3	1	tests/system/cr-381-row-names-drawn-at-their-own-size.test.ts:102 tests/system/cr-381-row-names-drawn-at-their-own-size.test.ts:163 tests/system/cr-381-row-names-drawn-at-their-own-size.test.ts:183	b	row of another on-screen table/list (help, palette, roster, report, calendar)	-	-	no
T1	T1-0591	tests identifier	HF_6_NOT_THE_LOWER_ROW [N:spec]	3	1	tests/system/cr-553-a-shown-control-group-stays-its-row.test.ts:25 tests/system/cr-553-a-shown-control-group-stays-its-row.test.ts:237 tests/system/cr-553-a-shown-control-group-stays-its-row.test.ts:264	b	named identifier; row of a specification table (majority of its lines)	-	-	no
T1	T1-0592	tests identifier	rowBottom [tg]	3	1	tests/system/cr-553-a-shown-control-group-stays-its-row.test.ts:254 tests/system/cr-553-a-shown-control-group-stays-its-row.test.ts:255 tests/system/cr-553-a-shown-control-group-stays-its-row.test.ts:259	a	TaskGroup (the chart row) in test code	タスクグループ	taskGroup / TaskGroup / TASK_GROUP	no
T1	T1-0593	tests identifier	RS_15_ROW [N:tg]	3	1	tests/system/cr-562-the-image-to-grs-json-prompt-is-copied.test.ts:41 tests/system/cr-562-the-image-to-grs-json-prompt-is-copied.test.ts:55 tests/system/cr-562-the-image-to-grs-json-prompt-is-copied.test.ts:341	a	named identifier; TaskGroup / chart row (majority of its lines)	タスクグループ	taskGroup	no
T1	T1-0594	tests identifier	ROW_ZOOM_ENLARGE [axis]	3	2	tests/system/cr-570-tree-state-on-the-large-sample.test.ts:21 tests/system/cr-570-tree-state-on-the-large-sample.test.ts:242 tests/system/cr-570-tree-state-stage.ts:40	c	row axis / row zoom (行軸, settled name)	行軸（利用者判断）	row axis (user decides)	no
T1	T1-0595	tests identifier	RG_16_ROW [N:spec]	3	1	tests/system/cr-597-the-search-panel-word-jump-and-grab.test.ts:52 tests/system/cr-597-the-search-panel-word-jump-and-grab.test.ts:324 tests/system/cr-597-the-search-panel-word-jump-and-grab.test.ts:602	b	named identifier; row of a specification table (majority of its lines)	-	-	no
T1	T1-0596	tests identifier	rowIndex [N:spec]	3	1	tests/system/cr-597-the-search-panel-word-jump-and-grab.test.ts:235 tests/system/cr-597-the-search-panel-word-jump-and-grab.test.ts:246 tests/system/cr-597-the-search-panel-word-jump-and-grab.test.ts:248	b	named identifier; row of a specification table (majority of its lines)	-	-	no
T1	T1-0597	tests identifier	expectTheColourRowsLineUp [spec]	3	1	tests/system/cr-664-the-colour-rows-line-up-with-the-other-fields.test.ts:141 tests/system/cr-664-the-colour-rows-line-up-with-the-other-fields.test.ts:214 tests/system/cr-664-the-colour-rows-line-up-with-the-other-fields.test.ts:219	b	row of a specification table (spec reader / spec row id)	-	-	no
T1	T1-0598	tests identifier	DOCUMENT_NAME_ROWS [ui]	3	1	tests/system/cr-671-document-name-choosers-fit-the-panel.test.ts:202 tests/system/cr-671-document-name-choosers-fit-the-panel.test.ts:234 tests/system/cr-671-document-name-choosers-fit-the-panel.test.ts:239	b	row of another on-screen table/list (help, palette, roster, report, calendar)	-	-	no
T1	T1-0599	tests identifier	MULTILINE_ROWS [line]	3	1	tests/system/divider-colour-corner-and-sticky-field.test.ts:69 tests/system/divider-colour-corner-and-sticky-field.test.ts:648 tests/system/divider-colour-corner-and-sticky-field.test.ts:650	b	a line of text	-	-	no
T1	T1-0600	tests identifier	COMMENT_BOX_ROWS [search]	3	1	tests/system/divider-colour-corner-and-sticky-field.test.ts:133 tests/system/divider-colour-corner-and-sticky-field.test.ts:628 tests/system/divider-colour-corner-and-sticky-field.test.ts:630	b	search-result row (SearchRow), not a TaskGroup	-	-	no
T1	T1-0601	tests identifier	PAIR_ROW [N:spec]	3	1	tests/system/drawn-svg-normalization.sws.test.ts:16 tests/system/drawn-svg-normalization.sws.test.ts:169 tests/system/drawn-svg-normalization.sws.test.ts:262	b	named identifier; row of a specification table (majority of its lines)	-	-	no
T1	T1-0602	tests identifier	ROW_PIN_ENTRANCE [tg]	3	1	tests/system/fr-019-hm-9-the-row-tree-decides-what-is-below.test.ts:91 tests/system/fr-019-hm-9-the-row-tree-decides-what-is-below.test.ts:534 tests/system/fr-019-hm-9-the-row-tree-decides-what-is-below.test.ts:535	a	TaskGroup (the chart row) in test code	タスクグループ	taskGroup / TaskGroup / TASK_GROUP	no
T1	T1-0603	tests identifier	keyedShortcutRows [spec]	3	1	tests/system/measured-sweep.test.ts:558 tests/system/measured-sweep.test.ts:1526 tests/system/measured-sweep.test.ts:1647	b	row of a specification table (spec reader / spec row id)	-	-	no
T1	T1-0604	tests identifier	drawnRowTitles [title]	3	1	tests/system/measured-sweep.test.ts:3095 tests/system/measured-sweep.test.ts:3214 tests/system/measured-sweep.test.ts:3310	c	row title cell / RowTitle control (行見出し) -- name or title unclear	タスクグループ見出し	taskGroupTitle	no
T1	T1-0605	tests identifier	drawnRowsAndPanel [panel]	3	1	tests/system/measured-sweep.test.ts:3796 tests/system/measured-sweep.test.ts:3978 tests/system/measured-sweep.test.ts:4016	a	Row Title Panel (U-22) in test code	タスクグループパネル	taskGroupPanel / Task Group Panel	no
T1	T1-0606	tests identifier	rowTop [tg]	3	1	tests/system/measured-sweep.test.ts:3830 tests/system/measured-sweep.test.ts:3838 tests/system/measured-sweep.test.ts:3852	a	TaskGroup (the chart row) in test code	タスクグループ	taskGroup / TaskGroup / TASK_GROUP	no
T1	T1-0607	tests identifier	CLOSE_ENTRY_ROW [ui]	3	1	tests/system/mspdi-normalization.sws.test.ts:31 tests/system/mspdi-normalization.sws.test.ts:545 tests/system/mspdi-normalization.sws.test.ts:549	b	row of another on-screen table/list (help, palette, roster, report, calendar)	-	-	no
T1	T1-0608	tests identifier	WHITESPACE_ROW [line]	3	1	tests/system/mspdi-normalization.sws.test.ts:37 tests/system/mspdi-normalization.sws.test.ts:561 tests/system/mspdi-normalization.sws.test.ts:600	b	a line of text	-	-	no
T1	T1-0609	tests identifier	REPEAT_ROW [N:spec]	3	1	tests/system/mspdi-normalization.sws.test.ts:54 tests/system/mspdi-normalization.sws.test.ts:640 tests/system/mspdi-normalization.sws.test.ts:674	b	named identifier; row of a specification table (majority of its lines)	-	-	no
T1	T1-0610	tests identifier	emptyPointOnADrawnRow [tg]	3	1	tests/system/open-defect-pins.test.ts:282 tests/system/open-defect-pins.test.ts:432 tests/system/open-defect-pins.test.ts:461	a	TaskGroup (the chart row) in test code	タスクグループ	taskGroup / TaskGroup / TASK_GROUP	no
T1	T1-0611	tests identifier	namesTheSameRow [N:tg]	3	1	tests/system/pinned-band-and-the-empty-document.test.ts:179 tests/system/pinned-band-and-the-empty-document.test.ts:198 tests/system/pinned-band-and-the-empty-document.test.ts:346	a	named identifier; TaskGroup / chart row (majority of its lines)	タスクグループ	taskGroup	no
T1	T1-0612	tests identifier	rowsStatingARule [spec]	3	1	tests/system/single-html-policy.sws.test.ts:191 tests/system/single-html-policy.sws.test.ts:198 tests/system/single-html-policy.sws.test.ts:208	b	row of a specification table (spec reader / spec row id)	-	-	no
T1	T1-0613	tests identifier	hashRow [line]	3	1	tests/system/single-html-policy.sws.test.ts:212 tests/system/single-html-policy.sws.test.ts:213 tests/system/single-html-policy.sws.test.ts:215	b	a line of text	-	-	no
T1	T1-0614	tests identifier	readDrawnRowNames [tgname]	3	1	tests/system/three-rows-read-from-the-spec-alone.test.ts:585 tests/system/three-rows-read-from-the-spec-alone.test.ts:786 tests/system/three-rows-read-from-the-spec-alone.test.ts:809	a	TaskGroup.label (row name)	タスクグループ名	taskGroupName	no
T1	T1-0615	tests identifier	ROW_PANEL_ENTRANCE_CLEAR_PX [panel]	3	1	tests/system/user-reported-fixes.test.ts:47 tests/system/user-reported-fixes.test.ts:56 tests/system/user-reported-fixes.test.ts:617	a	Row Title Panel (U-22) in test code	タスクグループパネル	taskGroupPanel / Task Group Panel	no
T1	T1-0616	tests identifier	NARROWEST_ROW_PANEL_ENTRANCE_PX [panel]	3	1	tests/system/user-reported-fixes.test.ts:55 tests/system/user-reported-fixes.test.ts:618 tests/system/user-reported-fixes.test.ts:619	a	Row Title Panel (U-22) in test code	タスクグループパネル	taskGroupPanel / Task Group Panel	no
T1	T1-0617	tests identifier	rowPitchOf [tg]	3	1	tests/system/user-reported-fixes.test.ts:1209 tests/system/user-reported-fixes.test.ts:1351 tests/system/user-reported-fixes.test.ts:1366	a	TaskGroup (the chart row) in test code	タスクグループ	taskGroup / TaskGroup / TASK_GROUP	no
T1	T1-0618	tests identifier	IX_14_ALL_ROWS [N:spec]	3	1	tests/system/w3-t1-the-export-span-picture.test.ts:16 tests/system/w3-t1-the-export-span-picture.test.ts:117 tests/system/w3-t1-the-export-span-picture.test.ts:128	b	named identifier; row of a specification table (majority of its lines)	-	-	no
T1	T1-0619	tests identifier	screenRowPitch [tg]	3	1	tests/system/w3-t1-the-export-span-picture.test.ts:104 tests/system/w3-t1-the-export-span-picture.test.ts:150 tests/system/w3-t1-the-export-span-picture.test.ts:156	a	TaskGroup (the chart row) in test code	タスクグループ	taskGroup / TaskGroup / TASK_GROUP	no
T1	T1-0620	tests identifier	rowsPastTheCap [N:tg]	3	1	tests/system/w3-t1-the-export-span-picture.test.ts:210 tests/system/w3-t1-the-export-span-picture.test.ts:211 tests/system/w3-t1-the-export-span-picture.test.ts:214	a	named identifier; TaskGroup / chart row (majority of its lines)	タスクグループ	taskGroup	no
T1	T1-0621	tests identifier	ROW_NAME_BASELINE [tgname]	3	1	tests/system/w3-t2-file-and-picture-clauses.test.ts:37 tests/system/w3-t2-file-and-picture-clauses.test.ts:46 tests/system/w3-t2-file-and-picture-clauses.test.ts:250	a	TaskGroup.label (row name)	タスクグループ名	taskGroupName	no
T1	T1-0622	tests identifier	ofThemeRow [spec]	3	1	tests/system/w3-t2-screen-clauses.test.ts:296 tests/system/w3-t2-screen-clauses.test.ts:299 tests/system/w3-t2-screen-clauses.test.ts:305	b	row of a specification table (spec reader / spec row id)	-	-	no
T1	T1-0623	tests identifier	rowSpan [N:tg]	3	1	tests/system/w3-t5-header-palette-chooser-and-open-rules.test.ts:223 tests/system/w3-t5-header-palette-chooser-and-open-rules.test.ts:226 tests/system/w3-t5-header-palette-chooser-and-open-rules.test.ts:235	a	named identifier; TaskGroup / chart row (majority of its lines)	タスクグループ	taskGroup	no
T1	T1-0624	tests identifier	rowsWithAnExtension [spec]	3	1	tests/unit/cr-378-an-import-is-an-edge-and-json-sits-with-its-owner.test.ts:266 tests/unit/cr-378-an-import-is-an-edge-and-json-sits-with-its-owner.test.ts:270 tests/unit/cr-378-an-import-is-an-edge-and-json-sits-with-its-owner.test.ts:273	b	row of a specification table (spec reader / spec row id)	-	-	no
T1	T1-0625	tests identifier	manuscriptRowWord [spec]	3	1	tests/unit/cr-378-an-import-is-an-edge-and-json-sits-with-its-owner.test.ts:287 tests/unit/cr-378-an-import-is-an-edge-and-json-sits-with-its-owner.test.ts:297 tests/unit/cr-378-an-import-is-an-edge-and-json-sits-with-its-owner.test.ts:298	b	row of a specification table (spec reader / spec row id)	-	-	no
T1	T1-0626	tests identifier	groupRow [tg]	3	1	tests/unit/cr-383-fr-009-the-dependency-line-follows-the-pointer.test.ts:148 tests/unit/cr-383-fr-009-the-dependency-line-follows-the-pointer.test.ts:171	a	TaskGroup (the chart row) in test code	タスクグループ	taskGroup / TaskGroup / TASK_GROUP	no
T1	T1-0627	tests identifier	BASIC_ROWS [spec]	3	1	tests/unit/cr-405-the-help-scrolls-down-in-three-columns.test.ts:129 tests/unit/cr-405-the-help-scrolls-down-in-three-columns.test.ts:168 tests/unit/cr-405-the-help-scrolls-down-in-three-columns.test.ts:205	b	row of a specification table (spec reader / spec row id)	-	-	no
T1	T1-0628	tests identifier	ROW_ENTRANCES [N:ui]	3	1	tests/unit/cr-406-the-resource-roster-is-a-ruled-grid.test.ts:84 tests/unit/cr-406-the-resource-roster-is-a-ruled-grid.test.ts:95 tests/unit/cr-406-the-resource-roster-is-a-ruled-grid.test.ts:286	b	named identifier; row of another on-screen table/list (majority of its lines)	-	-	no
T1	T1-0629	tests identifier	row-gap [css]	3	1	tests/unit/cr-406-the-resource-roster-is-a-ruled-grid.test.ts:345 tests/unit/cr-406-the-resource-roster-is-a-ruled-grid.test.ts:355 tests/unit/cr-406-the-resource-roster-is-a-ruled-grid.test.ts:357	b	CSS/DOM/HTML table vocabulary	-	-	no
T1	T1-0630	tests identifier	rowNames [tgname]	3	1	tests/unit/cr-419-names-draw-heavier-and-every-text-shares-one-typeface-list.test.ts:333 tests/unit/cr-419-names-draw-heavier-and-every-text-shares-one-typeface-list.test.ts:334 tests/unit/cr-419-names-draw-heavier-and-every-text-shares-one-typeface-list.test.ts:335	a	TaskGroup.label (row name)	タスクグループ名	taskGroupName	no
T1	T1-0631	tests identifier	RowInput [tgfix]	3	1	tests/unit/cr-423-the-row-zoom-stops-where-the-picture-stops-changing.test.ts:416 tests/unit/cr-423-the-row-zoom-stops-where-the-picture-stops-changing.test.ts:418 tests/unit/cr-423-the-row-zoom-stops-where-the-picture-stops-changing.test.ts:424	a	fixture TaskGroup id / document builder	タスクグループ	task-group id value / taskGroupDocument	no
T1	T1-0632	tests identifier	TaskRow [N:tg]	3	1	tests/unit/cr-429-mspdi-fixtures.ts:164 tests/unit/cr-429-mspdi-fixtures.ts:187 tests/unit/cr-429-mspdi-fixtures.ts:228	a	named identifier; TaskGroup / chart row (majority of its lines)	タスクグループ	taskGroup	no
T1	T1-0633	tests identifier	ROW_PIN [tg]	3	1	tests/unit/cr-439-row-title-panel-controls-and-pins.test.ts:62 tests/unit/cr-439-row-title-panel-controls-and-pins.test.ts:223 tests/unit/cr-439-row-title-panel-controls-and-pins.test.ts:231	a	TaskGroup (the chart row) in test code	タスクグループ	taskGroup / TaskGroup / TASK_GROUP	no
T1	T1-0634	tests identifier	CD_6_ONE_ROW [N:tg]	3	1	tests/unit/cr-551-delete-all-rows-date-fields-and-colour-field.test.ts:198 tests/unit/cr-551-delete-all-rows-date-fields-and-colour-field.test.ts:218 tests/unit/cr-551-delete-all-rows-date-fields-and-colour-field.test.ts:259	a	named identifier; TaskGroup / chart row (majority of its lines)	タスクグループ	taskGroup	no
T1	T1-0635	tests identifier	rowPanel [panel]	3	1	tests/unit/cr-551-delete-all-rows-date-fields-and-colour-field.test.ts:517 tests/unit/cr-551-delete-all-rows-date-fields-and-colour-field.test.ts:589 tests/unit/cr-551-delete-all-rows-date-fields-and-colour-field.test.ts:606	a	Row Title Panel (U-22) in test code	タスクグループパネル	taskGroupPanel / Task Group Panel	no
T1	T1-0636	tests identifier	rowPalettes [N:ui]	3	1	tests/unit/cr-551-delete-all-rows-date-fields-and-colour-field.test.ts:590 tests/unit/cr-551-delete-all-rows-date-fields-and-colour-field.test.ts:591 tests/unit/cr-551-delete-all-rows-date-fields-and-colour-field.test.ts:592	b	named identifier; row of another on-screen table/list (majority of its lines)	-	-	no
T1	T1-0637	tests identifier	helpRow [ui]	3	1	tests/unit/cr-551-header-roster-tooltips-and-scrollbars.test.ts:201 tests/unit/cr-551-header-roster-tooltips-and-scrollbars.test.ts:202	b	row of another on-screen table/list (help, palette, roster, report, calendar)	-	-	no
T1	T1-0638	tests identifier	firstRowY [tg]	3	1	tests/unit/cr-551-probe-real-app.test.ts:219 tests/unit/cr-551-probe-real-app.test.ts:234 tests/unit/cr-551-probe-real-app.test.ts:235	a	TaskGroup (the chart row) in test code	タスクグループ	taskGroup / TaskGroup / TASK_GROUP	no
T1	T1-0639	tests identifier	predecessorOnlySameRow [N:tg]	3	1	tests/unit/cr-555-dependency-lines-are-elided.test.ts:422 tests/unit/cr-555-dependency-lines-are-elided.test.ts:750 tests/unit/cr-555-dependency-lines-are-elided.test.ts:795	a	named identifier; TaskGroup / chart row (majority of its lines)	タスクグループ	taskGroup	no
T1	T1-0640	tests identifier	BODY_NO_ROW [N:tg]	3	1	tests/unit/cr-559-comment-box-leader-handle-bundles-and-look.test.ts:40 tests/unit/cr-559-comment-box-leader-handle-bundles-and-look.test.ts:467 tests/unit/cr-559-comment-box-leader-handle-bundles-and-look.test.ts:597	a	named identifier; TaskGroup / chart row (majority of its lines)	タスクグループ	taskGroup	no
T1	T1-0641	tests identifier	OWN_ROW_SENTENCE [N:tg]	3	1	tests/unit/cr-567-an-imported-leaf-task-sits-on-its-parents-row.test.ts:17 tests/unit/cr-567-an-imported-leaf-task-sits-on-its-parents-row.test.ts:255 tests/unit/cr-567-an-imported-leaf-task-sits-on-its-parents-row.test.ts:286	a	named identifier; TaskGroup / chart row (majority of its lines)	タスクグループ	taskGroup	no
T1	T1-0642	tests identifier	rowIdMadeFrom [spec]	3	1	tests/unit/cr-567-an-imported-leaf-task-sits-on-its-parents-row.test.ts:180 tests/unit/cr-567-an-imported-leaf-task-sits-on-its-parents-row.test.ts:238 tests/unit/cr-567-an-imported-leaf-task-sits-on-its-parents-row.test.ts:282	b	row of a specification table (spec reader / spec row id)	-	-	no
T1	T1-0643	tests identifier	Row [ui]	3	2	tests/unit/cr-649-exception-times-duration-and-the-open-chooser-words.test.ts:95 tests/unit/cr-649-exception-times-duration-and-the-open-chooser-words.test.ts:174 tests/unit/uf-71.test.ts:1512	b	row of another on-screen table/list (line context)	-	-	no
T1	T1-0644	tests identifier	NOT_STORED_PALETTE_ROW_CAP [spec]	3	1	tests/unit/cr-652-palette-rows-and-armed-label.test.ts:22 tests/unit/cr-652-palette-rows-and-armed-label.test.ts:184 tests/unit/cr-652-palette-rows-and-armed-label.test.ts:185	b	row of a specification table (spec reader / spec row id)	-	-	no
T1	T1-0645	tests identifier	NOT_STORED_ROW_GRAB_SIZES [spec]	3	1	tests/unit/fr-001-fr-083-the-toggle-and-the-drag.test.ts:79 tests/unit/fr-001-fr-083-the-toggle-and-the-drag.test.ts:108 tests/unit/fr-001-fr-083-the-toggle-and-the-drag.test.ts:387	b	row of a specification table (spec reader / spec row id)	-	-	no
T1	T1-0646	tests identifier	shapeRow [spec]	3	1	tests/unit/fr-001-fr-083-the-toggle-and-the-drag.test.ts:321 tests/unit/fr-001-fr-083-the-toggle-and-the-drag.test.ts:324 tests/unit/fr-001-fr-083-the-toggle-and-the-drag.test.ts:327	b	row of a specification table (spec reader / spec row id)	-	-	no
T1	T1-0647	tests identifier	columnRow [spec]	3	1	tests/unit/fr-021-the-outline-base-of-the-file-comes-back.test.ts:38 tests/unit/fr-021-the-outline-base-of-the-file-comes-back.test.ts:227 tests/unit/fr-021-the-outline-base-of-the-file-comes-back.test.ts:259	b	row of a specification table (spec reader / spec row id)	-	-	no
T1	T1-0648	tests identifier	rowsInFirstScreenful [N:tg]	3	1	tests/unit/fr-027-startup-shows-its-depth.test.ts:292 tests/unit/fr-027-startup-shows-its-depth.test.ts:471 tests/unit/fr-027-startup-shows-its-depth.test.ts:482	a	named identifier; TaskGroup / chart row (majority of its lines)	タスクグループ	taskGroup	no
T1	T1-0649	tests identifier	Rows [spec]	3	3	tests/unit/fr-029-palette-grab-marker.test.ts:156 tests/unit/fr-053-palette-group-boundary.test.ts:166 tests/unit/fr-053-palette-group-rule-isotropic-gap.test.ts:180	b	row of a specification table (line context)	-	-	no
T1	T1-0650	tests identifier	IN_2_ROW [N:spec]	3	1	tests/unit/in-2-a-the-dummies-say-slide.test.ts:42 tests/unit/in-2-a-the-dummies-say-slide.test.ts:43 tests/unit/in-2-a-the-dummies-say-slide.test.ts:46	b	named identifier; row of a specification table (majority of its lines)	-	-	no
T1	T1-0651	tests identifier	STARTED_STONE_ROW [N:tg]	3	1	tests/unit/in-2-a-the-dummies-say-slide.test.ts:76 tests/unit/in-2-a-the-dummies-say-slide.test.ts:178 tests/unit/in-2-a-the-dummies-say-slide.test.ts:184	a	named identifier; TaskGroup / chart row (majority of its lines)	タスクグループ	taskGroup	no
T1	T1-0652	tests identifier	STARTED_BAR_ROW [N:tg]	3	1	tests/unit/in-2-a-the-dummies-say-slide.test.ts:77 tests/unit/in-2-a-the-dummies-say-slide.test.ts:179 tests/unit/in-2-a-the-dummies-say-slide.test.ts:185	a	named identifier; TaskGroup / chart row (majority of its lines)	タスクグループ	taskGroup	no
T1	T1-0653	tests identifier	DUMMY_BAR_ROW [N:tg]	3	1	tests/unit/in-2-b-armed-dependency-shows-the-arrow.test.ts:78 tests/unit/in-2-b-armed-dependency-shows-the-arrow.test.ts:185 tests/unit/in-2-b-armed-dependency-shows-the-arrow.test.ts:191	a	named identifier; TaskGroup / chart row (majority of its lines)	タスクグループ	taskGroup	no
T1	T1-0654	tests identifier	DUMMY_STONE_ROW [N:tg]	3	1	tests/unit/in-2-b-armed-dependency-shows-the-arrow.test.ts:79 tests/unit/in-2-b-armed-dependency-shows-the-arrow.test.ts:186 tests/unit/in-2-b-armed-dependency-shows-the-arrow.test.ts:192	a	named identifier; TaskGroup / chart row (majority of its lines)	タスクグループ	taskGroup	no
T1	T1-0655	tests identifier	NEW_STONE_ROW [N:tg]	3	1	tests/unit/in-2-pointer-shape.test.ts:220 tests/unit/in-2-pointer-shape.test.ts:354 tests/unit/in-2-pointer-shape.test.ts:359	a	named identifier; TaskGroup / chart row (majority of its lines)	タスクグループ	taskGroup	no
T1	T1-0656	tests identifier	NOTES_ROW [N:spec]	3	1	tests/unit/mk-13-the-name-field-is-armed.test.ts:759 tests/unit/mk-13-the-name-field-is-armed.test.ts:793 tests/unit/mk-13-the-name-field-is-armed.test.ts:963	b	named identifier; row of a specification table (majority of its lines)	-	-	no
T1	T1-0657	tests identifier	ROW_TITLE_TREE [panel]	3	1	tests/unit/t-015-t-051-the-four-folding-controls.test.ts:136 tests/unit/t-015-t-051-the-four-folding-controls.test.ts:619 tests/unit/t-015-t-051-the-four-folding-controls.test.ts:1171	a	Row Title Panel (U-22) in test code	タスクグループパネル	taskGroupPanel / Task Group Panel	no
T1	T1-0658	tests identifier	HEAD_DELETE_EVERY_ROW [tg]	3	1	tests/unit/t-015-t-051-the-four-folding-controls.test.ts:211 tests/unit/t-015-t-051-the-four-folding-controls.test.ts:628 tests/unit/t-015-t-051-the-four-folding-controls.test.ts:631	a	TaskGroup (the chart row) in test code	タスクグループ	taskGroup / TaskGroup / TASK_GROUP	no
T1	T1-0659	tests identifier	EMPTY_ROW [N:tg]	3	1	tests/unit/t-023a-ptd-1-pan-follows-the-pointer.test.ts:253 tests/unit/t-023a-ptd-1-pan-follows-the-pointer.test.ts:564 tests/unit/t-023a-ptd-1-pan-follows-the-pointer.test.ts:584	a	named identifier; TaskGroup / chart row (majority of its lines)	タスクグループ	taskGroup	no
T1	T1-0660	tests identifier	coveredElsewhereRows [spec]	3	1	tests/unit/t-023d-follows-the-pointer.test.ts:310 tests/unit/t-023d-follows-the-pointer.test.ts:965 tests/unit/t-023d-follows-the-pointer.test.ts:1707	b	row of a specification table (spec reader / spec row id)	-	-	no
T1	T1-0661	tests identifier	followedByFr052Rows [spec]	3	1	tests/unit/t-023d-follows-the-pointer.test.ts:325 tests/unit/t-023d-follows-the-pointer.test.ts:961 tests/unit/t-023d-follows-the-pointer.test.ts:966	b	row of a specification table (spec reader / spec row id)	-	-	no
T1	T1-0662	tests identifier	OP_10_ROW [N:spec]	3	1	tests/unit/t-024a-op-10-a-chosen-zoom-is-the-place.test.ts:171 tests/unit/t-024a-op-10-a-chosen-zoom-is-the-place.test.ts:177 tests/unit/t-024a-op-10-a-chosen-zoom-is-the-place.test.ts:178	b	named identifier; row of a specification table (majority of its lines)	-	-	no
T1	T1-0663	tests identifier	reasonRow [spec]	3	1	tests/unit/t-024a-op-14-a-handed-document-that-cannot-be-read.test.ts:91 tests/unit/t-024a-op-14-a-handed-document-that-cannot-be-read.test.ts:98 tests/unit/t-024a-op-14-a-handed-document-that-cannot-be-read.test.ts:246	b	row of a specification table (spec reader / spec row id)	-	-	no
T1	T1-0664	tests identifier	T_027_INSIDE_ROWS [N:spec]	3	1	tests/unit/t-027-outside-the-history.test.ts:52 tests/unit/t-027-outside-the-history.test.ts:296 tests/unit/t-027-outside-the-history.test.ts:297	b	named identifier; row of a specification table (majority of its lines)	-	-	no
T1	T1-0665	tests identifier	isBooleanRow [spec]	3	1	tests/unit/t-027-outside-the-history.test.ts:56 tests/unit/t-027-outside-the-history.test.ts:64 tests/unit/t-027-outside-the-history.test.ts:68	b	row of a specification table (spec reader / spec row id)	-	-	no
T1	T1-0666	tests identifier	rowCount [N:tg]	3	1	tests/unit/t-051-hf-14-the-depth-cap-refuses-a-row.test.ts:425 tests/unit/t-051-hf-14-the-depth-cap-refuses-a-row.test.ts:567 tests/unit/t-051-hf-14-the-depth-cap-refuses-a-row.test.ts:571	a	named identifier; TaskGroup / chart row (majority of its lines)	タスクグループ	taskGroup	no
T1	T1-0667	tests identifier	IC_OPEN_EVERY_ROW [N:tg]	3	1	tests/unit/t-051-hf-6-ground-under-the-row-controls.test.ts:164 tests/unit/t-051-hf-6-ground-under-the-row-controls.test.ts:1274 tests/unit/t-051-hf-6-ground-under-the-row-controls.test.ts:1297	a	named identifier; TaskGroup / chart row (majority of its lines)	タスクグループ	taskGroup	no
T1	T1-0668	tests identifier	IC_CLOSE_EVERY_ROW [N:tg]	3	1	tests/unit/t-051-hf-6-ground-under-the-row-controls.test.ts:165 tests/unit/t-051-hf-6-ground-under-the-row-controls.test.ts:1274 tests/unit/t-051-hf-6-ground-under-the-row-controls.test.ts:1297	a	named identifier; TaskGroup / chart row (majority of its lines)	タスクグループ	taskGroup	no
T1	T1-0669	tests identifier	reachesTheRowsRightEdge [N:tg]	3	1	tests/unit/t-051-hf-6-ground-under-the-row-controls.test.ts:1004 tests/unit/t-051-hf-6-ground-under-the-row-controls.test.ts:1140 tests/unit/t-051-hf-6-ground-under-the-row-controls.test.ts:1170	a	named identifier; TaskGroup / chart row (majority of its lines)	タスクグループ	taskGroup	no
T1	T1-0670	tests identifier	T_053_ROWS [N:spec]	3	1	tests/unit/uf-36.test.ts:59 tests/unit/uf-36.test.ts:157 tests/unit/uf-36.test.ts:789	b	named identifier; row of a specification table (majority of its lines)	-	-	no
T1	T1-0671	tests identifier	T_033_ROWS [N:spec]	3	1	tests/unit/uf-36.test.ts:59 tests/unit/uf-36.test.ts:160 tests/unit/uf-36.test.ts:790	b	named identifier; row of a specification table (majority of its lines)	-	-	no
T1	T1-0672	tests identifier	ColumnRow [spec]	3	1	tests/unit/uf-36.test.ts:642 tests/unit/uf-36.test.ts:664 tests/unit/uf-36.test.ts:669	b	row of a specification table (spec reader / spec row id)	-	-	no
T1	T1-0673	tests identifier	rowDepth [tg]	3	1	tests/unit/uf-36.test.ts:1351 tests/unit/uf-36.test.ts:1382 tests/unit/uf-36.test.ts:1391	a	TaskGroup (the chart row) in test code	タスクグループ	taskGroup / TaskGroup / TASK_GROUP	no
T1	T1-0674	tests identifier	T_227_ROWS [N:spec]	3	1	tests/unit/uf-41-42.test.ts:824 tests/unit/uf-41-42.test.ts:1066 tests/unit/uf-41-42.test.ts:1067	b	named identifier; row of a specification table (majority of its lines)	-	-	no
T1	T1-0675	tests identifier	T_037_ROWS [N:spec]	3	1	tests/unit/uf-45-46.test.ts:67 tests/unit/uf-45-46.test.ts:178 tests/unit/uf-45-46.test.ts:337	b	named identifier; row of a specification table (majority of its lines)	-	-	no
T1	T1-0676	tests identifier	manuscriptRow [spec]	3	1	tests/unit/uf-47-48-history-bytes.test.ts:195 tests/unit/uf-47-48-history-bytes.test.ts:215 tests/unit/uf-47-48-history-bytes.test.ts:216	b	row of a specification table (spec reader / spec row id)	-	-	no
T1	T1-0677	tests identifier	displayRowsExcept [N:spec]	3	1	tests/unit/uf-48-write-moment.test.ts:1188 tests/unit/uf-48-write-moment.test.ts:1769 tests/unit/uf-48-write-moment.test.ts:1774	b	named identifier; row of a specification table (majority of its lines)	-	-	no
T1	T1-0678	tests identifier	TURNS_WHOSE_DETENTS_NO_ROW_STATES [N:spec]	3	1	tests/unit/uf-50.test.ts:72 tests/unit/uf-50.test.ts:255 tests/unit/uf-50.test.ts:1372	b	named identifier; row of a specification table (majority of its lines)	-	-	no
T1	T1-0679	tests identifier	SHOWN_ON_ANOTHER_ROW_MARK [N:spec]	3	1	tests/unit/uf-71-confirmation.test.ts:241 tests/unit/uf-71-confirmation.test.ts:1881 tests/unit/uf-71-confirmation.test.ts:1884	b	named identifier; row of a specification table (majority of its lines)	-	-	no
T1	T1-0680	tests identifier	RowAtThree [tgfix]	3	1	tests/unit/uf-71.test.ts:2513 tests/unit/uf-71.test.ts:2521 tests/unit/uf-71.test.ts:2635	a	fixture TaskGroup id / document builder	タスクグループ	task-group id value / taskGroupDocument	no
T1	T1-0681	tests identifier	headerLastRow [ui]	3	1	tests/unit/uf-72-screen-part.test.ts:1432 tests/unit/uf-72-screen-part.test.ts:2210	b	row of another on-screen table/list (help, palette, roster, report, calendar)	-	-	no
T1	T1-0682	tests identifier	noticesFirstRow [ui]	3	1	tests/unit/uf-72-screen-part.test.ts:1433 tests/unit/uf-72-screen-part.test.ts:2211	b	row of another on-screen table/list (help, palette, roster, report, calendar)	-	-	no
T1	T1-0683	tests identifier	rowAddChild [tg]	3	1	tests/unit/uf-72-screen-part.test.ts:1465 tests/unit/uf-72-screen-part.test.ts:2806	a	TaskGroup (the chart row) in test code	タスクグループ	taskGroup / TaskGroup / TASK_GROUP	no
T1	T1-0684	tests identifier	rowExpanderGap [tg]	3	1	tests/unit/uf-72-screen-part.test.ts:1467 tests/unit/uf-72-screen-part.test.ts:3006	a	TaskGroup (the chart row) in test code	タスクグループ	taskGroup / TaskGroup / TASK_GROUP	no
T1	T1-0685	tests identifier	rowTreeNoEntry [tg]	3	1	tests/unit/uf-72-screen-part.test.ts:1468 tests/unit/uf-72-screen-part.test.ts:2010	a	TaskGroup (the chart row) in test code	タスクグループ	taskGroup / TaskGroup / TASK_GROUP	no
T1	T1-0686	tests identifier	RowDrive [tgfix]	3	1	tests/unit/uf-8-9-replace-document.test.ts:541 tests/unit/uf-8-9-replace-document.test.ts:584 tests/unit/uf-8-9-replace-document.test.ts:1288	a	fixture TaskGroup id / document builder	タスクグループ	task-group id value / taskGroupDocument	no
T1	T1-0687	tests identifier	EX_10_ROW_CHILD [N:spec]	2	1	tests/contract/cr-429-mr-1-mr-2-ex-10-child-order.test.ts:39 tests/contract/cr-429-mr-1-mr-2-ex-10-child-order.test.ts:212	b	named identifier; row of a specification table (majority of its lines)	-	-	no
T1	T1-0688	tests identifier	EX_10_ROW_CHILD_ENDS [N:spec]	2	1	tests/contract/cr-429-mr-1-mr-2-ex-10-child-order.test.ts:44 tests/contract/cr-429-mr-1-mr-2-ex-10-child-order.test.ts:213	b	named identifier; row of a specification table (majority of its lines)	-	-	no
T1	T1-0689	tests identifier	LP_THE_RESUME_ICON_IS_OUT_OF_THE_ROW [N:spec]	2	1	tests/contract/cr-430-t-273-where-the-labels-stand.test.ts:44 tests/contract/cr-430-t-273-where-the-labels-stand.test.ts:258	b	named identifier; row of a specification table (majority of its lines)	-	-	no
T1	T1-0690	tests identifier	tableRows [spec]	2	1	tests/contract/cr-441-t-274-principles-and-rows-both-ways.contract.test.ts:68 tests/contract/cr-441-t-274-principles-and-rows-both-ways.contract.test.ts:73	b	row of a specification table (spec reader / spec row id)	-	-	no
T1	T1-0691	tests identifier	per-row [css]	2	2	tests/contract/cr-557-the-theme-hue-field-heads-the-settings-panel.test.ts:164 tests/unit/uf-72-screen-part.test.ts:2553	b	CSS/DOM/HTML table vocabulary	-	-	no
T1	T1-0692	tests identifier	ROW_ID_OF_A_FINDING [spec]	2	1	tests/contract/cr-561-the-delay-diagnostics-report.contract.test.ts:207 tests/contract/cr-561-the-delay-diagnostics-report.contract.test.ts:520	b	row of a specification table (spec reader / spec row id)	-	-	no
T1	T1-0693	tests identifier	rowsWith [N:tg]	2	1	tests/contract/cr-571-agent-api-search.contract.test.ts:82 tests/contract/cr-571-agent-api-search.contract.test.ts:91	a	named identifier; TaskGroup / chart row (majority of its lines)	タスクグループ	taskGroup	no
T1	T1-0694	tests identifier	row-1-1 [tgfix]	2	2	tests/contract/cr-571-search-jump.contract.test.ts:51 tests/contract/cr-571-search-rows.contract.test.ts:83	a	fixture TaskGroup id / document builder	タスクグループ	task-group id value / taskGroupDocument	no
T1	T1-0695	tests identifier	row-1-2 [tgfix]	2	2	tests/contract/cr-571-search-jump.contract.test.ts:52 tests/contract/cr-571-search-rows.contract.test.ts:84	a	fixture TaskGroup id / document builder	タスクグループ	task-group id value / taskGroupDocument	no
T1	T1-0696	tests identifier	row-top [tgfix]	2	2	tests/contract/cr-571-search-panel-view.test.ts:126 tests/contract/dfc-1361-the-search-table-header-stays-on-top.contract.test.ts:61	a	fixture TaskGroup id / document builder	タスクグループ	task-group id value / taskGroupDocument	no
T1	T1-0697	tests identifier	EVENT_ROW_TARGET [state]	2	1	tests/contract/cr-576-two-hint-waits-and-the-dismissed-hint.contract.test.ts:39 tests/contract/cr-576-two-hint-waits-and-the-dismissed-hint.contract.test.ts:87	b	row of a state-machine / transition table (spec)	-	-	no
T1	T1-0698	tests identifier	sameRows [N:tg]	2	1	tests/contract/cr-577-a-row-zoom-in-below-the-floor-always-changes-the-picture.test.ts:158 tests/contract/cr-577-a-row-zoom-in-below-the-floor-always-changes-the-picture.test.ts:166	a	named identifier; TaskGroup / chart row (majority of its lines)	タスクグループ	taskGroup	no
T1	T1-0699	tests identifier	PAINT_ROW [N:tg]	2	2	tests/contract/cr-585-monochrome-greys-the-chrome-and-ground.test.ts:56 tests/contract/cr-592-monochrome-greys-every-t-236-row.test.ts:47	a	named identifier; TaskGroup / chart row (majority of its lines)	タスクグループ	taskGroup	no
T1	T1-0700	tests identifier	pinnedRow [tg]	2	2	tests/contract/cr-585-monochrome-greys-the-chrome-and-ground.test.ts:70 tests/contract/cr-592-monochrome-greys-every-t-236-row.test.ts:61	a	TaskGroup (the chart row) in test code	タスクグループ	taskGroup / TaskGroup / TASK_GROUP	no
T1	T1-0701	tests identifier	heldRow [tg]	2	2	tests/contract/cr-585-monochrome-greys-the-chrome-and-ground.test.ts:73 tests/contract/cr-592-monochrome-greys-every-t-236-row.test.ts:64	a	TaskGroup (the chart row) in test code	タスクグループ	taskGroup / TaskGroup / TASK_GROUP	no
T1	T1-0702	tests identifier	S_69_ROW [N:spec]	2	1	tests/contract/cr-588-no-pre-change-plan-asks-for-the-file.contract.test.ts:75 tests/contract/cr-588-no-pre-change-plan-asks-for-the-file.contract.test.ts:130	b	named identifier; row of a specification table (majority of its lines)	-	-	no
T1	T1-0703	tests identifier	ROW_OF_PROPERTY [spec]	2	1	tests/contract/cr-592-monochrome-greys-every-t-236-row.test.ts:182 tests/contract/cr-592-monochrome-greys-every-t-236-row.test.ts:291	b	row of a specification table (spec reader / spec row id)	-	-	no
T1	T1-0704	tests identifier	Row1 [N:tg]	2	2	tests/contract/cr-593-a-held-field-keeps-its-text-while-the-zoom-moves.test.ts:305 tests/contract/cr-602-an-emphasised-dependency-line-keeps-its-colour.contract.test.ts:574	a	named identifier; TaskGroup / chart row (majority of its lines)	タスクグループ	taskGroup	no
T1	T1-0705	tests identifier	ownRow [N:spec]	2	1	tests/contract/cr-596-a-click-on-the-mark-jumps-and-marks-the-landing.contract.test.ts:815 tests/contract/cr-596-a-click-on-the-mark-jumps-and-marks-the-landing.contract.test.ts:848	b	named identifier; row of a specification table (majority of its lines)	-	-	no
T1	T1-0706	tests identifier	SHELL_FOLDED_ROWS [N:tg]	2	1	tests/contract/cr-596-a-click-on-the-mark-jumps-and-marks-the-landing.contract.test.ts:1559 tests/contract/cr-596-a-click-on-the-mark-jumps-and-marks-the-landing.contract.test.ts:1566	a	named identifier; TaskGroup / chart row (majority of its lines)	タスクグループ	taskGroup	no
T1	T1-0707	tests identifier	VIEW_KEY_ROWS [spec]	2	1	tests/contract/cr-601-the-landing-mark-stays-while-the-view-moves.contract.test.ts:210 tests/contract/cr-601-the-landing-mark-stays-while-the-view-moves.contract.test.ts:696	b	row of a specification table (spec reader / spec row id)	-	-	no
T1	T1-0708	tests identifier	isPressedRow [N:tg]	2	2	tests/contract/cr-608-the-row-createtaskgroup-makes.test.ts:89 tests/contract/tree-state-machine.contract.test.ts:112	a	named identifier; TaskGroup / chart row (majority of its lines)	タスクグループ	taskGroup	no
T1	T1-0709	tests identifier	EP_1_SAME_ROWS [N:spec]	2	1	tests/contract/cr-659-the-export-leaves-the-mark-and-divider-blank.contract.test.ts:22 tests/contract/cr-659-the-export-leaves-the-mark-and-divider-blank.contract.test.ts:114	b	named identifier; row of a specification table (majority of its lines)	-	-	no
T1	T1-0710	tests identifier	SV_18_ROWS [N:spec]	2	1	tests/contract/cr-660-the-two-tables-lead-with-status-and-filter-like-excel.contract.test.ts:61 tests/contract/cr-660-the-two-tables-lead-with-status-and-filter-like-excel.contract.test.ts:336	b	named identifier; row of a specification table (majority of its lines)	-	-	no
T1	T1-0711	tests identifier	RW_9_ROWS [N:spec]	2	1	tests/contract/cr-660-the-two-tables-lead-with-status-and-filter-like-excel.contract.test.ts:63 tests/contract/cr-660-the-two-tables-lead-with-status-and-filter-like-excel.contract.test.ts:337	b	named identifier; row of a specification table (majority of its lines)	-	-	no
T1	T1-0712	tests identifier	REPORT_ROWS [ui]	2	1	tests/contract/cr-660-the-two-tables-lead-with-status-and-filter-like-excel.contract.test.ts:285 tests/contract/cr-660-the-two-tables-lead-with-status-and-filter-like-excel.contract.test.ts:288	b	row of another on-screen table/list (help, palette, roster, report, calendar)	-	-	no
T1	T1-0713	tests identifier	itemRowsOf [ui]	2	1	tests/contract/cr-665-help-columns-and-the-moved-palette-block.contract.test.ts:151 tests/contract/cr-665-help-columns-and-the-moved-palette-block.contract.test.ts:180	b	row of another on-screen table/list (help, palette, roster, report, calendar)	-	-	no
T1	T1-0714	tests identifier	WC_6_ROW [N:spec]	2	1	tests/contract/cr-668-a-non-working-end-day-asks-before-the-calendar-changes.contract.test.ts:33 tests/contract/cr-668-a-non-working-end-day-asks-before-the-calendar-changes.contract.test.ts:44	b	named identifier; row of a specification table (majority of its lines)	-	-	no
T1	T1-0715	tests identifier	WALL_ROWS [N:spec]	2	1	tests/contract/cr-670-the-report-joins-dates-with-a-dash-and-speaks-reasons-in-words.contract.test.ts:72 tests/contract/cr-670-the-report-joins-dates-with-a-dash-and-speaks-reasons-in-words.contract.test.ts:168	b	named identifier; row of a specification table (majority of its lines)	-	-	no
T1	T1-0716	tests identifier	READ_ONLY_ROW [N:spec]	2	1	tests/contract/dfc-130-pr-1-pr-2-reach-the-document.test.ts:194 tests/contract/dfc-130-pr-1-pr-2-reach-the-document.test.ts:501	b	named identifier; row of a specification table (majority of its lines)	-	-	no
T1	T1-0717	tests identifier	ROW_CONTROLS [tg]	2	1	tests/contract/dfc-1720-a-row-control-tip-sits-under-its-row.test.ts:10 tests/contract/dfc-1720-a-row-control-tip-sits-under-its-row.test.ts:56	a	TaskGroup (the chart row) in test code	タスクグループ	taskGroup / TaskGroup / TASK_GROUP	no
T1	T1-0718	tests identifier	row-title [title]	2	2	tests/contract/dfc-290-d-321-fr-033-copy-and-paste-reach-the-document.test.ts:66 tests/unit/t-023c-selection-points-at-what-exists.test.ts:93	c	row title cell / RowTitle control (行見出し) -- name or title unclear	タスクグループ見出し	taskGroupTitle	no
T1	T1-0719	tests identifier	FR_033_SAME_ROW [N:spec]	2	1	tests/contract/dfc-290-d-321-fr-033-copy-and-paste-reach-the-document.test.ts:130 tests/contract/dfc-290-d-321-fr-033-copy-and-paste-reach-the-document.test.ts:472	b	named identifier; row of a specification table (majority of its lines)	-	-	no
T1	T1-0720	tests identifier	FR_033_PASTE_UNDER_THE_CHOSEN_ROW [N:spec]	2	1	tests/contract/dfc-290-d-321-fr-033-copy-and-paste-reach-the-document.test.ts:137 tests/contract/dfc-290-d-321-fr-033-copy-and-paste-reach-the-document.test.ts:481	b	named identifier; row of a specification table (majority of its lines)	-	-	no
T1	T1-0721	tests identifier	THE_ACTUALS_ROWS [N:spec]	2	1	tests/contract/dfc-307-in-4-the-standing-explanation-is-the-last-rung.test.ts:602 tests/contract/dfc-307-in-4-the-standing-explanation-is-the-last-rung.test.ts:670	b	named identifier; row of a specification table (majority of its lines)	-	-	no
T1	T1-0722	tests identifier	THE_BODY_ROW [N:spec]	2	1	tests/contract/dfc-307-in-4-the-standing-explanation-is-the-last-rung.test.ts:607 tests/contract/dfc-307-in-4-the-standing-explanation-is-the-last-rung.test.ts:671	b	named identifier; row of a specification table (majority of its lines)	-	-	no
T1	T1-0723	tests identifier	EP_1_ONE_ROW_FOR_SIZE_AND_INSET [N:spec]	2	1	tests/contract/dfc-355-the-four-rulings-of-2026-09-07.test.ts:196 tests/contract/dfc-355-the-four-rulings-of-2026-09-07.test.ts:253	b	named identifier; row of a specification table (majority of its lines)	-	-	no
T1	T1-0724	tests identifier	FR_016_ROW_POSITION_NOT_BY_ARITHMETIC [N:tg]	2	1	tests/contract/dfc-377-fr-016-zoom-ceilings-and-ep-9-thickness.test.ts:137 tests/contract/dfc-377-fr-016-zoom-ceilings-and-ep-9-thickness.test.ts:177	a	named identifier; TaskGroup / chart row (majority of its lines)	タスクグループ	taskGroup	no
T1	T1-0725	tests identifier	FR_016_ROW_POSITION_MEMBER_IS_PI_5 [N:spec]	2	1	tests/contract/dfc-377-fr-016-zoom-ceilings-and-ep-9-thickness.test.ts:140 tests/contract/dfc-377-fr-016-zoom-ceilings-and-ep-9-thickness.test.ts:178	b	named identifier; row of a specification table (majority of its lines)	-	-	no
T1	T1-0726	tests identifier	specRowLine [spec]	2	1	tests/contract/dfc-568-gr-14-corners-anchor-and-body.test.ts:149 tests/contract/dfc-568-gr-14-corners-anchor-and-body.test.ts:612	b	row of a specification table (spec reader / spec row id)	-	-	no
T1	T1-0727	tests identifier	CM_54_ROW [N:tg]	2	1	tests/contract/dfc-568-gr-14-corners-anchor-and-body.test.ts:160 tests/contract/dfc-568-gr-14-corners-anchor-and-body.test.ts:582	a	named identifier; TaskGroup / chart row (majority of its lines)	タスクグループ	taskGroup	no
T1	T1-0728	tests identifier	CM_50_ROW [N:tg]	2	1	tests/contract/dfc-568-gr-14-corners-anchor-and-body.test.ts:161 tests/contract/dfc-568-gr-14-corners-anchor-and-body.test.ts:583	a	named identifier; TaskGroup / chart row (majority of its lines)	タスクグループ	taskGroup	no
T1	T1-0729	tests identifier	CM_51_ROW [N:tg]	2	1	tests/contract/dfc-568-gr-14-corners-anchor-and-body.test.ts:162 tests/contract/dfc-568-gr-14-corners-anchor-and-body.test.ts:584	a	named identifier; TaskGroup / chart row (majority of its lines)	タスクグループ	taskGroup	no
T1	T1-0730	tests identifier	FLAT_ROWS [N:tg]	2	1	tests/contract/dfc-568-gr-14-corners-anchor-and-body.test.ts:242 tests/contract/dfc-568-gr-14-corners-anchor-and-body.test.ts:281	a	named identifier; TaskGroup / chart row (majority of its lines)	タスクグループ	taskGroup	no
T1	T1-0731	tests identifier	ROW_LETTER [tg]	2	1	tests/contract/dfc-568-gr-14-corners-anchor-and-body.test.ts:445 tests/contract/dfc-568-gr-14-corners-anchor-and-body.test.ts:447	a	TaskGroup (the chart row) in test code	タスクグループ	taskGroup / TaskGroup / TASK_GROUP	no
T1	T1-0732	tests identifier	onlyRowOf [N:tg]	2	1	tests/contract/dfc-587-title-row-entries-are-drawn.test.ts:49 tests/contract/dfc-587-title-row-entries-are-drawn.test.ts:61	a	named identifier; TaskGroup / chart row (majority of its lines)	タスクグループ	taskGroup	no
T1	T1-0733	tests identifier	one-row [spec]	2	2	tests/contract/display-words.contract.test.ts:334 tests/unit/uf-37-38.test.ts:353	b	row of a specification table (spec reader / spec row id)	-	-	no
T1	T1-0734	tests identifier	NAME_FIELD_ROW [field]	2	1	tests/contract/display-words.contract.test.ts:1161 tests/contract/display-words.contract.test.ts:1179	b	properties/settings panel field row, not a TaskGroup	-	-	no
T1	T1-0735	tests identifier	declaredRowOf [spec]	2	1	tests/contract/display-words.contract.test.ts:1168 tests/contract/display-words.contract.test.ts:1329	b	row of a specification table (spec reader / spec row id)	-	-	no
T1	T1-0736	tests identifier	PREDECESSOR_ROW [N:spec]	2	1	tests/contract/display-words.contract.test.ts:1360 tests/contract/display-words.contract.test.ts:1376	b	named identifier; row of a specification table (majority of its lines)	-	-	no
T1	T1-0737	tests identifier	rowOfSettingsKey [spec]	2	1	tests/contract/display-words.contract.test.ts:1437 tests/contract/display-words.contract.test.ts:1461	b	row of a specification table (spec reader / spec row id)	-	-	no
T1	T1-0738	tests identifier	ARMED_BY_ROW [N:spec]	2	1	tests/contract/display-words.contract.test.ts:1652 tests/contract/display-words.contract.test.ts:1663	b	named identifier; row of a specification table (majority of its lines)	-	-	no
T1	T1-0739	tests identifier	T305_ROWS [N:spec]	2	1	tests/contract/display-words.contract.test.ts:2051 tests/contract/display-words.contract.test.ts:2065	b	named identifier; row of a specification table (majority of its lines)	-	-	no
T1	T1-0740	tests identifier	FIGURED_ROWS [N:ui]	2	1	tests/contract/display-words.contract.test.ts:2459 tests/contract/display-words.contract.test.ts:2471	b	named identifier; row of another on-screen table/list (majority of its lines)	-	-	no
T1	T1-0741	tests identifier	rowMinHeightFieldFramesShowing [tg]	2	1	tests/contract/display-words.contract.test.ts:2552 tests/contract/display-words.contract.test.ts:3106	a	TaskGroup (the chart row) in test code	タスクグループ	taskGroup / TaskGroup / TASK_GROUP	no
T1	T1-0742	tests identifier	$row [tg]	2	2	tests/contract/document-invariants.contract.test.ts:991 tests/unit/document-model.test.ts:286	a	TaskGroup / chart row (line context)	タスクグループ	taskGroup	no
T1	T1-0743	tests identifier	TARGET_IS_THE_CHOSEN_ROW [N:spec]	2	1	tests/contract/e24-paste-refused-while-several-rows-are-chosen.test.ts:20 tests/contract/e24-paste-refused-while-several-rows-are-chosen.test.ts:34	b	named identifier; row of a specification table (majority of its lines)	-	-	no
T1	T1-0744	tests identifier	editGroupOnRowOne [tg]	2	1	tests/contract/e24-paste-refused-while-several-rows-are-chosen.test.ts:60 tests/contract/e24-paste-refused-while-several-rows-are-chosen.test.ts:68	a	TaskGroup (the chart row) in test code	タスクグループ	taskGroup / TaskGroup / TASK_GROUP	no
T1	T1-0745	tests identifier	ADDING_A_ROW_MOVES_NOTHING [tg]	2	1	tests/contract/erd-seats-are-never-reissued.contract.test.ts:114 tests/contract/erd-seats-are-never-reissued.contract.test.ts:126	a	TaskGroup (the chart row) in test code	タスクグループ	taskGroup / TaskGroup / TASK_GROUP	no
T1	T1-0746	tests identifier	fadeRow [N:spec]	2	1	tests/contract/fd-6-iv-12-the-fade-span.contract.test.ts:112 tests/contract/fd-6-iv-12-the-fade-span.contract.test.ts:312	b	named identifier; row of a specification table (majority of its lines)	-	-	no
T1	T1-0747	tests identifier	FR_020_NOT_OUTSIDE_ROW_AREA [area]	2	1	tests/contract/fr-020-the-four-values-live-in-the-tables-not-in-src.test.ts:20 tests/contract/fr-020-the-four-values-live-in-the-tables-not-in-src.test.ts:34	c	Row Area region name (no proposed wording)	タスクグループ領域?	taskGroupArea?	no
T1	T1-0748	tests identifier	GLOSSARY_EVERY_ROW_HAS_ONE [spec]	2	1	tests/contract/fr-029-glyph-coordinate-system.contract.test.ts:611 tests/contract/fr-029-glyph-coordinate-system.contract.test.ts:786	b	row of a specification table (spec reader / spec row id)	-	-	no
T1	T1-0749	tests identifier	SAVED_ROWS [spec]	2	1	tests/contract/if-3-file-store.test.ts:650 tests/contract/if-3-file-store.test.ts:658	b	row of a specification table (spec reader / spec row id)	-	-	no
T1	T1-0750	tests identifier	ROW_FIELD [field]	2	1	tests/contract/state-machine-field-entry.contract.test.ts:89 tests/contract/state-machine-field-entry.contract.test.ts:180	b	properties/settings panel field row, not a TaskGroup	-	-	no
T1	T1-0751	tests identifier	rowGrabState [tg]	2	1	tests/contract/state-machine-gesture.contract.test.ts:222 tests/contract/state-machine-gesture.contract.test.ts:294	a	TaskGroup (the chart row) in test code	タスクグループ	taskGroup / TaskGroup / TASK_GROUP	no
T1	T1-0752	tests identifier	createdRowSelected [tg]	2	1	tests/contract/state-machine-selection.contract.test.ts:129 tests/contract/state-machine-selection.contract.test.ts:203	a	TaskGroup (the chart row) in test code	タスクグループ	taskGroup / TaskGroup / TASK_GROUP	no
T1	T1-0753	tests identifier	isSpecRow [spec]	2	1	tests/contract/t-283-priorities.contract.test.ts:92 tests/contract/t-283-priorities.contract.test.ts:122	b	row of a specification table (spec reader / spec row id)	-	-	no
T1	T1-0754	tests identifier	earlierRowWins [N:spec]	2	1	tests/contract/t-283-priorities.contract.test.ts:363 tests/contract/t-283-priorities.contract.test.ts:367	b	named identifier; row of a specification table (majority of its lines)	-	-	no
T1	T1-0755	tests identifier	shownOnAnotherRowMark [N:spec]	2	2	tests/contract/t-337-screen-z-order.contract.test.ts:138 tests/unit/cr-439-notices-and-confirmation.test.ts:86	b	named identifier; row of a specification table (majority of its lines)	-	-	no
T1	T1-0756	tests identifier	isRevealedRowOrAncestor [tg]	2	1	tests/contract/tree-state-machine.contract.test.ts:66 tests/contract/tree-state-machine.contract.test.ts:122	a	TaskGroup (the chart row) in test code	タスクグループ	taskGroup / TaskGroup / TASK_GROUP	no
T1	T1-0757	tests identifier	everyRowFoldPressed [tg]	2	2	tests/contract/tree-state-machine.contract.test.ts:189 tests/unit/cr-404-a-row-opened-by-hand-stays-open.test.ts:145	a	TaskGroup (the chart row) in test code	タスクグループ	taskGroup / TaskGroup / TASK_GROUP	no
T1	T1-0758	tests identifier	ROW_CONTROL_COLUMNS [tg]	2	1	tests/contract/w3-t5-fr-039-the-drawn-row-title-panel-width-and-its-floor.contract.test.ts:50 tests/contract/w3-t5-fr-039-the-drawn-row-title-panel-width-and-its-floor.contract.test.ts:55	a	TaskGroup (the chart row) in test code	タスクグループ	taskGroup / TaskGroup / TASK_GROUP	no
T1	T1-0759	tests identifier	ROW_VALUE [spec]	2	1	tests/fixtures/setting-number.ts:40 tests/fixtures/setting-number.ts:56	b	row of a specification table (spec reader / spec row id)	-	-	no
T1	T1-0760	tests identifier	msOfRow [N:spec]	2	1	tests/integration/cr-572-an-old-file-opens-and-the-constants-win.test.ts:42 tests/integration/cr-572-an-old-file-opens-and-the-constants-win.test.ts:50	b	named identifier; row of a specification table (majority of its lines)	-	-	no
T1	T1-0761	tests identifier	numberOfRow [N:spec]	2	1	tests/integration/cr-572-viewer-values-stay-off-the-document.test.ts:96 tests/integration/cr-572-viewer-values-stay-off-the-document.test.ts:102	b	named identifier; row of a specification table (majority of its lines)	-	-	no
T1	T1-0762	tests identifier	readRowNameSettings [tgname]	2	1	tests/system/cr-381-row-names-drawn-at-their-own-size.test.ts:86 tests/system/cr-381-row-names-drawn-at-their-own-size.test.ts:156	a	TaskGroup.label (row name)	タスクグループ名	taskGroupName	no
T1	T1-0763	tests identifier	RowArea [area]	2	1	tests/system/cr-553-a-shown-control-group-stays-its-row.test.ts:302 tests/system/cr-553-a-shown-control-group-stays-its-row.test.ts:312	c	Row Area region name (no proposed wording)	タスクグループ領域?	taskGroupArea?	no
T1	T1-0764	tests identifier	T_209_ROWS [N:spec]	2	1	tests/system/cr-562-the-image-to-grs-json-prompt-is-copied.test.ts:106 tests/system/cr-562-the-image-to-grs-json-prompt-is-copied.test.ts:116	b	named identifier; row of a specification table (majority of its lines)	-	-	no
T1	T1-0765	tests identifier	AM_25_SAME_ROWS [N:spec]	2	1	tests/system/cr-597-the-search-panel-word-jump-and-grab.test.ts:53 tests/system/cr-597-the-search-panel-word-jump-and-grab.test.ts:325	b	named identifier; row of a specification table (majority of its lines)	-	-	no
T1	T1-0766	tests identifier	rowOf [ui~]	2	1	tests/system/cr-669-the-help-maximises-to-the-schedule-canvas.test.ts:9 tests/system/cr-669-the-help-maximises-to-the-schedule-canvas.test.ts:42	b	row of another on-screen table/list (line silent: file majority)	-	-	no
T1	T1-0767	tests identifier	rowsBelongingTo [N:spec]	2	1	tests/system/divider-colour-corner-and-sticky-field.test.ts:115 tests/system/divider-colour-corner-and-sticky-field.test.ts:133	b	named identifier; row of a specification table (majority of its lines)	-	-	no
T1	T1-0768	tests identifier	chosenRowIds [tg]	2	1	tests/system/duplicate-paste-and-dual-cursor.test.ts:452 tests/system/duplicate-paste-and-dual-cursor.test.ts:649	a	TaskGroup (the chart row) in test code	タスクグループ	taskGroup / TaskGroup / TASK_GROUP	no
T1	T1-0769	tests identifier	addedRows [tg]	2	1	tests/system/duplicate-paste-and-dual-cursor.test.ts:819 tests/system/duplicate-paste-and-dual-cursor.test.ts:822	a	TaskGroup (the chart row) in test code	タスクグループ	taskGroup / TaskGroup / TASK_GROUP	no
T1	T1-0770	tests identifier	DRAWN_ROW [N:tg]	2	1	tests/system/first-frame-is-the-settled-frame.test.ts:23 tests/system/first-frame-is-the-settled-frame.test.ts:150	a	named identifier; TaskGroup / chart row (majority of its lines)	タスクグループ	taskGroup	no
T1	T1-0771	tests identifier	assignmentPressWordsByRow [ui]	2	1	tests/system/measured-sweep.test.ts:402 tests/system/measured-sweep.test.ts:1628	b	row of another on-screen table/list (help, palette, roster, report, calendar)	-	-	no
T1	T1-0772	tests identifier	colourPropertyRows [spec]	2	1	tests/system/measured-sweep.test.ts:587 tests/system/measured-sweep.test.ts:1756	b	row of a specification table (spec reader / spec row id)	-	-	no
T1	T1-0773	tests identifier	helpMouseRows [ui]	2	1	tests/system/measured-sweep.test.ts:1587 tests/system/measured-sweep.test.ts:1613	b	row of another on-screen table/list (help, palette, roster, report, calendar)	-	-	no
T1	T1-0774	tests identifier	browserRowsListed [ui]	2	1	tests/system/measured-sweep.test.ts:1609 tests/system/measured-sweep.test.ts:1613	b	row of another on-screen table/list (help, palette, roster, report, calendar)	-	-	no
T1	T1-0775	tests identifier	printedByRow [ui]	2	1	tests/system/measured-sweep.test.ts:1645 tests/system/measured-sweep.test.ts:1648	b	row of another on-screen table/list (help, palette, roster, report, calendar)	-	-	no
T1	T1-0776	tests identifier	DrawnRowTitle [title]	2	1	tests/system/measured-sweep.test.ts:3080 tests/system/measured-sweep.test.ts:3095	c	row title cell / RowTitle control (行見出し) -- name or title unclear	タスクグループ見出し	taskGroupTitle	no
T1	T1-0777	tests identifier	READ_ORDER_ROW [spec]	2	1	tests/system/mspdi-normalization.sws.test.ts:57 tests/system/mspdi-normalization.sws.test.ts:666	b	row of a specification table (spec reader / spec row id)	-	-	no
T1	T1-0778	tests identifier	WRITE_ORDER_ROW [spec]	2	1	tests/system/mspdi-normalization.sws.test.ts:60 tests/system/mspdi-normalization.sws.test.ts:666	b	row of a specification table (spec reader / spec row id)	-	-	no
T1	T1-0779	tests identifier	selectOneRow [tg]	2	1	tests/system/nfr-004-file-scheme-sweep.sws.test.ts:958 tests/system/nfr-004-file-scheme-sweep.sws.test.ts:1418	a	TaskGroup (the chart row) in test code	タスクグループ	taskGroup / TaskGroup / TASK_GROUP	no
T1	T1-0780	tests identifier	propertyRowOf [field]	2	1	tests/system/rows-fixed-with-nothing-holding-them.test.ts:61 tests/system/rows-fixed-with-nothing-holding-them.test.ts:73	b	properties/settings panel field row, not a TaskGroup	-	-	no
T1	T1-0781	tests identifier	rowWithAGrandchild [tg]	2	1	tests/system/rows-fixed-with-nothing-holding-them.test.ts:648 tests/system/rows-fixed-with-nothing-holding-them.test.ts:666	a	TaskGroup (the chart row) in test code	タスクグループ	taskGroup / TaskGroup / TASK_GROUP	no
T1	T1-0782	tests identifier	FIXTURE_ROW_ID [N:tg]	2	1	tests/system/step-safety-valve-and-its-telling.test.ts:114 tests/system/step-safety-valve-and-its-telling.test.ts:198	a	named identifier; TaskGroup / chart row (majority of its lines)	タスクグループ	taskGroup	no
T1	T1-0783	tests identifier	knownRowIds [N:spec]	2	1	tests/system/sws-case.ts:43 tests/system/sws-case.ts:53	b	named identifier; row of a specification table (majority of its lines)	-	-	no
T1	T1-0784	tests identifier	ROW_IS_NOT_A_TARGET [N:spec]	2	1	tests/system/three-rows-read-from-the-spec-alone.test.ts:273 tests/system/three-rows-read-from-the-spec-alone.test.ts:767	b	named identifier; row of a specification table (majority of its lines)	-	-	no
T1	T1-0785	tests identifier	rowPanelRuleOf [panel]	2	1	tests/system/user-reported-fixes.test.ts:87 tests/system/user-reported-fixes.test.ts:639	a	Row Title Panel (U-22) in test code	タスクグループパネル	taskGroupPanel / Task Group Panel	no
T1	T1-0786	tests identifier	DEPTH_ONE_ROW_NAME_PX [tgname]	2	1	tests/system/user-reported-fixes.test.ts:1250 tests/system/user-reported-fixes.test.ts:1252	a	TaskGroup.label (row name)	タスクグループ名	taskGroupName	no
T1	T1-0787	tests identifier	rowId [undet]	2	1	tests/system/w3-t1-a-landed-merge-tells-its-rows.test.ts:38 tests/system/w3-t1-a-landed-merge-tells-its-rows.test.ts:39	c	meaning not determinable from line or file	要判断	ask	no
T1	T1-0788	tests identifier	RowsDocument [tgfix]	2	1	tests/system/w3-t1-stage.ts:12 tests/system/w3-t1-stage.ts:29	a	fixture TaskGroup id / document builder	タスクグループ	task-group id value / taskGroupDocument	no
T1	T1-0789	tests identifier	rowLabelOf [tgname]	2	1	tests/system/w3-t1-stage.ts:21 tests/system/w3-t1-stage.ts:66	a	TaskGroup.label (row name)	タスクグループ名	taskGroupName	no
T1	T1-0790	tests identifier	rowTitleRight [title]	2	1	tests/system/w3-t2-file-and-picture-clauses.test.ts:257 tests/system/w3-t2-file-and-picture-clauses.test.ts:266	c	row title cell / RowTitle control (行見出し) -- name or title unclear	タスクグループ見出し	taskGroupTitle	no
T1	T1-0791	tests identifier	IconRow [ui]	2	1	tests/system/w3-t5-header-palette-chooser-and-open-rules.test.ts:140 tests/system/w3-t5-header-palette-chooser-and-open-rules.test.ts:146	b	row of another on-screen table/list (help, palette, roster, report, calendar)	-	-	no
T1	T1-0792	tests identifier	rowBandCeilingOf [band]	2	1	tests/unit/cr-404-a-row-opened-by-hand-stays-open.test.ts:12 tests/unit/cr-404-a-row-opened-by-hand-stays-open.test.ts:1012	a	row band of a TaskGroup	タスクグループの帯	taskGroupBand	no
T1	T1-0793	tests identifier	ROW_TREE_SECTION [N:spec]	2	1	tests/unit/cr-404-a-row-opened-by-hand-stays-open.test.ts:30 tests/unit/cr-404-a-row-opened-by-hand-stays-open.test.ts:136	b	named identifier; row of a specification table (majority of its lines)	-	-	no
T1	T1-0794	tests identifier	_row [spec~]	2	2	tests/unit/cr-408-the-property-panel-wraps-and-its-edge-can-be-held.test.ts:538 tests/unit/cr-618-same-day-links-hold.test.ts:253	b	row of a specification table (line silent: file majority)	-	-	no
T1	T1-0795	tests identifier	holdsRow [N:spec]	2	1	tests/unit/cr-426-a-name-field-takes-its-keys-before-its-focus-arrives.test.ts:379 tests/unit/cr-426-a-name-field-takes-its-keys-before-its-focus-arrives.test.ts:414	b	named identifier; row of a specification table (majority of its lines)	-	-	no
T1	T1-0796	tests identifier	TASK_ROWS [N:tg]	2	1	tests/unit/cr-429-mspdi-fixtures.ts:187 tests/unit/cr-429-mspdi-fixtures.ts:271	a	named identifier; TaskGroup / chart row (majority of its lines)	タスクグループ	taskGroup	no
T1	T1-0797	tests identifier	grabSizeRowsOf [spec]	2	1	tests/unit/cr-430-bench.ts:46 tests/unit/cr-430-bench.ts:101	b	row of a specification table (spec reader / spec row id)	-	-	no
T1	T1-0798	tests identifier	ROW_EXPANDER [tg]	2	1	tests/unit/cr-439-row-title-panel-controls-and-pins.test.ts:61 tests/unit/cr-439-row-title-panel-controls-and-pins.test.ts:223	a	TaskGroup (the chart row) in test code	タスクグループ	taskGroup / TaskGroup / TASK_GROUP	no
T1	T1-0799	tests identifier	ROW_ONLY_ENTRANCES [N:spec]	2	1	tests/unit/cr-551-delete-all-rows-date-fields-and-colour-field.test.ts:213 tests/unit/cr-551-delete-all-rows-date-fields-and-colour-field.test.ts:236	b	named identifier; row of a specification table (majority of its lines)	-	-	no
T1	T1-0800	tests identifier	successorOnlySameRow [N:tg]	2	1	tests/unit/cr-555-dependency-lines-are-elided.test.ts:431 tests/unit/cr-555-dependency-lines-are-elided.test.ts:759	a	named identifier; TaskGroup / chart row (majority of its lines)	タスクグループ	taskGroup	no
T1	T1-0801	tests identifier	topRowOf [N:tg]	2	1	tests/unit/cr-555-the-continuation-mark-sends-the-view.test.ts:323 tests/unit/cr-555-the-continuation-mark-sends-the-view.test.ts:456	a	named identifier; TaskGroup / chart row (majority of its lines)	タスクグループ	taskGroup	no
T1	T1-0802	tests identifier	withTwoRows [tgfix]	2	1	tests/unit/cr-556-the-deadline-arrow.test.ts:321 tests/unit/cr-556-the-deadline-arrow.test.ts:433	a	fixture TaskGroup id / document builder	タスクグループ	task-group id value / taskGroupDocument	no
T1	T1-0803	tests identifier	CM_ROWS [N:spec]	2	1	tests/unit/cr-559-comment-box-leader-handle-bundles-and-look.test.ts:87 tests/unit/cr-559-comment-box-leader-handle-bundles-and-look.test.ts:508	b	named identifier; row of a specification table (majority of its lines)	-	-	no
T1	T1-0804	tests identifier	halfRow [N:tg]	2	1	tests/unit/cr-560-ctrl-drag-copies-the-selection-unstarted.test.ts:742 tests/unit/cr-560-ctrl-drag-copies-the-selection-unstarted.test.ts:747	a	named identifier; TaskGroup / chart row (majority of its lines)	タスクグループ	taskGroup	no
T1	T1-0805	tests identifier	rowIds [tg~]	2	1	tests/unit/cr-567-an-imported-leaf-task-sits-on-its-parents-row.test.ts:274 tests/unit/cr-567-an-imported-leaf-task-sits-on-its-parents-row.test.ts:275	a	TaskGroup / chart row (line silent: file majority)	タスクグループ	taskGroup	no
T1	T1-0806	tests identifier	looseRows [N:tg]	2	1	tests/unit/cr-567-an-imported-leaf-task-sits-on-its-parents-row.test.ts:282 tests/unit/cr-567-an-imported-leaf-task-sits-on-its-parents-row.test.ts:283	a	named identifier; TaskGroup / chart row (majority of its lines)	タスクグループ	taskGroup	no
T1	T1-0807	tests identifier	ANY_ROW [N:spec]	2	1	tests/unit/cr-618-same-day-links-hold.test.ts:97 tests/unit/cr-618-same-day-links-hold.test.ts:149	b	named identifier; row of a specification table (majority of its lines)	-	-	no
T1	T1-0808	tests identifier	TITLE_ROW [ui]	2	1	tests/unit/cr-621-a-window-answers-its-title-band-and-edges.test.ts:50 tests/unit/cr-621-a-window-answers-its-title-band-and-edges.test.ts:52	b	row of another on-screen table/list (help, palette, roster, report, calendar)	-	-	no
T1	T1-0809	tests identifier	iconRowUnderPointer [ui]	2	1	tests/unit/cr-624-a-rested-hint-names-its-holder.test.ts:124 tests/unit/cr-624-a-rested-hint-names-its-holder.test.ts:125	b	row of another on-screen table/list (help, palette, roster, report, calendar)	-	-	no
T1	T1-0810	tests identifier	offRow [N:tg]	2	1	tests/unit/cr-624-a-rested-hint-names-its-holder.test.ts:125 tests/unit/cr-624-a-rested-hint-names-its-holder.test.ts:127	a	named identifier; TaskGroup / chart row (majority of its lines)	タスクグループ	taskGroup	no
T1	T1-0811	tests identifier	top-row [tg]	2	1	tests/unit/cr-631-wbs-parent-resolutions-and-arrows.test.ts:92 tests/unit/cr-631-wbs-parent-resolutions-and-arrows.test.ts:93	a	TaskGroup (the chart row) in test code	タスクグループ	taskGroup / TaskGroup / TASK_GROUP	no
T1	T1-0812	tests identifier	ROW_PREFIX [spec]	2	1	tests/unit/cr-646-stage.ts:99 tests/unit/cr-646-stage.ts:103	b	row of a specification table (spec reader / spec row id)	-	-	no
T1	T1-0813	tests identifier	FR_053_ROW_CAP [N:spec]	2	1	tests/unit/cr-652-palette-rows-and-armed-label.test.ts:31 tests/unit/cr-652-palette-rows-and-armed-label.test.ts:159	b	named identifier; row of a specification table (majority of its lines)	-	-	no
T1	T1-0814	tests identifier	FR_053_NO_RULE_BETWEEN_ROWS [N:spec]	2	1	tests/unit/cr-652-palette-rows-and-armed-label.test.ts:33 tests/unit/cr-652-palette-rows-and-armed-label.test.ts:159	b	named identifier; row of a specification table (majority of its lines)	-	-	no
T1	T1-0815	tests identifier	PressRow [state]	2	2	tests/unit/fr-001-fr-083-the-toggle-and-the-drag.test.ts:76 tests/unit/uf-48-write-moment.test.ts:822	b	row of a state-machine / transition table (spec)	-	-	no
T1	T1-0816	tests identifier	EVERY_ROW_ARMS_THE_PRESSED_SHAPE [N:spec]	2	1	tests/unit/fr-001-fr-083-the-toggle-and-the-drag.test.ts:185 tests/unit/fr-001-fr-083-the-toggle-and-the-drag.test.ts:268	b	named identifier; row of a specification table (majority of its lines)	-	-	no
T1	T1-0817	tests identifier	row-by-row [N:tg]	2	2	tests/unit/fr-023-drops-unusable-dates-and-tells-the-names.test.ts:43 tests/unit/uf-8-9-replace-document.test.ts:1265	a	named identifier; TaskGroup / chart row (majority of its lines)	タスクグループ	taskGroup	no
T1	T1-0818	tests identifier	headOfRowTree [tg]	2	1	tests/unit/fr-027-startup-shows-its-depth.test.ts:282 tests/unit/fr-027-startup-shows-its-depth.test.ts:455	a	TaskGroup (the chart row) in test code	タスクグループ	taskGroup / TaskGroup / TASK_GROUP	no
T1	T1-0819	tests identifier	armRows [N:spec]	2	1	tests/unit/fr-029-palette-grab-marker.test.ts:976 tests/unit/fr-029-palette-grab-marker.test.ts:980	b	named identifier; row of a specification table (majority of its lines)	-	-	no
T1	T1-0820	tests identifier	FR_029_THE_MATCHING_ROW [N:spec]	2	1	tests/unit/fr-029-the-reason-a-press-carries.test.ts:198 tests/unit/fr-029-the-reason-a-press-carries.test.ts:648	b	named identifier; row of a specification table (majority of its lines)	-	-	no
T1	T1-0821	tests identifier	T_051_ONLY_DRAWN_ROWS [N:spec]	2	1	tests/unit/fr-029-the-reason-a-press-carries.test.ts:203 tests/unit/fr-029-the-reason-a-press-carries.test.ts:660	b	named identifier; row of a specification table (majority of its lines)	-	-	no
T1	T1-0822	tests identifier	THE_ROWS_ARE_NOT_REWRITTEN_BY_MOVEMENT [N:spec]	2	1	tests/unit/fr-031-a-write-that-moved-nothing-leaves-no-step.test.ts:42 tests/unit/fr-031-a-write-that-moved-nothing-leaves-no-step.test.ts:48	b	named identifier; row of a specification table (majority of its lines)	-	-	no
T1	T1-0823	tests identifier	AlphaRowName [tgname]	2	2	tests/unit/fr-085-double-click-a-row-name.test.ts:158 tests/unit/t-051-hf-17-adding-a-row-walks-the-rename-road.test.ts:233	a	TaskGroup.label (row name)	タスクグループ名	taskGroupName	no
T1	T1-0824	tests identifier	BetaRowName [tgname]	2	2	tests/unit/fr-085-double-click-a-row-name.test.ts:159 tests/unit/t-051-hf-17-adding-a-row-walks-the-rename-road.test.ts:235	a	TaskGroup.label (row name)	タスクグループ名	taskGroupName	no
T1	T1-0825	tests identifier	SK_3_ROW [N:spec]	2	1	tests/unit/h10-one-assignee-per-line.test.ts:677 tests/unit/h10-one-assignee-per-line.test.ts:733	b	named identifier; row of a specification table (majority of its lines)	-	-	no
T1	T1-0826	tests identifier	CS_4_ROW [N:spec]	2	1	tests/unit/h3-a-file-drop-wakes-a-frame.test.ts:31 tests/unit/h3-a-file-drop-wakes-a-frame.test.ts:48	b	named identifier; row of a specification table (majority of its lines)	-	-	no
T1	T1-0827	tests identifier	CM_8_ROW [N:tg]	2	1	tests/unit/h4-several-copied-tasks-paste-back.test.ts:30 tests/unit/h4-several-copied-tasks-paste-back.test.ts:50	a	named identifier; TaskGroup / chart row (majority of its lines)	タスクグループ	taskGroup	no
T1	T1-0828	tests identifier	COPY_TAKEN_ROW [N:tg]	2	1	tests/unit/h4-several-copied-tasks-paste-back.test.ts:32 tests/unit/h4-several-copied-tasks-paste-back.test.ts:53	a	named identifier; TaskGroup / chart row (majority of its lines)	タスクグループ	taskGroup	no
T1	T1-0829	tests identifier	CR_541_ROW_8 [N:tg]	2	1	tests/unit/h4-several-copied-tasks-paste-back.test.ts:34 tests/unit/h4-several-copied-tasks-paste-back.test.ts:56	a	named identifier; TaskGroup / chart row (majority of its lines)	タスクグループ	taskGroup	no
T1	T1-0830	tests identifier	controlsOfRow [N:spec]	2	1	tests/unit/mk-13-the-name-field-is-armed.test.ts:1062 tests/unit/mk-13-the-name-field-is-armed.test.ts:1093	b	named identifier; row of a specification table (majority of its lines)	-	-	no
T1	T1-0831	tests identifier	FR_052_JUDGES_ON_THE_ROW_AREA [area]	2	1	tests/unit/op-10-the-fit-view-is-solved-once.test.ts:40 tests/unit/op-10-the-fit-view-is-solved-once.test.ts:391	c	Row Area region name (no proposed wording)	タスクグループ領域?	taskGroupArea?	no
T1	T1-0832	tests identifier	WIDEN_THE_ROW_AXIS [axis]	2	1	tests/unit/op-10-the-fit-view-is-solved-once.test.ts:78 tests/unit/op-10-the-fit-view-is-solved-once.test.ts:522	c	row axis / row zoom (行軸, settled name)	行軸（利用者判断）	row axis (user decides)	no
T1	T1-0833	tests identifier	DELETE_THIS_ROW [tg]	2	1	tests/unit/t-015-t-051-the-four-folding-controls.test.ts:212 tests/unit/t-015-t-051-the-four-folding-controls.test.ts:631	a	TaskGroup (the chart row) in test code	タスクグループ	taskGroup / TaskGroup / TASK_GROUP	no
T1	T1-0834	tests identifier	ONE_DRAWN_ROW [N:tg]	2	1	tests/unit/t-015-t-051-the-four-folding-controls.test.ts:567 tests/unit/t-015-t-051-the-four-folding-controls.test.ts:589	a	named identifier; TaskGroup / chart row (majority of its lines)	タスクグループ	taskGroup	no
T1	T1-0835	tests identifier	wheelRowsOfTable [ui]	2	1	tests/unit/t-023-wheel-goes-to-the-browser.test.ts:198 tests/unit/t-023-wheel-goes-to-the-browser.test.ts:583	b	row of another on-screen table/list (help, palette, roster, report, calendar)	-	-	no
T1	T1-0836	tests identifier	handedOverRows [N:spec]	2	1	tests/unit/t-023-wheel-goes-to-the-browser.test.ts:212 tests/unit/t-023-wheel-goes-to-the-browser.test.ts:244	b	named identifier; row of a specification table (majority of its lines)	-	-	no
T1	T1-0837	tests identifier	WheelRow [ui]	2	1	tests/unit/t-023-wheel-goes-to-the-browser.test.ts:237 tests/unit/t-023-wheel-goes-to-the-browser.test.ts:243	b	row of another on-screen table/list (help, palette, roster, report, calendar)	-	-	no
T1	T1-0838	tests identifier	wheelRows [ui]	2	1	tests/unit/t-023-wheel-goes-to-the-browser.test.ts:243 tests/unit/t-023-wheel-goes-to-the-browser.test.ts:261	b	row of another on-screen table/list (help, palette, roster, report, calendar)	-	-	no
T1	T1-0839	tests identifier	SCROLL_ROW [N:tg]	2	1	tests/unit/t-023a-ptd-1-pan-follows-the-pointer.test.ts:275 tests/unit/t-023a-ptd-1-pan-follows-the-pointer.test.ts:352	a	named identifier; TaskGroup / chart row (majority of its lines)	タスクグループ	taskGroup	no
T1	T1-0840	tests identifier	TRAVEL_ROWS [N:tg]	2	1	tests/unit/t-023a-ptd-1-pan-follows-the-pointer.test.ts:580 tests/unit/t-023a-ptd-1-pan-follows-the-pointer.test.ts:584	a	named identifier; TaskGroup / chart row (majority of its lines)	タスクグループ	taskGroup	no
T1	T1-0841	tests identifier	ALPHA_ROW [tgfix]	2	1	tests/unit/t-023c-sl-3-marquee-drawn-while-held.test.ts:226 tests/unit/t-023c-sl-3-marquee-drawn-while-held.test.ts:295	a	fixture TaskGroup id / document builder	タスクグループ	task-group id value / taskGroupDocument	no
T1	T1-0842	tests identifier	topRow [N:tg]	2	1	tests/unit/t-024a-op-10-first-day-covered.test.ts:376 tests/unit/t-024a-op-10-first-day-covered.test.ts:409	a	named identifier; TaskGroup / chart row (majority of its lines)	タスクグループ	taskGroup	no
T1	T1-0843	tests identifier	T_027_OUTSIDE_ROWS [N:spec]	2	1	tests/unit/t-027-outside-the-history.test.ts:48 tests/unit/t-027-outside-the-history.test.ts:292	b	named identifier; row of a specification table (majority of its lines)	-	-	no
T1	T1-0844	tests identifier	T_202_OTHER_ROWS [N:spec]	2	1	tests/unit/t-027-outside-the-history.test.ts:67 tests/unit/t-027-outside-the-history.test.ts:305	b	named identifier; row of a specification table (majority of its lines)	-	-	no
T1	T1-0845	tests identifier	ROWS_WITH_NO_DOCUMENT_COLUMN [spec]	2	1	tests/unit/t-027-outside-the-history.test.ts:285 tests/unit/t-027-outside-the-history.test.ts:291	b	row of a specification table (spec reader / spec row id)	-	-	no
T1	T1-0846	tests identifier	rowControlsHeightPx [tg]	2	2	tests/unit/t-051-hf-14-a-raised-row-is-visible.test.ts:284 tests/unit/t-051-hf-14-the-depth-cap-refuses-a-row.test.ts:294	a	TaskGroup (the chart row) in test code	タスクグループ	taskGroup / TaskGroup / TASK_GROUP	no
T1	T1-0847	tests identifier	threeRowDocument [tgfix]	2	1	tests/unit/t-051-hf-17-adding-a-row-walks-the-rename-road.test.ts:244 tests/unit/t-051-hf-17-adding-a-row-walks-the-rename-road.test.ts:397	a	fixture TaskGroup id / document builder	タスクグループ	task-group id value / taskGroupDocument	no
T1	T1-0848	tests identifier	rowWidthPx [tg]	2	1	tests/unit/t-051-hf-6-ground-under-the-row-controls.test.ts:1004 tests/unit/t-051-hf-6-ground-under-the-row-controls.test.ts:1010	a	TaskGroup (the chart row) in test code	タスクグループ	taskGroup / TaskGroup / TASK_GROUP	no
T1	T1-0849	tests identifier	sizeRow [spec]	2	1	tests/unit/uf-27-28-29.test.ts:1729 tests/unit/uf-27-28-29.test.ts:1746	b	row of a specification table (spec reader / spec row id)	-	-	no
T1	T1-0850	tests identifier	T_024_ROWS_THAT_ARE_NOT_FILES [N:spec]	2	1	tests/unit/uf-41-42.test.ts:51 tests/unit/uf-41-42.test.ts:258	b	named identifier; row of a specification table (majority of its lines)	-	-	no
T1	T1-0851	tests identifier	inDirectionRows [spec]	2	1	tests/unit/uf-47-48-choosers.test.ts:237 tests/unit/uf-47-48-choosers.test.ts:2456	b	row of a specification table (spec reader / spec row id)	-	-	no
T1	T1-0852	tests identifier	ENTRY_ROWS [ui]	2	1	tests/unit/uf-71-confirmation.test.ts:315 tests/unit/uf-71-confirmation.test.ts:1442	b	row of another on-screen table/list (help, palette, roster, report, calendar)	-	-	no
T1	T1-0853	tests identifier	NT_7_NO_ROW_OF_T_109 [N:spec]	2	1	tests/unit/uf-71-confirmation.test.ts:366 tests/unit/uf-71-confirmation.test.ts:1486	b	named identifier; row of a specification table (majority of its lines)	-	-	no
T1	T1-0854	tests identifier	FR_032_SHOWN_ON_ANOTHER_ROW [N:spec]	2	1	tests/unit/uf-71-confirmation.test.ts:376 tests/unit/uf-71-confirmation.test.ts:1495	b	named identifier; row of a specification table (majority of its lines)	-	-	no
T1	T1-0855	tests identifier	entryRowsIn [ui]	2	1	tests/unit/uf-71-confirmation.test.ts:1082 tests/unit/uf-71-confirmation.test.ts:1659	b	row of another on-screen table/list (help, palette, roster, report, calendar)	-	-	no
T1	T1-0856	tests identifier	RowAtTwo [tgfix]	2	1	tests/unit/uf-71.test.ts:2512 tests/unit/uf-71.test.ts:2520	a	fixture TaskGroup id / document builder	タスクグループ	task-group id value / taskGroupDocument	no
T1	T1-0857	tests identifier	rowExpanderCloseBelow [tg]	2	1	tests/unit/uf-72-screen-part.test.ts:1454 tests/unit/uf-72-screen-part.test.ts:2454	a	TaskGroup (the chart row) in test code	タスクグループ	taskGroup / TaskGroup / TASK_GROUP	no
T1	T1-0858	tests identifier	FR_098_ONE_PER_ROW [N:spec]	2	1	tests/unit/uf-72-screen-part.test.ts:3107 tests/unit/uf-72-screen-part.test.ts:3270	b	named identifier; row of a specification table (majority of its lines)	-	-	no
T1	T1-0859	tests identifier	ROW_NAMES [tgname]	2	1	tests/unit/uf-72-screen-part.test.ts:3544 tests/unit/uf-72-screen-part.test.ts:3734	a	TaskGroup.label (row name)	タスクグループ名	taskGroupName	no
T1	T1-0860	tests identifier	grabRowRight [N:tg]	2	1	tests/usecase/uc-002-build-rows-as-a-hierarchy.test.ts:15 tests/usecase/uc-002-build-rows-as-a-hierarchy.test.ts:57	a	named identifier; TaskGroup / chart row (majority of its lines)	タスクグループ	taskGroup	no
T1	T1-0861	tests identifier	rowUnderTheMovedAnchor [tg]	2	1	tests/usecase/uc-008-tell-by-annotations.test.ts:41 tests/usecase/uc-008-tell-by-annotations.test.ts:48	a	TaskGroup (the chart row) in test code	タスクグループ	taskGroup / TaskGroup / TASK_GROUP	no
T1	T1-0862	tests identifier	no-such-row [spec]	1	1	tests/contract/cr-441-t-274-principles-and-rows-both-ways.contract.test.ts:153	b	row of a specification table (spec reader / spec row id)	-	-	no
T1	T1-0863	tests identifier	unnamed-row [spec]	1	1	tests/contract/cr-441-t-274-principles-and-rows-both-ways.contract.test.ts:161	b	row of a specification table (spec reader / spec row id)	-	-	no
T1	T1-0864	tests identifier	_rowId [N:spec]	1	1	tests/contract/cr-557-a-pressed-hue-swatch-is-one-undoable-step.test.ts:319	b	named identifier; row of a specification table (majority of its lines)	-	-	no
T1	T1-0865	tests identifier	row-parent [tgfix]	1	1	tests/contract/cr-571-agent-api-search.contract.test.ts:58	a	fixture TaskGroup id / document builder	タスクグループ	task-group id value / taskGroupDocument	no
T1	T1-0866	tests identifier	row-child [tgfix]	1	1	tests/contract/cr-571-agent-api-search.contract.test.ts:59	a	fixture TaskGroup id / document builder	タスクグループ	task-group id value / taskGroupDocument	no
T1	T1-0867	tests identifier	row-other [tgfix]	1	1	tests/contract/cr-571-agent-api-search.contract.test.ts:60	a	fixture TaskGroup id / document builder	タスクグループ	task-group id value / taskGroupDocument	no
T1	T1-0868	tests identifier	row-inner [tgfix]	1	1	tests/contract/cr-571-search-panel-view.test.ts:127	a	fixture TaskGroup id / document builder	タスクグループ	task-group id value / taskGroupDocument	no
T1	T1-0869	tests identifier	table-row [css]	1	1	tests/contract/cr-607-the-settings-panel-resets-grs.test.ts:518	b	CSS/DOM/HTML table vocabulary	-	-	no
T1	T1-0870	tests identifier	g-row [ui]	1	1	tests/contract/cr-660-the-two-tables-lead-with-status-and-filter-like-excel.contract.test.ts:157	b	row of another on-screen table/list (help, palette, roster, report, calendar)	-	-	no
T1	T1-0871	tests identifier	single-row [tg]	1	1	tests/contract/dfc-130-pr-1-pr-2-reach-the-document.test.ts:556	a	TaskGroup (the chart row) in test code	タスクグループ	taskGroup / TaskGroup / TASK_GROUP	no
T1	T1-0872	tests identifier	seven-row [spec]	1	1	tests/contract/display-words.contract.test.ts:367	b	row of a specification table (spec reader / spec row id)	-	-	no
T1	T1-0873	tests identifier	Row-Area [area]	1	1	tests/contract/fr-020-the-four-values-live-in-the-tables-not-in-src.test.ts:151	c	Row Area region name (no proposed wording)	タスクグループ領域?	taskGroupArea?	no
T1	T1-0874	tests identifier	row-reverse [css]	1	1	tests/contract/fr-053-where-the-band-carries-its-two-marks.test.ts:457	b	CSS/DOM/HTML table vocabulary	-	-	no
T1	T1-0875	tests identifier	NOT_STORED_ROW_CONTROL_SIZES [spec]	1	1	tests/contract/seams.contract.test.ts:197	b	row of a specification table (spec reader / spec row id)	-	-	no
T1	T1-0876	tests identifier	rowGrabStateMachine [tg]	1	1	tests/contract/state-machine-gesture.contract.test.ts:216	a	TaskGroup (the chart row) in test code	タスクグループ	taskGroup / TaskGroup / TASK_GROUP	no
T1	T1-0877	tests identifier	rowGrabAxisSettled [tg]	1	1	tests/contract/state-machine-gesture.contract.test.ts:231	a	TaskGroup (the chart row) in test code	タスクグループ	taskGroup / TaskGroup / TASK_GROUP	no
T1	T1-0878	tests identifier	row-tree [tg]	1	1	tests/contract/tree-state-machine.contract.test.ts:1	a	TaskGroup (the chart row) in test code	タスクグループ	taskGroup / TaskGroup / TASK_GROUP	no
T1	T1-0879	tests identifier	isChildOfPressedRow [tg]	1	1	tests/contract/tree-state-machine.contract.test.ts:114	a	TaskGroup (the chart row) in test code	タスクグループ	taskGroup / TaskGroup / TASK_GROUP	no
T1	T1-0880	tests identifier	isBelowPressedRow [N:tg]	1	1	tests/contract/tree-state-machine.contract.test.ts:116	a	named identifier; TaskGroup / chart row (majority of its lines)	タスクグループ	taskGroup	no
T1	T1-0881	tests identifier	isLeafRow [tg]	1	1	tests/contract/tree-state-machine.contract.test.ts:118	a	TaskGroup (the chart row) in test code	タスクグループ	taskGroup / TaskGroup / TASK_GROUP	no
T1	T1-0882	tests identifier	isTopLevelRow [tg]	1	1	tests/contract/tree-state-machine.contract.test.ts:120	a	TaskGroup (the chart row) in test code	タスクグループ	taskGroup / TaskGroup / TASK_GROUP	no
T1	T1-0883	tests identifier	row-c [tgfix]	1	1	tests/contract/w3-t3-enter-and-the-two-selections.test.ts:39	a	fixture TaskGroup id / document builder	タスクグループ	task-group id value / taskGroupDocument	no
T1	T1-0884	tests identifier	row-fresh [tgfix]	1	1	tests/contract/w3-t3-enter-and-the-two-selections.test.ts:113	a	fixture TaskGroup id / document builder	タスクグループ	task-group id value / taskGroupDocument	no
T1	T1-0885	tests identifier	rowsOf [ui~]	1	1	tests/contract/w3-t3-settings-panel-span-status-date-and-scale-fields.test.ts:117	b	row of another on-screen table/list (line silent: file majority)	-	-	no
T1	T1-0886	tests identifier	sweep-row [tgfix]	1	1	tests/system/cr-430-labels-and-hidden-things-sweep.test.ts:27	a	fixture TaskGroup id / document builder	タスクグループ	task-group id value / taskGroupDocument	no
T1	T1-0887	tests identifier	data-row-folding-grid [tg]	1	1	tests/system/cr-553-a-shown-control-group-stays-its-row.test.ts:29	a	TaskGroup (the chart row) in test code	タスクグループ	taskGroup / TaskGroup / TASK_GROUP	no
T1	T1-0888	tests identifier	same-row [tg]	1	1	tests/system/duplicate-paste-and-dual-cursor.test.ts:808	a	TaskGroup (the chart row) in test code	タスクグループ	taskGroup / TaskGroup / TASK_GROUP	no
T1	T1-0889	tests identifier	ZetaHeadRow [tgfix]	1	1	tests/system/measured-sweep.test.ts:3973	a	fixture TaskGroup id / document builder	タスクグループ	task-group id value / taskGroupDocument	no
T1	T1-0890	tests identifier	ZetaChildRow [tgfix]	1	1	tests/system/measured-sweep.test.ts:4011	a	fixture TaskGroup id / document builder	タスクグループ	task-group id value / taskGroupDocument	no
T1	T1-0891	tests identifier	tbl-row-id-prefixes [spec]	1	1	tests/system/nfr-004-file-scheme-sweep.sws.test.ts:59	b	row of a specification table (spec reader / spec row id)	-	-	no
T1	T1-0892	tests identifier	rows-only [tg]	1	1	tests/system/open-defect-pins.test.ts:4	a	TaskGroup (the chart row) in test code	タスクグループ	taskGroup / TaskGroup / TASK_GROUP	no
T1	T1-0893	tests identifier	data-folded-rows [tg]	1	1	tests/system/w3-t5-header-palette-chooser-and-open-rules.test.ts:192	a	TaskGroup (the chart row) in test code	タスクグループ	taskGroup / TaskGroup / TASK_GROUP	no
T1	T1-0894	tests identifier	row$ [css]	1	1	tests/unit/cr-419-names-draw-heavier-and-every-text-shares-one-typeface-list.test.ts:138	b	CSS/DOM/HTML table vocabulary	-	-	no
T1	T1-0895	tests identifier	row-copy [tgfix]	1	1	tests/unit/cr-560-ctrl-drag-copies-the-selection-unstarted.test.ts:870	a	fixture TaskGroup id / document builder	タスクグループ	task-group id value / taskGroupDocument	no
T1	T1-0896	tests identifier	row-owning [tg]	1	1	tests/unit/cr-567-an-imported-leaf-task-sits-on-its-parents-row.test.ts:165	a	TaskGroup (the chart row) in test code	タスクグループ	taskGroup / TaskGroup / TASK_GROUP	no
T1	T1-0897	tests identifier	rowIds [tg]	1	1	tests/unit/cr-567-an-imported-leaf-task-sits-on-its-parents-row.test.ts:273	a	TaskGroup / chart row (line context)	タスクグループ	taskGroup	no
T1	T1-0898	tests identifier	Row [ui~]	1	1	tests/unit/cr-649-exception-times-duration-and-the-open-chooser-words.test.ts:229	b	row of another on-screen table/list (line silent: file majority)	-	-	no
T1	T1-0899	tests identifier	row-add [tg]	1	1	tests/unit/t-051-hf-14-a-raised-row-is-visible.test.ts:59	a	TaskGroup (the chart row) in test code	タスクグループ	taskGroup / TaskGroup / TASK_GROUP	no
T1	T1-0900	tests identifier	AlphaChildRowName [tgname]	1	1	tests/unit/t-051-hf-17-adding-a-row-walks-the-rename-road.test.ts:234	a	TaskGroup.label (row name)	タスクグループ名	taskGroupName	no
T1	T1-0901	tests identifier	add-row [tg]	1	1	tests/unit/t-051-hf-17-adding-a-row-walks-the-rename-road.test.ts:508	a	TaskGroup (the chart row) in test code	タスクグループ	taskGroup / TaskGroup / TASK_GROUP	no
T1	T1-0902	tests identifier	RowBeta [tgfix]	1	1	tests/unit/t-051-hf-6-ground-under-the-row-controls.test.ts:1189	a	fixture TaskGroup id / document builder	タスクグループ	task-group id value / taskGroupDocument	no
T1	T1-0903	tests identifier	ROW-BY-ROW [N:spec]	1	1	tests/unit/uf-47-48-choosers.test.ts:2033	b	named identifier; row of a specification table (majority of its lines)	-	-	no
T1	T1-0904	tests identifier	PinnedRowOne [tgfix]	1	1	tests/unit/uf-71.test.ts:1261	a	fixture TaskGroup id / document builder	タスクグループ	task-group id value / taskGroupDocument	no
T1	T1-0905	tests identifier	RowNameStandingHere [tgname]	1	1	tests/unit/uf-71.test.ts:1698	a	TaskGroup.label (row name)	タスクグループ名	taskGroupName	no
T1	T1-0906	tests identifier	RowNamedWhileATellingStood [tgname]	1	1	tests/unit/uf-71.test.ts:1834	a	TaskGroup.label (row name)	タスクグループ名	taskGroupName	no
T1	T1-0907	tests identifier	ShallowRow [tgfix]	1	1	tests/unit/uf-71.test.ts:3629	a	fixture TaskGroup id / document builder	タスクグループ	task-group id value / taskGroupDocument	no
T1	T1-0908	tests identifier	DeepRow [tgfix]	1	1	tests/unit/uf-71.test.ts:3636	a	fixture TaskGroup id / document builder	タスクグループ	task-group id value / taskGroupDocument	no
T1	T1-0909	tests identifier	rowControlRight [tg]	1	1	tests/unit/uf-72-screen-part.test.ts:647	a	TaskGroup (the chart row) in test code	タスクグループ	taskGroup / TaskGroup / TASK_GROUP	no
T1	T1-0910	tests identifier	$row [ui]	1	1	tests/unit/uf-72-screen-part.test.ts:1969	b	row of another on-screen table/list (line context)	-	-	no
T1	T1-0911	tests identifier	groupIdOfRowNamed [tgname]	1	1	tests/usecase/uc-harness.ts:196	a	TaskGroup.label (row name)	タスクグループ名	taskGroupName	no
T1	T1-0912	tests quoted clause	行 [jtg]	640	115	tests/contract/cr-430-ga-1-to-22-grab-areas.test.ts:39 tests/contract/cr-430-table-pe-press-and-drag-effects.test.ts:64 tests/contract/cr-430-ty-1-to-9-type-order.test.ts:21	a	TaskGroup (行 = chart row) in a quoted spec sentence or comment	タスクグループ	task group	no
T1	T1-0913	tests quoted clause	行 [jspec]	276	97	tests/contract/cr-430-t-020-the-order-things-are-drawn.test.ts:39 tests/contract/cr-541-wheel-escape-select-all-and-display-scale.test.ts:23 tests/contract/cr-557-the-theme-hue-field-heads-the-settings-panel.test.ts:56	b	row of a specification table (表 T-xxx の行 / 本行 / 行 ID)	-	-	no
T1	T1-0914	tests quoted clause	行 [jtg~]	223	53	tests/contract/cr-430-table-pe-press-and-drag-effects.test.ts:50 tests/contract/cr-430-table-pe-press-and-drag-effects.test.ts:58 tests/contract/cr-441-t-274-principles-and-rows-both-ways.contract.test.ts:17	a	TaskGroup (行 = chart row) in a quoted spec sentence or comment [line silent: file majority]	タスクグループ	task group	no
T1	T1-0915	tests quoted clause	行 [jw]	84	38	tests/contract/cr-561-the-delay-diagnostics-report.contract.test.ts:15 tests/contract/cr-571-agent-api-search.contract.test.ts:44 tests/contract/cr-571-agent-api-search.contract.test.ts:45	b	word that only contains 行 (実行/先行/行う...)	-	-	no
T1	T1-0916	tests quoted clause	行 [jundet]	78	37	tests/contract/cr-430-t-273-where-the-labels-stand.test.ts:40 tests/contract/cr-557-a-pressed-hue-swatch-is-one-undoable-step.test.ts:58 tests/contract/cr-557-the-theme-hue-roster-is-table-t-305.test.ts:15	c	meaning not determinable from line or file	要判断	ask	no
T1	T1-0917	tests quoted clause	本行 [jspec]	75	42	tests/contract/cr-588-no-pre-change-plan-asks-for-the-file.contract.test.ts:70 tests/contract/cr-588-no-pre-change-plan-asks-for-the-file.contract.test.ts:313 tests/contract/cr-596-a-click-on-the-mark-jumps-and-marks-the-landing.contract.test.ts:140	b	row of a specification table (表 T-xxx の行 / 本行 / 行 ID)	-	-	no
T1	T1-0918	tests quoted clause	行 [jspec~]	72	29	tests/contract/cr-557-the-theme-hue-field-heads-the-settings-panel.test.ts:52 tests/contract/cr-571-search-panel-view.test.ts:61 tests/contract/cr-589-each-entry-rewrites-the-setting-its-cell-names.contract.test.ts:66	b	row of a specification table (表 T-xxx の行 / 本行 / 行 ID) [line silent: file majority]	-	-	no
T1	T1-0919	tests quoted clause	行見出 [jpanel]	47	18	tests/contract/cr-657-group-grid-lines-across-the-row-title-panel.test.ts:41 tests/contract/cr-657-group-grid-lines-across-the-row-title-panel.test.ts:44 tests/contract/cr-657-group-grid-lines-across-the-row-title-panel.test.ts:46	a	行見出しパネル = Row Title Panel (U-22)	タスクグループパネル	Task Group Panel	no
T1	T1-0920	tests quoted clause	進行中 [jw]	44	16	tests/contract/cr-571-search-table-filters.contract.test.ts:43 tests/contract/cr-571-search-table-filters.contract.test.ts:57 tests/contract/cr-660-the-two-tables-lead-with-status-and-filter-like-excel.contract.test.ts:65	b	word that only contains 行 (実行/先行/行う...)	-	-	no
T1	T1-0921	tests quoted clause	行 [jui]	40	15	tests/contract/cr-557-the-theme-hue-field-heads-the-settings-panel.test.ts:54 tests/contract/cr-606-the-panel-rows-follow-t-016.test.ts:35 tests/contract/cr-673-monochrome-swatches-font-size-stopped-line-arrow-head-and-field-notices.contract.test.ts:54	b	row of another table/list (field row, calendar record, help/palette row)	-	-	no
T1	T1-0922	tests quoted clause	親 [pundet]	39	12	tests/contract/cr-429-mr-1-mr-2-ex-10-child-order.test.ts:26 tests/contract/cr-429-mr-1-mr-2-ex-10-child-order.test.ts:35 tests/contract/cr-429-mr-1-mr-2-ex-10-child-order.test.ts:45	c	親 -- WBS parent or TaskGroup parent unclear	要判断	ask	no
T1	T1-0923	tests quoted clause	行 [jl]	39	24	tests/contract/cr-430-ga-1-to-22-grab-areas.test.ts:38 tests/contract/cr-541-wheel-escape-select-all-and-display-scale.test.ts:20 tests/contract/cr-663-the-tooltip-labels-assignee-and-progress.test.ts:25	b	a line of text (改行/空行/行番号/複数行)	-	-	no
T1	T1-0924	tests quoted clause	親 [pwbs]	31	11	tests/contract/cr-561-the-delay-diagnostics-report.contract.test.ts:27 tests/contract/cr-561-the-delay-diagnostics-report.contract.test.ts:29 tests/contract/e24-paste-refused-while-several-rows-are-chosen.test.ts:27	a	親 = WBS parent of a Task (axis A)	親タスク	parent task	no
T1	T1-0925	tests quoted clause	先行 [jw]	24	10	tests/contract/cr-561-the-delay-diagnostics-report.contract.test.ts:33 tests/contract/cr-561-the-delay-diagnostics-report.contract.test.ts:503 tests/contract/cr-606-the-panel-rows-follow-t-016.test.ts:48	b	word that only contains 行 (実行/先行/行う...)	-	-	no
T1	T1-0926	tests quoted clause	行 [jui~]	21	6	tests/contract/cr-673-monochrome-swatches-font-size-stopped-line-arrow-head-and-field-notices.contract.test.ts:56 tests/system/cr-664-the-colour-rows-line-up-with-the-other-fields.test.ts:16 tests/system/cr-664-the-colour-rows-line-up-with-the-other-fields.test.ts:17	b	row of another table/list (field row, calendar record, help/palette row) [line silent: file majority]	-	-	no
T1	T1-0927	tests quoted clause	親 [ptg]	19	7	tests/contract/cr-608-an-added-row-opens-until-the-view-shrinks.test.ts:25 tests/contract/cr-608-an-added-row-opens-until-the-view-shrinks.test.ts:28 tests/contract/cr-608-an-added-row-opens-until-the-view-shrinks.test.ts:32	b	親 = parent TaskGroup (axis B) -- stays a parent task group	-	-	no
T1	T1-0928	tests quoted clause	行自身 [jtg]	19	6	tests/contract/dfc-406-d-411-the-reason-a-refused-write-carries.test.ts:34 tests/contract/t-233-reason-words-tell-the-row.contract.test.ts:422 tests/unit/t-015-t-051-the-four-folding-controls.test.ts:641	a	TaskGroup (行 = chart row) in a quoted spec sentence or comment	タスクグループ	task group	no
T1	T1-0929	tests quoted clause	各行 [jui]	18	6	tests/contract/cr-557-the-theme-hue-field-heads-the-settings-panel.test.ts:54 tests/contract/cr-673-monochrome-swatches-font-size-stopped-line-arrow-head-and-field-notices.contract.test.ts:54 tests/unit/t-015-t-051-the-four-folding-controls.test.ts:149	b	row of another table/list (field row, calendar record, help/palette row)	-	-	no
T1	T1-0930	tests quoted clause	行数 [jtg]	13	7	tests/contract/dfc-2030-a-body-drag-moves-the-selected-boxes.contract.test.ts:35 tests/contract/dfc-568-gr-14-corners-anchor-and-body.test.ts:111 tests/contract/dfc-568-gr-14-corners-anchor-and-body.test.ts:112	a	TaskGroup (行 = chart row) in a quoted spec sentence or comment	タスクグループ	task group	no
T1	T1-0931	tests quoted clause	実行 [jw]	13	10	tests/contract/dfc-295-entering-the-dual-cursor-drops-the-arm.test.ts:299 tests/contract/fr-020-the-four-values-live-in-the-tables-not-in-src.test.ts:164 tests/unit/fr-052-t-023d-picture-while-held.test.ts:79	b	word that only contains 行 (実行/先行/行う...)	-	-	no
T1	T1-0932	tests quoted clause	行見出 [jtitle]	11	9	tests/contract/cr-657-group-grid-lines-across-the-row-title-panel.test.ts:201 tests/contract/cr-667-percent-complete-counts-both-end-days.contract.test.ts:34 tests/system/cr-667-panel-divider-in-the-rule-colour.test.ts:15	c	行見出し (title cell) -- name or title unclear	タスクグループ見出し	task group title	no
T1	T1-0933	tests quoted clause	行名 [jname]	9	4	tests/contract/display-words.contract.test.ts:152 tests/contract/display-words.contract.test.ts:1739 tests/contract/display-words.contract.test.ts:1744	a	row name = TaskGroup.label	タスクグループ名	task group name	no
T1	T1-0934	tests quoted clause	回発行 [jw]	7	6	tests/contract/cr-557-a-pressed-hue-swatch-is-one-undoable-step.test.ts:58 tests/contract/cr-557-the-theme-hue-field-heads-the-settings-panel.test.ts:52 tests/contract/cr-557-the-theme-hue-roster-is-table-t-305.test.ts:15	b	word that only contains 行 (実行/先行/行う...)	-	-	no
T1	T1-0935	tests quoted clause	全行 [jspec]	7	2	tests/unit/t-051-hf-6-ground-under-the-row-controls.test.ts:28 tests/unit/t-051-hf-6-ground-under-the-row-controls.test.ts:47 tests/unit/t-051-hf-6-ground-under-the-row-controls.test.ts:1232	b	row of a specification table (表 T-xxx の行 / 本行 / 行 ID)	-	-	no
T1	T1-0936	tests quoted clause	同行 [jspec]	6	3	tests/contract/cr-602-an-emphasised-dependency-line-keeps-its-colour.contract.test.ts:77 tests/contract/cr-602-an-emphasised-dependency-line-keeps-its-colour.contract.test.ts:78 tests/contract/cr-602-an-emphasised-dependency-line-keeps-its-colour.contract.test.ts:80	b	row of a specification table (表 T-xxx の行 / 本行 / 行 ID)	-	-	no
T1	T1-0937	tests quoted clause	改行 [jl]	6	3	tests/contract/cr-607-the-settings-panel-resets-grs.test.ts:60 tests/unit/cr-408-the-property-panel-wraps-and-its-edge-can-be-held.test.ts:45 tests/unit/uf-47-48-history-bytes.test.ts:64	b	a line of text (改行/空行/行番号/複数行)	-	-	no
T1	T1-0938	tests quoted clause	各行 [jtg~]	6	3	tests/unit/cr-551-header-roster-tooltips-and-scrollbars.test.ts:212 tests/unit/cr-556-the-deadline-arrow.test.ts:83 tests/unit/uf-72-screen-part.test.ts:3097	a	TaskGroup (行 = chart row) in a quoted spec sentence or comment [line silent: file majority]	タスクグループ	task group	no
T1	T1-0939	tests quoted clause	実行日 [jw]	6	1	tests/unit/t-024a-op-10-first-day-covered.test.ts:53 tests/unit/t-024a-op-10-first-day-covered.test.ts:81 tests/unit/t-024a-op-10-first-day-covered.test.ts:170	b	word that only contains 行 (実行/先行/行う...)	-	-	no
T1	T1-0940	tests quoted clause	複数行 [jl]	5	3	tests/contract/dfc-130-pr-1-pr-2-reach-the-document.test.ts:42 tests/contract/dfc-130-pr-1-pr-2-reach-the-document.test.ts:266 tests/contract/dfc-130-pr-1-pr-2-reach-the-document.test.ts:494	b	a line of text (改行/空行/行番号/複数行)	-	-	no
T1	T1-0941	tests quoted clause	平行移動 [jw]	4	3	tests/unit/t-023d-follows-the-pointer.test.ts:93 tests/unit/t-023d-gr-5-relays-the-actual-duration.test.ts:398 tests/unit/t-023d-gr-5-relays-the-actual-duration.test.ts:484	b	word that only contains 行 (実行/先行/行う...)	-	-	no
T1	T1-0942	tests quoted clause	親子 [pwbs]	3	3	tests/contract/cr-430-table-pk-the-pointer-shapes.test.ts:34 tests/contract/e24-paste-refused-while-several-rows-are-chosen.test.ts:27 tests/unit/h4-several-copied-tasks-paste-back.test.ts:27	a	親 = WBS parent of a Task (axis A)	親タスク	parent task	no
T1	T1-0943	tests quoted clause	対象行 [jspec]	3	3	tests/contract/dfc-298-d-420-gr-21-the-grip-starts-and-follows.test.ts:40 tests/unit/t-023d-follows-the-pointer.test.ts:1693 tests/unit/uf-48-write-moment.test.ts:747	b	row of a specification table (表 T-xxx の行 / 本行 / 行 ID)	-	-	no
T1	T1-0944	tests quoted clause	各行 [jundet]	3	3	tests/system/cr-551-tooltips-stay-on-one-line.test.ts:13 tests/system/cr-570-tree-state-paste.test.ts:19 tests/unit/ez-2-tooltip-one-line-inside-the-window.test.ts:18	c	meaning not determinable from line or file	要判断	ask	no
T1	T1-0945	tests quoted clause	何行 [jtg]	3	2	tests/system/measured-sweep.test.ts:3347 tests/unit/cr-439-row-title-panel-controls-and-pins.test.ts:50 tests/unit/cr-439-row-title-panel-controls-and-pins.test.ts:197	a	TaskGroup (行 = chart row) in a quoted spec sentence or comment	タスクグループ	task group	no
T1	T1-0946	tests quoted clause	親子関係 [pwbs]	3	2	tests/unit/cr-631-wbs-parent-palette-chooser-and-picture.test.ts:67 tests/unit/cr-631-wbs-parent-palette-chooser-and-picture.test.ts:82 tests/unit/t-051-hf-15-grabbing-a-row.test.ts:1337	a	親 = WBS parent of a Task (axis A)	親タスク	parent task	no
T1	T1-0947	tests quoted clause	行・隠 [jtg]	2	2	tests/contract/cr-588-the-pre-change-plan-outline.contract.test.ts:40 tests/unit/cr-556-the-deadline-arrow.test.ts:54	a	TaskGroup (行 = chart row) in a quoted spec sentence or comment	タスクグループ	task group	no
T1	T1-0948	tests quoted clause	名称・担当者名・行名・文書名・プロパティ [jspec~]	2	1	tests/contract/dfc-322-sk-9-the-document-name-is-edited-in-place.test.ts:12 tests/contract/dfc-322-sk-9-the-document-name-is-edited-in-place.test.ts:132	b	row of a specification table (表 T-xxx の行 / 本行 / 行 ID) [line silent: file majority]	-	-	no
T1	T1-0949	tests quoted clause	親子 [pundet]	2	2	tests/contract/w3-t3-settings-panel-span-status-date-and-scale-fields.test.ts:35 tests/unit/cr-631-wbs-parent-resolutions-and-arrows.test.ts:48	c	親 -- WBS parent or TaskGroup parent unclear	要判断	ask	no
T1	T1-0950	tests quoted clause	親子判別 [pwbs]	2	1	tests/unit/cr-631-wbs-parent-palette-chooser-and-picture.test.ts:69 tests/unit/cr-631-wbs-parent-palette-chooser-and-picture.test.ts:90	a	親 = WBS parent of a Task (axis A)	親タスク	parent task	no
T1	T1-0951	tests quoted clause	一度行 [jw]	2	2	tests/unit/fr-019-no-row-for-the-annotation.test.ts:335 tests/unit/uf-47-48-choosers.test.ts:2165	b	word that only contains 行 (実行/先行/行う...)	-	-	no
T1	T1-0952	tests quoted clause	行軸 [jaxis]	2	2	tests/unit/op-10-the-fit-view-is-solved-once.test.ts:519 tests/unit/t-024a-op-10-a-chosen-zoom-is-the-place.test.ts:70	c	行軸 (vertical zoom axis) settled name	行軸（利用者判断）	row axis (user decides)	no
T1	T1-0953	tests quoted clause	連鎖・行 [jtg]	2	1	tests/unit/t-023c-selection-points-at-what-exists.test.ts:43 tests/unit/t-023c-selection-points-at-what-exists.test.ts:559	a	TaskGroup (行 = chart row) in a quoted spec sentence or comment	タスクグループ	task group	no
T1	T1-0954	tests quoted clause	各行 [jspec]	2	2	tests/unit/t-051-hf-6-ground-under-the-row-controls.test.ts:890 tests/unit/uf-39-40.test.ts:1138	b	row of a specification table (表 T-xxx の行 / 本行 / 行 ID)	-	-	no
T1	T1-0955	tests quoted clause	行番号 [jl]	1	1	tests/contract/cr-429-the-two-schemas.test.ts:25	b	a line of text (改行/空行/行番号/複数行)	-	-	no
T1	T1-0956	tests quoted clause	親子 [ptg]	1	1	tests/contract/cr-561-the-delay-diagnostics-report.contract.test.ts:17	b	親 = parent TaskGroup (axis B) -- stays a parent task group	-	-	no
T1	T1-0957	tests quoted clause	先行・達成 [jw]	1	1	tests/contract/cr-561-the-delay-diagnostics-report.contract.test.ts:17	b	word that only contains 行 (実行/先行/行う...)	-	-	no
T1	T1-0958	tests quoted clause	欄・行 [jtg]	1	1	tests/contract/cr-582-the-min-height-field-reads-the-current-height.test.ts:44	a	TaskGroup (行 = chart row) in a quoted spec sentence or comment	タスクグループ	task group	no
T1	T1-0959	tests quoted clause	倍率・行 [jtg]	1	1	tests/contract/cr-582-the-min-height-field-reads-the-current-height.test.ts:54	a	TaskGroup (行 = chart row) in a quoted spec sentence or comment	タスクグループ	task group	no
T1	T1-0960	tests quoted clause	名称・担当者名・行名・文書名・ [jspec~]	1	1	tests/contract/dfc-130-pr-1-pr-2-reach-the-document.test.ts:46	b	row of a specification table (表 T-xxx の行 / 本行 / 行 ID) [line silent: file majority]	-	-	no
T1	T1-0961	tests quoted clause	発行元 [jw]	1	1	tests/contract/dfc-290-d-321-fr-033-copy-and-paste-reach-the-document.test.ts:44	b	word that only contains 行 (実行/先行/行う...)	-	-	no
T1	T1-0962	tests quoted clause	何行足 [jspec]	1	1	tests/contract/dfc-406-d-411-the-reason-a-refused-write-carries.test.ts:28	b	row of a specification table (表 T-xxx の行 / 本行 / 行 ID)	-	-	no
T1	T1-0963	tests quoted clause	実行時 [jw]	1	1	tests/contract/fr-020-the-four-values-live-in-the-tables-not-in-src.test.ts:16	b	word that only contains 行 (実行/先行/行う...)	-	-	no
T1	T1-0964	tests quoted clause	空行 [jl]	1	1	tests/system/cr-562-the-image-to-grs-json-prompt-is-copied.test.ts:26	b	a line of text (改行/空行/行番号/複数行)	-	-	no
T1	T1-0965	tests quoted clause	親定義 [pwbs]	1	1	tests/system/w3-t2-file-and-picture-clauses.test.ts:15	a	親 = WBS parent of a Task (axis A)	親タスク	parent task	no
T1	T1-0966	tests quoted clause	行数 [jundet]	1	1	tests/system/w3-t2-screen-clauses.test.ts:39	c	meaning not determinable from line or file	要判断	ask	no
T1	T1-0967	tests quoted clause	範囲・基準日・実行日 [jw]	1	1	tests/unit/cr-386-ic-103-planned-dates-beside-the-name.test.ts:41	b	word that only contains 行 (実行/先行/行う...)	-	-	no
T1	T1-0968	tests quoted clause	行・詳 [jtg]	1	1	tests/unit/cr-556-the-deadline-arrow.test.ts:54	a	TaskGroup (行 = chart row) in a quoted spec sentence or comment	タスクグループ	task group	no
T1	T1-0969	tests quoted clause	刊行 [jw]	1	1	tests/unit/cr-565-a-grs-json-is-written-to-its-own-schema.test.ts:25	b	word that only contains 行 (実行/先行/行う...)	-	-	no
T1	T1-0970	tests quoted clause	行作 [jui]	1	1	tests/unit/cr-605-cm-39-carries-exceptions-and-makes-a-calendar.test.ts:30	b	row of another table/list (field row, calendar record, help/palette row)	-	-	no
T1	T1-0971	tests quoted clause	名称・担当者名・行名・文書名・プロパ [jtg~]	1	1	tests/unit/fr-072-a-moved-selection-does-not-open-the-panel.test.ts:79	a	TaskGroup (行 = chart row) in a quoted spec sentence or comment [line silent: file majority]	タスクグループ	task group	no
T1	T1-0972	tests quoted clause	再試行 [jw]	1	1	tests/unit/uf-27-28-29.test.ts:1138	b	word that only contains 行 (実行/先行/行う...)	-	-	no
T1	T1-0973	tests quoted clause	行送 [jl]	1	1	tests/unit/uf-71.test.ts:3239	b	a line of text (改行/空行/行番号/複数行)	-	-	no
T1	T1-0974	tests quoted clause	行列 [jw]	1	1	tests/unit/uf-8-9-replace-document.test.ts:902	b	word that only contains 行 (実行/先行/行う...)	-	-	no
T1	T1-0975	tests file name	cr-441-t-274-principles-and-rows-both-ways.contract.test.ts	1	1	tests/contract/cr-441-t-274-principles-and-rows-both-ways.contract.test.ts	b	test file name: spec-table rows	-	-	no
T1	T1-0976	tests file name	cr-571-search-rows.contract.test.ts	1	1	tests/contract/cr-571-search-rows.contract.test.ts	b	test file name: search-result rows	-	-	no
T1	T1-0977	tests file name	cr-577-a-row-zoom-in-below-the-floor-always-changes-the-picture.test.ts	1	1	tests/contract/cr-577-a-row-zoom-in-below-the-floor-always-changes-the-picture.test.ts	c	test file name with row = TaskGroup (renaming test files is the user call)	ファイル名は利用者判断	cr-577-a-task-group-zoom-in-below-the-floor-always-changes-the-picture.test.ts	no
T1	T1-0978	tests file name	cr-582-the-drawn-floor-of-a-row-follows-the-zoom.test.ts	1	1	tests/contract/cr-582-the-drawn-floor-of-a-row-follows-the-zoom.test.ts	c	test file name with row = TaskGroup (renaming test files is the user call)	ファイル名は利用者判断	cr-582-the-drawn-floor-of-a-task-group-follows-the-zoom.test.ts	no
T1	T1-0979	tests file name	cr-583-milestone-figures-sit-on-the-row-centre.contract.test.ts	1	1	tests/contract/cr-583-milestone-figures-sit-on-the-row-centre.contract.test.ts	c	test file name with row = TaskGroup (renaming test files is the user call)	ファイル名は利用者判断	cr-583-milestone-figures-sit-on-the-task-group-centre.contract.test.ts	no
T1	T1-0980	tests file name	cr-586-the-row-colour-list-is-one-and-black-is-refused.test.ts	1	1	tests/contract/cr-586-the-row-colour-list-is-one-and-black-is-refused.test.ts	c	test file name with row = TaskGroup (renaming test files is the user call)	ファイル名は利用者判断	cr-586-the-task-group-colour-list-is-one-and-black-is-refused.test.ts	no
T1	T1-0981	tests file name	cr-592-monochrome-greys-every-t-236-row.test.ts	1	1	tests/contract/cr-592-monochrome-greys-every-t-236-row.test.ts	b	test file name: spec-table row	-	-	no
T1	T1-0982	tests file name	cr-606-the-panel-rows-follow-t-016.test.ts	1	1	tests/contract/cr-606-the-panel-rows-follow-t-016.test.ts	b	test file name: properties-panel field rows	-	-	no
T1	T1-0983	tests file name	cr-608-an-added-row-opens-until-the-view-shrinks.test.ts	1	1	tests/contract/cr-608-an-added-row-opens-until-the-view-shrinks.test.ts	c	test file name with row = TaskGroup (renaming test files is the user call)	ファイル名は利用者判断	cr-608-an-added-task-group-opens-until-the-view-shrinks.test.ts	no
T1	T1-0984	tests file name	cr-608-the-row-createtaskgroup-makes.test.ts	1	1	tests/contract/cr-608-the-row-createtaskgroup-makes.test.ts	c	test file name with row = TaskGroup (renaming test files is the user call)	ファイル名は利用者判断	cr-608-the-task-group-createtaskgroup-makes.test.ts	no
T1	T1-0985	tests file name	cr-657-group-grid-lines-across-the-row-title-panel.test.ts	1	1	tests/contract/cr-657-group-grid-lines-across-the-row-title-panel.test.ts	c	test file name with row = TaskGroup (renaming test files is the user call)	ファイル名は利用者判断	cr-657-group-grid-lines-across-the-task-group-title-panel.test.ts	no
T1	T1-0986	tests file name	dfc-1720-a-row-control-tip-sits-under-its-row.test.ts	1	1	tests/contract/dfc-1720-a-row-control-tip-sits-under-its-row.test.ts	c	test file name with row = TaskGroup (renaming test files is the user call)	ファイル名は利用者判断	dfc-1720-a-task-group-control-tip-sits-under-its-task-group.test.ts	no
T1	T1-0987	tests file name	dfc-582-every-invariant-row-has-a-dictionary-entry.test.ts	1	1	tests/contract/dfc-582-every-invariant-row-has-a-dictionary-entry.test.ts	b	test file name: spec-table row	-	-	no
T1	T1-0988	tests file name	dfc-587-title-row-entries-are-drawn.test.ts	1	1	tests/contract/dfc-587-title-row-entries-are-drawn.test.ts	c	test file name with row = TaskGroup (renaming test files is the user call)	ファイル名は利用者判断	dfc-587-title-task-group-entries-are-drawn.test.ts	no
T1	T1-0989	tests file name	e24-paste-refused-while-several-rows-are-chosen.test.ts	1	1	tests/contract/e24-paste-refused-while-several-rows-are-chosen.test.ts	c	test file name with row = TaskGroup (renaming test files is the user call)	ファイル名は利用者判断	e24-paste-refused-while-several-task-groups-are-chosen.test.ts	no
T1	T1-0990	tests file name	t-233-reason-words-tell-the-row.contract.test.ts	1	1	tests/contract/t-233-reason-words-tell-the-row.contract.test.ts	b	test file name: row of table T-233	-	-	no
T1	T1-0991	tests file name	w3-t3-a-row-title-width-saved-unchanged-is-no-edit.test.ts	1	1	tests/contract/w3-t3-a-row-title-width-saved-unchanged-is-no-edit.test.ts	c	test file name with row = TaskGroup (renaming test files is the user call)	ファイル名は利用者判断	w3-t3-a-task-group-title-width-saved-unchanged-is-no-edit.test.ts	no
T1	T1-0992	tests file name	w3-t5-fr-039-the-drawn-row-title-panel-width-and-its-floor.contract.test.ts	1	1	tests/contract/w3-t5-fr-039-the-drawn-row-title-panel-width-and-its-floor.contract.test.ts	c	test file name with row = TaskGroup (renaming test files is the user call)	ファイル名は利用者判断	w3-t5-fr-039-the-drawn-task-group-title-panel-width-and-its-floor.contract.test.ts	no
T1	T1-0993	tests file name	w3-t5-in-4-the-selection-rung-stands-for-rows-alone.contract.test.ts	1	1	tests/contract/w3-t5-in-4-the-selection-rung-stands-for-rows-alone.contract.test.ts	c	test file name with row = TaskGroup (renaming test files is the user call)	ファイル名は利用者判断	w3-t5-in-4-the-selection-rung-stands-for-task-groups-alone.contract.test.ts	no
T1	T1-0994	tests file name	row-name-font.ts	1	1	tests/fixtures/row-name-font.ts	c	test file name with row = TaskGroup (renaming test files is the user call)	ファイル名は利用者判断	task-group-name-font.ts	no
T1	T1-0995	tests file name	cr-381-row-names-drawn-at-their-own-size.test.ts	1	1	tests/system/cr-381-row-names-drawn-at-their-own-size.test.ts	c	test file name with row = TaskGroup (renaming test files is the user call)	ファイル名は利用者判断	cr-381-task-group-names-drawn-at-their-own-size.test.ts	no
T1	T1-0996	tests file name	cr-553-a-shown-control-group-stays-its-row.test.ts	1	1	tests/system/cr-553-a-shown-control-group-stays-its-row.test.ts	c	test file name with row = TaskGroup (renaming test files is the user call)	ファイル名は利用者判断	cr-553-a-shown-control-group-stays-its-task-group.test.ts	no
T1	T1-0997	tests file name	cr-657-group-grid-lines-across-the-row-title-panel.test.ts	1	1	tests/system/cr-657-group-grid-lines-across-the-row-title-panel.test.ts	c	test file name with row = TaskGroup (renaming test files is the user call)	ファイル名は利用者判断	cr-657-group-grid-lines-across-the-task-group-title-panel.test.ts	no
T1	T1-0998	tests file name	cr-664-the-colour-rows-line-up-with-the-other-fields.test.ts	1	1	tests/system/cr-664-the-colour-rows-line-up-with-the-other-fields.test.ts	b	test file name: properties-panel field rows	-	-	no
T1	T1-0999	tests file name	fr-019-hm-9-the-row-tree-decides-what-is-below.test.ts	1	1	tests/system/fr-019-hm-9-the-row-tree-decides-what-is-below.test.ts	c	test file name with row = TaskGroup (renaming test files is the user call)	ファイル名は利用者判断	fr-019-hm-9-the-task-group-tree-decides-what-is-below.test.ts	no
T1	T1-1000	tests file name	rows-fixed-with-nothing-holding-them.test.ts	1	1	tests/system/rows-fixed-with-nothing-holding-them.test.ts	c	test file name with row = TaskGroup (renaming test files is the user call)	ファイル名は利用者判断	task-groups-fixed-with-nothing-holding-them.test.ts	no
T1	T1-1001	tests file name	three-rows-read-from-the-spec-alone.test.ts	1	1	tests/system/three-rows-read-from-the-spec-alone.test.ts	b	test file name: spec-table rows	-	-	no
T1	T1-1002	tests file name	w3-t1-a-landed-merge-tells-its-rows.test.ts	1	1	tests/system/w3-t1-a-landed-merge-tells-its-rows.test.ts	c	test file name with row = TaskGroup (renaming test files is the user call)	ファイル名は利用者判断	w3-t1-a-landed-merge-tells-its-task-groups.test.ts	no
T1	T1-1003	tests file name	w3-t1-pinned-rows-that-do-not-fit.test.ts	1	1	tests/system/w3-t1-pinned-rows-that-do-not-fit.test.ts	c	test file name with row = TaskGroup (renaming test files is the user call)	ファイル名は利用者判断	w3-t1-pinned-task-groups-that-do-not-fit.test.ts	no
T1	T1-1004	tests file name	w3-t1-the-wbs-parent-and-the-panel-rows.test.ts	1	1	tests/system/w3-t1-the-wbs-parent-and-the-panel-rows.test.ts	c	test file name with row = TaskGroup (renaming test files is the user call)	ファイル名は利用者判断	w3-t1-the-wbs-parent-and-the-panel-task-groups.test.ts	no
T1	T1-1005	tests file name	w3-t3-the-row-title-panel-head-row.test.ts	1	1	tests/system/w3-t3-the-row-title-panel-head-row.test.ts	c	test file name with row = TaskGroup (renaming test files is the user call)	ファイル名は利用者判断	w3-t3-the-task-group-title-panel-head-task-group.test.ts	no
T1	T1-1006	tests file name	cr-404-a-row-opened-by-hand-stays-open.test.ts	1	1	tests/unit/cr-404-a-row-opened-by-hand-stays-open.test.ts	c	test file name with row = TaskGroup (renaming test files is the user call)	ファイル名は利用者判断	cr-404-a-task-group-opened-by-hand-stays-open.test.ts	no
T1	T1-1007	tests file name	cr-423-the-row-zoom-stops-where-the-picture-stops-changing.test.ts	1	1	tests/unit/cr-423-the-row-zoom-stops-where-the-picture-stops-changing.test.ts	c	test file name with row = TaskGroup (renaming test files is the user call)	ファイル名は利用者判断	cr-423-the-task-group-zoom-stops-where-the-picture-stops-changing.test.ts	no
T1	T1-1008	tests file name	cr-439-row-title-panel-controls-and-pins.test.ts	1	1	tests/unit/cr-439-row-title-panel-controls-and-pins.test.ts	c	test file name with row = TaskGroup (renaming test files is the user call)	ファイル名は利用者判断	cr-439-task-group-title-panel-controls-and-pins.test.ts	no
T1	T1-1009	tests file name	cr-541-row-title-panel-open-all-and-reset.test.ts	1	1	tests/unit/cr-541-row-title-panel-open-all-and-reset.test.ts	c	test file name with row = TaskGroup (renaming test files is the user call)	ファイル名は利用者判断	cr-541-task-group-title-panel-open-all-and-reset.test.ts	no
T1	T1-1010	tests file name	cr-551-delete-all-rows-date-fields-and-colour-field.test.ts	1	1	tests/unit/cr-551-delete-all-rows-date-fields-and-colour-field.test.ts	c	test file name with row = TaskGroup (renaming test files is the user call)	ファイル名は利用者判断	cr-551-delete-all-task-groups-date-fields-and-colour-field.test.ts	no
T1	T1-1011	tests file name	cr-551-row-fields-keys-and-colour-field-settles.test.ts	1	1	tests/unit/cr-551-row-fields-keys-and-colour-field-settles.test.ts	c	test file name with row = TaskGroup (renaming test files is the user call)	ファイル名は利用者判断	cr-551-task-group-fields-keys-and-colour-field-settles.test.ts	no
T1	T1-1012	tests file name	cr-567-an-imported-leaf-task-sits-on-its-parents-row.test.ts	1	1	tests/unit/cr-567-an-imported-leaf-task-sits-on-its-parents-row.test.ts	c	test file name with row = TaskGroup (renaming test files is the user call)	ファイル名は利用者判断	cr-567-an-imported-leaf-task-sits-on-its-parents-task-group.test.ts	no
T1	T1-1013	tests file name	cr-569-the-project-summary-task-is-carried-not-a-row.test.ts	1	1	tests/unit/cr-569-the-project-summary-task-is-carried-not-a-row.test.ts	c	test file name with row = TaskGroup (renaming test files is the user call)	ファイル名は利用者判断	cr-569-the-project-summary-task-is-carried-not-a-task-group.test.ts	no
T1	T1-1014	tests file name	cr-652-palette-rows-and-armed-label.test.ts	1	1	tests/unit/cr-652-palette-rows-and-armed-label.test.ts	b	test file name: command-palette rows	-	-	no
T1	T1-1015	tests file name	fr-019-no-row-for-the-annotation.test.ts	1	1	tests/unit/fr-019-no-row-for-the-annotation.test.ts	c	test file name with row = TaskGroup (renaming test files is the user call)	ファイル名は利用者判断	fr-019-no-task-group-for-the-annotation.test.ts	no
T1	T1-1016	tests file name	fr-085-double-click-a-row-name.test.ts	1	1	tests/unit/fr-085-double-click-a-row-name.test.ts	c	test file name with row = TaskGroup (renaming test files is the user call)	ファイル名は利用者判断	fr-085-double-click-a-task-group-name.test.ts	no
T1	T1-1017	tests file name	t-050-a-document-always-holds-one-row.test.ts	1	1	tests/unit/t-050-a-document-always-holds-one-row.test.ts	c	test file name with row = TaskGroup (renaming test files is the user call)	ファイル名は利用者判断	t-050-a-document-always-holds-one-task-group.test.ts	no
T1	T1-1018	tests file name	t-051-hf-14-a-raised-row-is-visible.test.ts	1	1	tests/unit/t-051-hf-14-a-raised-row-is-visible.test.ts	c	test file name with row = TaskGroup (renaming test files is the user call)	ファイル名は利用者判断	t-051-hf-14-a-raised-task-group-is-visible.test.ts	no
T1	T1-1019	tests file name	t-051-hf-14-the-depth-cap-refuses-a-row.test.ts	1	1	tests/unit/t-051-hf-14-the-depth-cap-refuses-a-row.test.ts	c	test file name with row = TaskGroup (renaming test files is the user call)	ファイル名は利用者判断	t-051-hf-14-the-depth-cap-refuses-a-task-group.test.ts	no
T1	T1-1020	tests file name	t-051-hf-15-grabbing-a-row.test.ts	1	1	tests/unit/t-051-hf-15-grabbing-a-row.test.ts	c	test file name with row = TaskGroup (renaming test files is the user call)	ファイル名は利用者判断	t-051-hf-15-grabbing-a-task-group.test.ts	no
T1	T1-1021	tests file name	t-051-hf-17-adding-a-row-walks-the-rename-road.test.ts	1	1	tests/unit/t-051-hf-17-adding-a-row-walks-the-rename-road.test.ts	c	test file name with row = TaskGroup (renaming test files is the user call)	ファイル名は利用者判断	t-051-hf-17-adding-a-task-group-walks-the-rename-road.test.ts	no
T1	T1-1022	tests file name	t-051-hf-6-ground-under-the-row-controls.test.ts	1	1	tests/unit/t-051-hf-6-ground-under-the-row-controls.test.ts	c	test file name with row = TaskGroup (renaming test files is the user call)	ファイル名は利用者判断	t-051-hf-6-ground-under-the-task-group-controls.test.ts	no
T1	T1-1023	tests file name	t-233-rs-56-a-self-dependency-is-told-its-own-row.test.ts	1	1	tests/unit/t-233-rs-56-a-self-dependency-is-told-its-own-row.test.ts	b	test file name: row of table T-233	-	-	no
T1	T1-1024	tests file name	uf-105-fill-row-title-tree.test.ts	1	1	tests/unit/uf-105-fill-row-title-tree.test.ts	c	test file name with row = TaskGroup (renaming test files is the user call)	ファイル名は利用者判断	uf-105-fill-task-group-title-tree.test.ts	no
T1	T1-1025	tests file name	uc-002-build-rows-as-a-hierarchy.test.ts	1	1	tests/usecase/uc-002-build-rows-as-a-hierarchy.test.ts	c	test file name with row = TaskGroup (renaming test files is the user call)	ファイル名は利用者判断	uc-002-build-task-groups-as-a-hierarchy.test.ts	no
W1	W1-001	screen words	parent in screen words meaning the Task WBS parent (child to parent, the parent is finished...)	14	1	docs/spec/_source/display-words.json:681	a	English screen word for the WBS parent	親タスク	parent task	no
W1	W1-002	screen words	parent in screen words meaning the Task WBS parent (child to parent, the parent is finished...)	14	1	src/adapter/screen-renderer/display-words.json:672	a	English screen word for the WBS parent; generated from docs/spec/_source/display-words.json	親タスク	parent task	yes
W1	W1-003	screen words	「親」単独（Task の WBS の親: 親の名・親を結ぶ・親が決まらない・親の点 ほか）	7	1	docs/spec/_source/display-words.json:5128	a	bare 親 meaning the Task WBS parent	親タスク	parent task	no
W1	W1-004	screen words	「親」単独（Task の WBS の親: 親の名・親を結ぶ・親が決まらない・親の点 ほか）	7	1	src/adapter/screen-renderer/display-words.json:5561	a	bare 親 meaning the Task WBS parent; generated from docs/spec/_source/display-words.json	親タスク	parent task	yes
W1	W1-005	screen words	「親子関係」「親子の関係」（Task の WBS）	5	1	docs/spec/_source/display-words.json:3419	a	WBS parent/child relation of Tasks	親タスクと子タスクの関係	parent-task relation	no
W1	W1-006	screen words	「親子関係」「親子の関係」（Task の WBS）	5	1	src/adapter/screen-renderer/display-words.json:3958	a	WBS parent/child relation of Tasks; generated from docs/spec/_source/display-words.json	親タスクと子タスクの関係	parent-task relation	yes
W1	W1-007	screen words	WBS parent(s)	4	1	docs/spec/_source/display-words.json:681	a	the Task WBS parent	親タスク	parent task(s)	no
W1	W1-008	screen words	WBS parent(s)	4	1	src/adapter/screen-renderer/display-words.json:672	a	the Task WBS parent; generated from docs/spec/_source/display-words.json	親タスク	parent task(s)	yes
W1	W1-009	screen words	「子から親へ」（矢印・引く向き）	3	1	docs/spec/_source/display-words.json:680	a	drag/arrow from child Task to its WBS parent	子タスクから親タスクへ	from the child task to the parent task	no
W1	W1-010	screen words	「WBS の親」	3	1	docs/spec/_source/display-words.json:691	a	the Task WBS parent (Task.wbsParentUid)	親タスク	parent task	no
W1	W1-011	screen words	「子から親へ」（矢印・引く向き）	3	1	src/adapter/screen-renderer/display-words.json:671	a	drag/arrow from child Task to its WBS parent; generated from docs/spec/_source/display-words.json	子タスクから親タスクへ	from the child task to the parent task	yes
W1	W1-012	screen words	「WBS の親」	3	1	src/adapter/screen-renderer/display-words.json:682	a	the Task WBS parent (Task.wbsParentUid); generated from docs/spec/_source/display-words.json	親タスク	parent task	yes
W1	W1-013	screen words	「WBS の親子」	1	1	docs/spec/_source/display-words.json:680	a	WBS parent/child relation of Tasks	親タスクと子タスク	parent and child tasks	no
W1	W1-014	screen words	「親子の進捗の疑義」（K-140 / FR-131）	1	1	docs/spec/_source/display-words.json:2529	a	progress check between a parent Task and its WBS children	親タスクの進捗の疑義	parent-task progress doubt	no
W1	W1-015	screen words	parent link / "WBS parent link"	1	1	docs/spec/_source/display-words.json:4902	a	link between a Task and its WBS parent (or the PR-15 link)	親タスクの結び	parent-task link	no
W1	W1-016	screen words	「WBS の親子」	1	1	src/adapter/screen-renderer/display-words.json:671	a	WBS parent/child relation of Tasks; generated from docs/spec/_source/display-words.json	親タスクと子タスク	parent and child tasks	yes
W1	W1-017	screen words	「親子の進捗の疑義」（K-140 / FR-131）	1	1	src/adapter/screen-renderer/display-words.json:2896	a	progress check between a parent Task and its WBS children; generated from docs/spec/_source/display-words.json	親タスクの進捗の疑義	parent-task progress doubt	yes
W1	W1-018	screen words	parent link / "WBS parent link"	1	1	src/adapter/screen-renderer/display-words.json:5335	a	link between a Task and its WBS parent (or the PR-15 link); generated from docs/spec/_source/display-words.json	親タスクの結び	parent-task link	yes
W1	W1-019	screen words	parentProgress* key text / "{parent}" placeholder inside screen words	5	1	src/adapter/screen-renderer/display-words.json:2893	c	identifier spelled in the dictionary (K-140 key, VS-6 part); generated from docs/spec/_source/display-words.json	parentTaskProgress*	parentTaskProgress*	yes
W1	W1-020	screen words	parentProgress* key text / "{parent}" placeholder inside screen words	4	1	docs/spec/_source/display-words.json:2530	c	identifier spelled in the dictionary (K-140 key, VS-6 part)	parentTaskProgress*	parentTaskProgress*	no
W1	W1-021	screen words	「親定義」（IC-142 の名・親定義のドラッグ）	2	1	docs/spec/_source/display-words.json:687	c	settled icon label IC-142; user picks the new label	親タスク設定	Set Parent Task	no
W1	W1-022	screen words	Set a WBS Parent（IC-142 の英名）	2	1	docs/spec/_source/display-words.json:688	c	settled icon label IC-142	親タスク設定	Set Parent Task	no
W1	W1-023	screen words	「親定義」（IC-142 の名・親定義のドラッグ）	2	1	src/adapter/screen-renderer/display-words.json:678	c	settled icon label IC-142; user picks the new label; generated from docs/spec/_source/display-words.json	親タスク設定	Set Parent Task	yes
W1	W1-024	screen words	Set a WBS Parent（IC-142 の英名）	2	1	src/adapter/screen-renderer/display-words.json:679	c	settled icon label IC-142; generated from docs/spec/_source/display-words.json	親タスク設定	Set Parent Task	yes
W1	W1-025	screen words	「親子判別」（IC-141 の名・S-484）	1	1	docs/spec/_source/display-words.json:676	c	settled icon label IC-141; user picks the new label	親タスク表示	Show Parent Tasks	no
W1	W1-026	screen words	Show WBS Parents（IC-141 の英名）	1	1	docs/spec/_source/display-words.json:677	c	settled icon label IC-141	親タスク表示	Show Parent Tasks	no
W1	W1-027	screen words	「WBS のネストの深さの上限」（K-99 importMaxDepth / S-115）	1	1	docs/spec/_source/display-words.json:2403	c	limits Task WBS depth (wbsParentUid chain, axis A), not TaskGroup depth; settled K-99 name	親タスクの入れ子の深さの上限	Maximum depth of nested parent tasks	no
W1	W1-028	screen words	`wbsParentChoice`	1	1	docs/spec/_source/display-words.json:4883	c	code/data name of the WBS parent; whether code names change is unsettled	parentTaskChoice	parentTaskChoice	no
W1	W1-029	screen words	「親子判別」（IC-141 の名・S-484）	1	1	src/adapter/screen-renderer/display-words.json:667	c	settled icon label IC-141; user picks the new label; generated from docs/spec/_source/display-words.json	親タスク表示	Show Parent Tasks	yes
W1	W1-030	screen words	Show WBS Parents（IC-141 の英名）	1	1	src/adapter/screen-renderer/display-words.json:668	c	settled icon label IC-141; generated from docs/spec/_source/display-words.json	親タスク表示	Show Parent Tasks	yes
W1	W1-031	screen words	「WBS のネストの深さの上限」（K-99 importMaxDepth / S-115）	1	1	src/adapter/screen-renderer/display-words.json:2713	c	limits Task WBS depth (wbsParentUid chain, axis A), not TaskGroup depth; settled K-99 name; generated from docs/spec/_source/display-words.json	親タスクの入れ子の深さの上限	Maximum depth of nested parent tasks	yes
W1	W1-032	screen words	`wbsParentChoice`	1	1	src/adapter/screen-renderer/display-words.json:5316	c	code/data name of the WBS parent; whether code names change is unsettled; generated from docs/spec/_source/display-words.json	parentTaskChoice	parentTaskChoice	yes
W1	W1-033	screen words	transparent / "Transparent"	2	1	docs/spec/_source/display-words.json:4470	b	only contains the letters	-	-	no
W1	W1-034	screen words	transparent / "Transparent"	2	1	src/adapter/screen-renderer/display-words.json:4843	b	only contains the letters; generated from docs/spec/_source/display-words.json	-	-	yes
W1	W1-035	screen words	「親」= TaskGroup の親（親の行・親へ畳み込む・親をまたぐ・同じ親の下の並び）	1	1	docs/spec/_source/display-words.json:3280	b	axis B TaskGroup parent; stays a parent task group (row wording is the row survey)	-	-	no
W1	W1-036	screen words	the row you want as its parent (TaskGroup parent)	1	1	docs/spec/_source/display-words.json:3281	b	axis B TaskGroup parent	-	-	no
W1	W1-037	screen words	「親タスク」（既に新しい語）	1	1	docs/spec/_source/display-words.json:3408	b	already the ruled word	-	-	no
W1	W1-038	screen words	parent task in screen words (already the new word)	1	1	docs/spec/_source/display-words.json:3409	b	already the ruled word	-	-	no
W1	W1-039	screen words	「親」= TaskGroup の親（親の行・親へ畳み込む・親をまたぐ・同じ親の下の並び）	1	1	src/adapter/screen-renderer/display-words.json:3819	b	axis B TaskGroup parent; stays a parent task group (row wording is the row survey); generated from docs/spec/_source/display-words.json	-	-	yes
W1	W1-040	screen words	the row you want as its parent (TaskGroup parent)	1	1	src/adapter/screen-renderer/display-words.json:3820	b	axis B TaskGroup parent; generated from docs/spec/_source/display-words.json	-	-	yes
W1	W1-041	screen words	「親タスク」（既に新しい語）	1	1	src/adapter/screen-renderer/display-words.json:3947	b	already the ruled word; generated from docs/spec/_source/display-words.json	-	-	yes
W1	W1-042	screen words	parent task in screen words (already the new word)	1	1	src/adapter/screen-renderer/display-words.json:3948	b	already the ruled word; generated from docs/spec/_source/display-words.json	-	-	yes
W1	W1-043	spec	「親」単独（Task の WBS の親: 親の名・親を結ぶ・親が決まらない・親の点 ほか）	101	6	docs/spec/01-04-requirements.md:1834 ; docs/spec/05-07-design.md:397 ; docs/spec/_source/erd.json:989	a	bare 親 meaning the Task WBS parent	親タスク	parent task	no
W1	W1-044	spec	「WBS の親」	27	6	docs/spec/01-04-requirements.md:1160 ; docs/spec/_assets/tbl-glossary.md:72 ; docs/spec/_source/erd.json:973	a	the Task WBS parent (Task.wbsParentUid)	親タスク	parent task	no
W1	W1-045	spec	「親子」単独（Task の WBS の親子・導いた親子）	17	4	docs/spec/01-04-requirements.md:257 ; docs/spec/05-07-design.md:1322 ; docs/spec/_assets/tbl-glossary.md:598	a	WBS parent/child of Tasks	親タスクと子タスク	parent and child tasks	no
W1	W1-046	spec	「導いた親」「明記の親」	14	3	docs/spec/01-04-requirements.md:2421 ; docs/spec/05-07-design.md:423 ; docs/spec/_source/published-entries.json:115	a	derived / stated WBS parent (T-318)	導いた親タスク / 明記の親タスク	derived / stated parent task	no
W1	W1-047	spec	「WBS の親子」	10	5	docs/spec/01-04-requirements.md:2421 ; docs/spec/05-07-design.md:339 ; docs/spec/_assets/tbl-glossary.md:597	a	WBS parent/child relation of Tasks	親タスクと子タスク	parent and child tasks	no
W1	W1-048	spec	「親子の進捗の疑義」（K-140 / FR-131）	6	4	docs/spec/01-04-requirements.md:2335 ; docs/spec/_assets/tbl-glossary.md:311 ; docs/spec/_source/erd.json:813	a	progress check between a parent Task and its WBS children	親タスクの進捗の疑義	parent-task progress doubt	no
W1	W1-049	spec	「WBS の親」	6	4	docs/spec/_assets/fig-erd-detail.md:341 ; docs/spec/_assets/tbl-published-entries.md:19 ; docs/spec/_assets/tbl-row-id-prefixes.md:128	a	the Task WBS parent (Task.wbsParentUid); generated from docs/spec/_source/erd.json	親タスク	parent task	yes
W1	W1-050	spec	「親」単独（Task の WBS の親: 親の名・親を結ぶ・親が決まらない・親の点 ほか）	6	3	docs/spec/_assets/fig-erd-detail.md:342 ; docs/spec/_assets/tbl-published-entries.md:19 ; docs/spec/_assets/tbl-settings.md:491	a	bare 親 meaning the Task WBS parent; generated from docs/spec/_source/erd.json	親タスク	parent task	yes
W1	W1-051	spec	「親子関係」「親子の関係」（Task の WBS）	5	1	docs/spec/01-04-requirements.md:1834	a	WBS parent/child relation of Tasks	親タスクと子タスクの関係	parent-task relation	no
W1	W1-052	spec	「子から親へ」（矢印・引く向き）	3	3	docs/spec/01-04-requirements.md:8073 ; docs/spec/05-07-design.md:423 ; docs/spec/_assets/tbl-glossary.md:597	a	drag/arrow from child Task to its WBS parent	子タスクから親タスクへ	from the child task to the parent task	no
W1	W1-053	spec	「WBS の親子」	3	2	docs/spec/_assets/fig-erd-detail.md:207 ; docs/spec/_assets/tbl-settings.md:494	a	WBS parent/child relation of Tasks; generated from docs/spec/_source/erd.json	親タスクと子タスク	parent and child tasks	yes
W1	W1-054	spec	「親子の進捗の疑義」（K-140 / FR-131）	2	2	docs/spec/_assets/fig-erd-detail.md:333 ; docs/spec/_assets/tbl-settings.md:240	a	progress check between a parent Task and its WBS children; generated from docs/spec/_source/erd.json	親タスクの進捗の疑義	parent-task progress doubt	yes
W1	W1-055	spec	「導いた親」「明記の親」	2	1	docs/spec/_assets/tbl-published-entries.md:19	a	derived / stated WBS parent (T-318); generated from docs/spec/_source/published-entries.json	導いた親タスク / 明記の親タスク	derived / stated parent task	yes
W1	W1-056	spec	「WBS 親」（同じ WBS 親を持つ兄弟）	1	1	docs/spec/01-04-requirements.md:1841	a	Task WBS parent (HM-9 sibling rank)	親タスク	parent task	no
W1	W1-057	spec	「親子」単独（Task の WBS の親子・導いた親子）	1	1	docs/spec/_assets/fig-pointer-shapes.svg:63	a	WBS parent/child of Tasks; generated from a generator under tools/	親タスクと子タスク	parent and child tasks	yes
W1	W1-058	spec	「WBS の子孫・子・祖先・兄弟・部分木」/ "WBS descendant/child/sibling/ancestor/subtree/pair"	19	3	docs/spec/01-04-requirements.md:1085 ; docs/spec/05-07-design.md:433 ; docs/spec/_source/state-machines.json:4409	c	relative of a Task in the WBS; ruling names only 親, user decides the rest	子孫タスク・子タスク・祖先タスク・兄弟タスク・部分木	descendant / child / ancestor / sibling tasks	no
W1	W1-059	spec	「親定義」（IC-142 の名・親定義のドラッグ）	8	1	docs/spec/01-04-requirements.md:3450	c	settled icon label IC-142; user picks the new label	親タスク設定	Set Parent Task	no
W1	W1-060	spec	「親子判別」（IC-141 の名・S-484）	8	4	docs/spec/01-04-requirements.md:3767 ; docs/spec/05-07-design.md:514 ; docs/spec/_assets/tbl-glossary.md:598	c	settled icon label IC-141; user picks the new label	親タスク表示	Show Parent Tasks	no
W1	W1-061	spec	「WBS のネストの深さの上限」（K-99 importMaxDepth / S-115）	3	3	docs/spec/01-04-requirements.md:6660 ; docs/spec/_assets/tbl-glossary.md:293 ; docs/spec/_source/settings.json:7762	c	limits Task WBS depth (wbsParentUid chain, axis A), not TaskGroup depth; settled K-99 name	親タスクの入れ子の深さの上限	Maximum depth of nested parent tasks	no
W1	W1-062	spec	WBS Link（行 ID 接頭辞 WL の語）	1	1	docs/spec/_assets/tbl-row-id-prefixes.md:240	c	row-ID prefix words of table T-351 (settled prefix); generated from docs/spec/_source/row-id-prefixes.json	親タスクの手	Parent Task Link	yes
W1	W1-063	spec	「親子判別」（IC-141 の名・S-484）	1	1	docs/spec/_assets/tbl-settings.md:493	c	settled icon label IC-141; user picks the new label; generated from docs/spec/_source/settings.json	親タスク表示	Show Parent Tasks	yes
W1	W1-064	spec	「WBS のネストの深さの上限」（K-99 importMaxDepth / S-115）	1	1	docs/spec/_assets/tbl-settings.md:683	c	limits Task WBS depth (wbsParentUid chain, axis A), not TaskGroup depth; settled K-99 name; generated from docs/spec/_source/settings.json	親タスクの入れ子の深さの上限	Maximum depth of nested parent tasks	yes
W1	W1-065	spec	「WBS の子孫・子・祖先・兄弟・部分木」/ "WBS descendant/child/sibling/ancestor/subtree/pair"	1	1	docs/spec/_assets/tbl-state-machines.md:754	c	relative of a Task in the WBS; ruling names only 親, user decides the rest; generated from docs/spec/_source/state-machines.json	子孫タスク・子タスク・祖先タスク・兄弟タスク・部分木	descendant / child / ancestor / sibling tasks	yes
W1	W1-066	spec	WBS Link（行 ID 接頭辞 WL の語）	1	1	docs/spec/_source/row-id-prefixes.json:1596	c	row-ID prefix words of table T-351 (settled prefix)	親タスクの手	Parent Task Link	no
W1	W1-067	spec	「親」= TaskGroup の親（親の行・親へ畳み込む・親をまたぐ・同じ親の下の並び）	59	6	docs/spec/01-04-requirements.md:1667 ; docs/spec/05-07-design.md:441 ; docs/spec/_assets/tbl-glossary.md:492	b	axis B TaskGroup parent; stays a parent task group (row wording is the row survey)	-	-	no
W1	W1-068	spec	「親」= 状態機械の親状態（親 `shown` の升）	51	1	docs/spec/_assets/tbl-state-machines.md:53	b	parent state of a nested state machine; generated from docs/spec/_source/state-machines.json	-	-	yes
W1	W1-069	spec	「WBS」= タスクの親子の木そのもの（G-6。WBS の深さ・WBS の木・依存と WBS・WBS へ伝わる）	33	6	docs/spec/01-04-requirements.md:43 ; docs/spec/05-07-design.md:489 ; docs/spec/_source/erd.json:1462	b	WBS as the tree name (glossary G-6), not the parent word	-	-	no
W1	W1-070	spec	「外部 WBS マスタ」/ "external WBS master"	22	1	docs/spec/01-04-requirements.md:95	b	settled glossary term G-7 (external tool)	-	-	no
W1	W1-071	spec	「親」= トレースの親（要求・UID・表の親）	10	3	docs/spec/01-04-requirements.md:4439 ; docs/spec/05-07-design.md:1452 ; docs/spec/_source/verification_json_to_md.py:250	b	StrictDoc / traceability parent node	-	-	no
W1	W1-072	spec	「親」= XML 要素の親（xsd:all の親・同じ親の下の子）	8	2	docs/spec/01-04-requirements.md:6335 ; docs/spec/05-07-design.md:487	b	MSPDI XML element parent	-	-	no
W1	W1-073	spec	「親」= 状態機械の親状態（親 `shown` の升）	6	2	docs/spec/05-07-design.md:808 ; docs/spec/_source/state_machines_json_to_md.py:665	b	parent state of a nested state machine	-	-	no
W1	W1-074	spec	「親」= TaskGroup の親（親の行・親へ畳み込む・親をまたぐ・同じ親の下の並び）	5	2	docs/spec/_assets/fig-erd-detail.md:210 ; docs/spec/_assets/tbl-settings.md:204	b	axis B TaskGroup parent; stays a parent task group (row wording is the row survey); generated from docs/spec/_source/erd.json	-	-	yes
W1	W1-075	spec	「親」= 暦の親（弱エンティティ・親の中での出現順）	5	1	docs/spec/_assets/fig-erd-detail.md:253	b	calendar weak-entity parent; generated from docs/spec/_source/erd.json	-	-	yes
W1	W1-076	spec	「親」= 暦の親（弱エンティティ・親の中での出現順）	5	1	docs/spec/_source/erd.json:1858	b	calendar weak-entity parent	-	-	no
W1	W1-077	spec	「WBS」= タスクの親子の木そのもの（G-6。WBS の深さ・WBS の木・依存と WBS・WBS へ伝わる）	4	3	docs/spec/_assets/fig-erd-detail.md:447 ; docs/spec/_assets/tbl-published-entries.md:27 ; docs/spec/_assets/tbl-settings.md:683	b	WBS as the tree name (glossary G-6), not the parent word; generated from docs/spec/_source/erd.json	-	-	yes
W1	W1-078	spec	「親」その他（親クラス・親の文脈=親セッション・親の木・親切・表見出し「親」）	2	2	docs/spec/01-04-requirements.md:8359 ; docs/spec/_source/erd.json:103	b	unrelated parent (OOP, agent, checkout, header) or only contains the character	-	-	no
W1	W1-079	spec	「親タスク」（既に新しい語）	1	1	docs/spec/01-04-requirements.md:8072	b	already the ruled word	-	-	no
W1	W1-080	spec	「親」その他（親クラス・親の文脈=親セッション・親の木・親切・表見出し「親」）	1	1	docs/spec/_assets/fig-erd-detail.md:272	b	unrelated parent (OOP, agent, checkout, header) or only contains the character; generated from docs/spec/_source/erd.json	-	-	yes
W1	W1-081	spec	「親」= トレースの親（要求・UID・表の親）	1	1	docs/spec/_assets/tbl-verification.md:28	b	StrictDoc / traceability parent node; generated from docs/spec/_source/verification.json	-	-	yes
W1	W1-082	spec identifier	`wbsParentUid`	39	9	docs/spec/01-04-requirements.md:257 ; docs/spec/05-07-design.md:664 ; docs/spec/_assets/tbl-glossary.md:72	c	saved GRS JSON column Task.wbsParentUid; renaming changes the file format -- user must choose	parentTaskUid	parentTaskUid	no
W1	W1-083	spec identifier	`wbsParentUid`	7	3	docs/spec/_assets/fig-erd-detail.md:54 ; docs/spec/_assets/tbl-property-items.md:50 ; docs/spec/_assets/tbl-settings.md:683	c	saved GRS JSON column Task.wbsParentUid; renaming changes the file format -- user must choose; generated from docs/spec/_source/erd.json	parentTaskUid	parentTaskUid	yes
W1	W1-084	spec identifier	`wbsParentArmed`	4	1	docs/spec/_source/state-machines.json:1332	c	code/data name of the WBS parent; whether code names change is unsettled	parentTaskArmed	parentTaskArmed	no
W1	W1-085	spec identifier	`wbsParentArmed`	3	1	docs/spec/_assets/tbl-state-machines.md:140	c	code/data name of the WBS parent; whether code names change is unsettled; generated from docs/spec/_source/state-machines.json	parentTaskArmed	parentTaskArmed	yes
W1	W1-086	spec identifier	`setTaskWbsParent`	2	2	docs/spec/01-04-requirements.md:3772 ; docs/spec/_assets/tbl-glossary.md:438	c	code/data name of the WBS parent; whether code names change is unsettled	setTaskParentTask	setTaskParentTask	no
W1	W1-087	spec identifier	`wbs-parent-hold`	2	1	docs/spec/05-07-design.md:339	c	module path / DOM id / sample folder spelled with wbs-parent	parent-task-hold	parent-task-hold	no
W1	W1-088	spec identifier	`wbs-parent-arrows`	2	1	docs/spec/05-07-design.md:348	c	module path / DOM id / sample folder spelled with wbs-parent	parent-task-arrows	parent-task-arrows	no
W1	W1-089	spec identifier	`wbsParentResolutionsOf`	2	1	docs/spec/_assets/tbl-published-entries.md:19	c	code/data name of the WBS parent; whether code names change is unsettled; generated from docs/spec/_source/published-entries.json	parentTaskResolutionsOf	parentTaskResolutionsOf	yes
W1	W1-090	spec identifier	`wbsParentResolutionsOf`	2	1	docs/spec/_source/published-entries.json:187	c	code/data name of the WBS parent; whether code names change is unsettled	parentTaskResolutionsOf	parentTaskResolutionsOf	no
W1	W1-091	spec identifier	`wbsParentChoice`	1	1	docs/spec/01-04-requirements.md:8103	c	code/data name of the WBS parent; whether code names change is unsettled	parentTaskChoice	parentTaskChoice	no
W1	W1-092	spec identifier	`WbsParentResolution`	1	1	docs/spec/_assets/tbl-published-entries.md:19	c	code/data name of the WBS parent; whether code names change is unsettled; generated from docs/spec/_source/published-entries.json	ParentTaskResolution	ParentTaskResolution	yes
W1	W1-093	spec identifier	`WbsParentFamilies`	1	1	docs/spec/_assets/tbl-published-entries.md:24	c	code/data name of the WBS parent; whether code names change is unsettled; generated from docs/spec/_source/published-entries.json	ParentTaskFamilies	ParentTaskFamilies	yes
W1	W1-094	spec identifier	`wbsParentLinksShown`	1	1	docs/spec/_assets/tbl-settings.md:493	c	code/data name of the WBS parent; whether code names change is unsettled; generated from docs/spec/_source/settings.json	parentTaskLinksShown	parentTaskLinksShown	yes
W1	W1-095	spec identifier	`33-wbs-parent-palette-icons`	1	1	docs/spec/_assets/tbl-settings.md:494	c	module path / DOM id / sample folder spelled with wbs-parent; generated from docs/spec/_source/settings.json	33-parent-task-palette-icons	33-parent-task-palette-icons	yes
W1	W1-096	spec identifier	`armModeStateMachine_wbsParentArmed`	1	1	docs/spec/_assets/tbl-state-machines.md:140	c	code/data name of the WBS parent; whether code names change is unsettled; generated from docs/spec/_source/state-machines.json	armModeStateMachine_parentTaskArmed	armModeStateMachine_parentTaskArmed	yes
W1	W1-097	spec identifier	`WbsParentResolution`	1	1	docs/spec/_source/published-entries.json:196	c	code/data name of the WBS parent; whether code names change is unsettled	ParentTaskResolution	ParentTaskResolution	no
W1	W1-098	spec identifier	`WbsParentFamilies`	1	1	docs/spec/_source/published-entries.json:1075	c	code/data name of the WBS parent; whether code names change is unsettled	ParentTaskFamilies	ParentTaskFamilies	no
W1	W1-099	spec identifier	`wbsParentLinksShown`	1	1	docs/spec/_source/settings.json:4959	c	code/data name of the WBS parent; whether code names change is unsettled	parentTaskLinksShown	parentTaskLinksShown	no
W1	W1-100	spec identifier	`33-wbs-parent-palette-icons`	1	1	docs/spec/_source/settings.json:4980	c	module path / DOM id / sample folder spelled with wbs-parent	33-parent-task-palette-icons	33-parent-task-palette-icons	no
W1	W1-101	src identifier	WBS parent(s)	5	4	src/entity/layout-engine/schedule-geometry/wbs-parent-arrows.ts:1 ; src/framework/single-html-shell/wbs-parent-hold.ts:1 ; src/use-case/edit-document/task-group-order.ts:207	a	the Task WBS parent	親タスク	parent task(s)	no
W1	W1-102	src identifier	「親子」単独（Task の WBS の親子・導いた親子）	4	2	src/adapter/screen-renderer/icon-roster.json:689 ; src/adapter/screen-renderer/image-to-grs-json-prompt.json:3	a	WBS parent/child of Tasks; generated from tbl-glossary.md T-109	親タスクと子タスク	parent and child tasks	yes
W1	W1-103	src identifier	「親」単独（Task の WBS の親: 親の名・親を結ぶ・親が決まらない・親の点 ほか）	2	1	src/adapter/screen-renderer/image-to-grs-json-prompt.json:3	a	bare 親 meaning the Task WBS parent; generated from docs/spec/_source/image-to-grs-json-prompt.*.md	親タスク	parent task	yes
W1	W1-104	src identifier	「WBS の親子」	1	1	src/adapter/screen-renderer/icon-roster.json:678	a	WBS parent/child relation of Tasks; generated from tbl-glossary.md T-109	親タスクと子タスク	parent and child tasks	yes
W1	W1-105	src identifier	「子から親へ」（矢印・引く向き）	1	1	src/adapter/screen-renderer/icon-roster.json:678	a	drag/arrow from child Task to its WBS parent; generated from tbl-glossary.md T-109	子タスクから親タスクへ	from the child task to the parent task	yes
W1	W1-106	src identifier	「WBS の親」	1	1	src/adapter/screen-renderer/icon-roster.json:689	a	the Task WBS parent (Task.wbsParentUid); generated from tbl-glossary.md T-109	親タスク	parent task	yes
W1	W1-107	src identifier	`wbsParentLink`	23	11	src/adapter/input-command-translator/armed-placement.ts:117 ; src/adapter/input-command-translator/input-command-translator.ts:491 ; src/adapter/input-command-translator/selection-input.ts:69	c	code/data name of the WBS parent; whether code names change is unsettled	parentTaskLink	parentTaskLink	no
W1	W1-108	src identifier	`wbsParents`	13	6	src/adapter/svg-renderer/schedule-overlays.ts:97 ; src/adapter/svg-renderer/schedule-task-figures.ts:364 ; src/entity/layout-engine/item-hit-area/item-hit-area.ts:1137	c	code/data name of the WBS parent; whether code names change is unsettled	parentTasks	parentTasks	no
W1	W1-109	src identifier	`WbsParentResolution`	13	4	src/entity/document-model/schedule/delay-diagnostics.ts:1189 ; src/entity/document-model/schedule/schedule.ts:82 ; src/entity/layout-engine/schedule-geometry/wbs-parent-arrows.ts:7	c	code/data name of the WBS parent; whether code names change is unsettled	ParentTaskResolution	ParentTaskResolution	no
W1	W1-110	src identifier	`wbsParentArmed`	12	6	src/adapter/input-command-translator/input-command-translator.ts:491 ; src/adapter/input-command-translator/selection-input.ts:139 ; src/adapter/screen-renderer/command-palette.ts:256	c	code/data name of the WBS parent; whether code names change is unsettled	parentTaskArmed	parentTaskArmed	no
W1	W1-111	src identifier	`WbsParentFamilies`	12	4	src/entity/layout-engine/schedule-geometry/schedule-geometry.ts:44 ; src/entity/layout-engine/schedule-geometry/wbs-parent-arrows.ts:13 ; src/framework/single-html-shell/frame-loop.ts:47	c	code/data name of the WBS parent; whether code names change is unsettled	ParentTaskFamilies	ParentTaskFamilies	no
W1	W1-112	src identifier	`wbsParentChoice`	10	4	src/adapter/screen-renderer/notices.ts:36 ; src/adapter/screen-renderer/screen-renderer.ts:661 ; src/framework/single-html-shell/frame-loop.ts:1049	c	code/data name of the WBS parent; whether code names change is unsettled	parentTaskChoice	parentTaskChoice	no
W1	W1-113	src identifier	`isWbsParentLinksShown`	8	4	src/adapter/screen-renderer/command-palette.ts:113 ; src/adapter/screen-renderer/screen-renderer.ts:660 ; src/framework/single-html-shell/frame-loop.ts:1048	c	code/data name of the WBS parent; whether code names change is unsettled	isParentTaskLinksShown	isParentTaskLinksShown	no
W1	W1-114	src identifier	`setTaskWbsParent`	7	5	src/adapter/input-command-translator/armed-placement.ts:110 ; src/adapter/input-command-translator/field-commit.ts:195 ; src/adapter/input-command-translator/shortcut-keys.ts:174	c	code/data name of the WBS parent; whether code names change is unsettled	setTaskParentTask	setTaskParentTask	no
W1	W1-115	src identifier	`wbsParentFamilies`	7	2	src/entity/layout-engine/schedule-geometry/schedule-geometry.ts:559 ; src/framework/single-html-shell/frame-loop.ts:489	c	code/data name of the WBS parent; whether code names change is unsettled	parentTaskFamilies	parentTaskFamilies	no
W1	W1-116	src identifier	`wbsParentResolutionsOf`	6	4	src/adapter/screen-renderer/properties-panel.ts:27 ; src/entity/document-model/schedule/delay-diagnostics.ts:1200 ; src/entity/document-model/schedule/schedule.ts:81	c	code/data name of the WBS parent; whether code names change is unsettled	parentTaskResolutionsOf	parentTaskResolutionsOf	no
W1	W1-117	src identifier	`WbsParentGeometry`	5	2	src/entity/layout-engine/schedule-geometry/schedule-geometry.ts:44 ; src/entity/layout-engine/schedule-geometry/wbs-parent-arrows.ts:53	c	code/data name of the WBS parent; whether code names change is unsettled	ParentTaskGeometry	ParentTaskGeometry	no
W1	W1-118	src identifier	`WbsParentArrowGeometry`	5	1	src/entity/layout-engine/schedule-geometry/wbs-parent-arrows.ts:21	c	code/data name of the WBS parent; whether code names change is unsettled	ParentTaskArrowGeometry	ParentTaskArrowGeometry	no
W1	W1-119	src identifier	`WbsParentChoice`	4	2	src/adapter/screen-renderer/notices.ts:14 ; src/adapter/screen-renderer/screen-renderer.ts:526	c	code/data name of the WBS parent; whether code names change is unsettled	ParentTaskChoice	ParentTaskChoice	no
W1	W1-120	src identifier	`WBS_PARENT_CHOICE_QUESTION`	4	1	src/adapter/screen-renderer/notices.ts:38	c	code/data name of the WBS parent; whether code names change is unsettled	PARENT_TASK_CHOICE_QUESTION	PARENT_TASK_CHOICE_QUESTION	no
W1	W1-121	src identifier	`WbsParentQueryGeometry`	4	1	src/entity/layout-engine/schedule-geometry/wbs-parent-arrows.ts:45	c	code/data name of the WBS parent; whether code names change is unsettled	ParentTaskQueryGeometry	ParentTaskQueryGeometry	no
W1	W1-122	src identifier	`commandFromWbsParentDrag`	3	2	src/adapter/input-command-translator/armed-placement.ts:96 ; src/adapter/input-command-translator/input-command-translator.ts:72	c	code/data name of the WBS parent; whether code names change is unsettled	commandFromParentTaskDrag	commandFromParentTaskDrag	no
W1	W1-123	src identifier	`commandFromWbsParentLinkRelease`	3	2	src/adapter/input-command-translator/armed-placement.ts:115 ; src/adapter/input-command-translator/input-command-translator.ts:73	c	code/data name of the WBS parent; whether code names change is unsettled	commandFromParentTaskLinkRelease	commandFromParentTaskLinkRelease	no
W1	W1-124	src identifier	`wbsParentParts`	3	2	src/adapter/svg-renderer/schedule-overlays.ts:91 ; src/adapter/svg-renderer/svg-renderer.ts:29	c	code/data name of the WBS parent; whether code names change is unsettled	parentTaskParts	parentTaskParts	no
W1	W1-125	src identifier	`derivedWbsParents`	3	1	src/entity/document-model/schedule/delay-diagnostics.ts:93	c	code/data name of the WBS parent; whether code names change is unsettled	derivedParentTasks	derivedParentTasks	no
W1	W1-126	src identifier	`wbsParentGeometryOf`	3	2	src/entity/layout-engine/schedule-geometry/schedule-geometry.ts:44 ; src/entity/layout-engine/schedule-geometry/wbs-parent-arrows.ts:176	c	code/data name of the WBS parent; whether code names change is unsettled	parentTaskGeometryOf	parentTaskGeometryOf	no
W1	W1-127	src identifier	`WbsParentCandidateGeometry`	3	1	src/entity/layout-engine/schedule-geometry/wbs-parent-arrows.ts:38	c	code/data name of the WBS parent; whether code names change is unsettled	ParentTaskCandidateGeometry	ParentTaskCandidateGeometry	no
W1	W1-128	src identifier	`NOT_STORED_WBS_PARENT_ARROW_SIZES`	3	1	src/entity/layout-engine/schedule-geometry/wbs-parent-arrows.ts:96	c	code/data name of the WBS parent; whether code names change is unsettled	NOT_STORED_PARENT_TASK_ARROW_SIZES	NOT_STORED_PARENT_TASK_ARROW_SIZES	no
W1	W1-129	src identifier	`wbsParentHoldOf`	3	2	src/framework/single-html-shell/frame-loop.ts:238 ; src/framework/single-html-shell/wbs-parent-hold.ts:176	c	code/data name of the WBS parent; whether code names change is unsettled	parentTaskHoldOf	parentTaskHoldOf	no
W1	W1-130	src identifier	`WbsParentChoiceStep`	3	1	src/framework/single-html-shell/wbs-parent-hold.ts:42	c	code/data name of the WBS parent; whether code names change is unsettled	ParentTaskChoiceStep	ParentTaskChoiceStep	no
W1	W1-131	src identifier	`WbsParentReadings`	3	1	src/framework/single-html-shell/wbs-parent-hold.ts:47	c	code/data name of the WBS parent; whether code names change is unsettled	ParentTaskReadings	ParentTaskReadings	no
W1	W1-132	src identifier	`isWbsParentArmed`	3	1	src/framework/single-html-shell/wbs-parent-hold.ts:101	c	code/data name of the WBS parent; whether code names change is unsettled	isParentTaskArmed	isParentTaskArmed	no
W1	W1-133	src identifier	`WBS_PARENT_LINKS_ROW`	2	1	src/adapter/screen-renderer/command-palette.ts:103	c	code/data name of the WBS parent; whether code names change is unsettled	PARENT_TASK_LINKS_ROW	PARENT_TASK_LINKS_ROW	no
W1	W1-134	src identifier	`WBS_PARENT_CHOICE_LINKS`	2	1	src/adapter/screen-renderer/notices.ts:40	c	code/data name of the WBS parent; whether code names change is unsettled	PARENT_TASK_CHOICE_LINKS	PARENT_TASK_CHOICE_LINKS	no
W1	W1-135	src identifier	`wbsParentChoiceOf`	2	1	src/adapter/screen-renderer/notices.ts:271	c	code/data name of the WBS parent; whether code names change is unsettled	parentTaskChoiceOf	parentTaskChoiceOf	no
W1	W1-136	src identifier	`DerivedWbsParent`	2	1	src/entity/document-model/schedule/delay-diagnostics.ts:70	c	code/data name of the WBS parent; whether code names change is unsettled	DerivedParentTask	DerivedParentTask	no
W1	W1-137	src identifier	`wbsParentsOf`	2	1	src/entity/document-model/schedule/delay-diagnostics.ts:364	c	code/data name of the WBS parent; whether code names change is unsettled	parentTasksOf	parentTasksOf	no
W1	W1-138	src identifier	`wbsParentLinkHitOf`	2	1	src/entity/layout-engine/item-hit-area/item-hit-area.ts:1136	c	code/data name of the WBS parent; whether code names change is unsettled	parentTaskLinkHitOf	parentTaskLinkHitOf	no
W1	W1-139	src identifier	`wbsParentLinksIn`	2	1	src/entity/layout-engine/item-hit-area/marquee.ts:36	c	code/data name of the WBS parent; whether code names change is unsettled	parentTaskLinksIn	parentTaskLinksIn	no
W1	W1-140	src identifier	`wbs-parent-arrows`	2	1	src/entity/layout-engine/schedule-geometry/schedule-geometry.ts:44	c	module path / DOM id / sample folder spelled with wbs-parent	parent-task-arrows	parent-task-arrows	no
W1	W1-141	src identifier	`NO_WBS_PARENT_GEOMETRY`	2	1	src/entity/layout-engine/schedule-geometry/wbs-parent-arrows.ts:63	c	code/data name of the WBS parent; whether code names change is unsettled	NO_PARENT_TASK_GEOMETRY	NO_PARENT_TASK_GEOMETRY	no
W1	W1-142	src identifier	`spentOnWbsParentChoice`	2	1	src/framework/single-html-shell/frame-loop.ts:2554	c	code/data name of the WBS parent; whether code names change is unsettled	spentOnParentTaskChoice	spentOnParentTaskChoice	no
W1	W1-143	src identifier	`WBS_PARENT_LINKS_ENTRY`	2	1	src/framework/single-html-shell/wbs-parent-hold.ts:17	c	code/data name of the WBS parent; whether code names change is unsettled	PARENT_TASK_LINKS_ENTRY	PARENT_TASK_LINKS_ENTRY	no
W1	W1-144	src identifier	`WBS_PARENT_LINKS_ANSWER`	2	1	src/framework/single-html-shell/wbs-parent-hold.ts:20	c	code/data name of the WBS parent; whether code names change is unsettled	PARENT_TASK_LINKS_ANSWER	PARENT_TASK_LINKS_ANSWER	no
W1	W1-145	src identifier	`wbsParentFamiliesOf`	2	1	src/framework/single-html-shell/wbs-parent-hold.ts:59	c	code/data name of the WBS parent; whether code names change is unsettled	parentTaskFamiliesOf	parentTaskFamiliesOf	no
W1	W1-146	src identifier	`wbsParentViewOf`	2	1	src/framework/single-html-shell/wbs-parent-hold.ts:107	c	code/data name of the WBS parent; whether code names change is unsettled	parentTaskViewOf	parentTaskViewOf	no
W1	W1-147	src identifier	`wbsParentChooserOf`	2	1	src/framework/single-html-shell/wbs-parent-hold.ts:147	c	code/data name of the WBS parent; whether code names change is unsettled	parentTaskChooserOf	parentTaskChooserOf	no
W1	W1-148	src identifier	`wbsParentArmed`	2	1	src/use-case/advance-screen-session/screen-values.ts:198	c	code/data name of the WBS parent; whether code names change is unsettled; generated from docs/spec/_source/state-machines.json	parentTaskArmed	parentTaskArmed	yes
W1	W1-149	src identifier	`wbsParentAfterTheMove`	2	1	src/use-case/edit-document/task-group-order.ts:196	c	code/data name of the WBS parent; whether code names change is unsettled	parentTaskAfterTheMove	parentTaskAfterTheMove	no
W1	W1-150	src identifier	「WBS の子孫・子・祖先・兄弟・部分木」/ "WBS descendant/child/sibling/ancestor/subtree/pair"	2	2	src/use-case/edit-document/task-group-order.ts:200 ; src/use-case/edit-document/task-paste.ts:1	c	relative of a Task in the WBS; ruling names only 親, user decides the rest	子孫タスク・子タスク・祖先タスク・兄弟タスク・部分木	descendant / child / ancestor / sibling tasks	no
W1	W1-151	src identifier	`wbsParent`	2	1	src/use-case/import-document/import-document.ts:126	c	code/data name of the WBS parent; whether code names change is unsettled	parentTask	parentTask	no
W1	W1-152	src identifier	「親子判別」（IC-141 の名・S-484）	1	1	src/adapter/screen-renderer/icon-roster.json:689	c	settled icon label IC-141; user picks the new label; generated from tbl-glossary.md T-109	親タスク表示	Show Parent Tasks	yes
W1	W1-153	src identifier	`wbs-parent-`	1	1	src/adapter/svg-renderer/schedule-overlays.ts:104	c	module path / DOM id / sample folder spelled with wbs-parent	parent-task-	parent-task-	no
W1	W1-154	src identifier	file name `wbs-parent-arrows.ts`	1	1	src/entity/layout-engine/schedule-geometry/wbs-parent-arrows.ts:0	c	source module file NAME	parent-task-arrows.ts	parent-task-arrows.ts	no
W1	W1-155	src identifier	`NOT_STORED_WBS_PARENT_ARROW_SIZES`	1	1	src/entity/layout-engine/schedule-geometry/wbs-parent-arrows.ts:225	c	code/data name of the WBS parent; whether code names change is unsettled; generated from docs/spec/_source/settings.json or state-machines.json	NOT_STORED_PARENT_TASK_ARROW_SIZES	NOT_STORED_PARENT_TASK_ARROW_SIZES	yes
W1	W1-156	src identifier	`wbs-parent-hold`	1	1	src/framework/single-html-shell/frame-loop.ts:238	c	module path / DOM id / sample folder spelled with wbs-parent	parent-task-hold	parent-task-hold	no
W1	W1-157	src identifier	file name `wbs-parent-hold.ts`	1	1	src/framework/single-html-shell/wbs-parent-hold.ts:0	c	source module file NAME	parent-task-hold.ts	parent-task-hold.ts	no
W1	W1-158	src identifier	MSPDI 語（WBSMask / WBSMasks / WBSLevel / `WBS` 要素）	7	1	src/adapter/document-codec/mspdi-child-order.json:83	b	MSPDI term; keep exactly; generated from the MSPDI XSDs	-	-	yes
W1	W1-159	src identifier	「WBS」= タスクの親子の木そのもの（G-6。WBS の深さ・WBS の木・依存と WBS・WBS へ伝わる）	4	4	src/adapter/document-codec/mspdi-imported-rows.ts:1 ; src/use-case/edit-document/edit-task-group.ts:279 ; src/use-case/edit-document/task-group-order.ts:1	b	WBS as the tree name (glossary G-6), not the parent word	-	-	no
W1	W1-160	src identifier	「親」= TaskGroup の親（親の行・親へ畳み込む・親をまたぐ・同じ親の下の並び）	2	1	src/adapter/screen-renderer/image-to-grs-json-prompt.json:3	b	axis B TaskGroup parent; stays a parent task group (row wording is the row survey); generated from docs/spec/_source/image-to-grs-json-prompt.*.md	-	-	yes
W1	W1-161	src identifier	「WBS」= タスクの親子の木そのもの（G-6。WBS の深さ・WBS の木・依存と WBS・WBS へ伝わる）	1	1	src/adapter/screen-renderer/image-to-grs-json-prompt.json:6	b	WBS as the tree name (glossary G-6), not the parent word; generated from docs/spec/_source/image-to-grs-json-prompt.*.md	-	-	yes
W1	W1-162	src saved key	`wbsParentUid`	1066	16	src/adapter/document-codec/mspdi-codec.ts:646 ; src/adapter/document-codec/mspdi-imported-rows.ts:21 ; src/adapter/input-command-translator/field-commit.ts:193	c	saved GRS JSON column Task.wbsParentUid; renaming changes the file format -- user must choose	parentTaskUid	parentTaskUid	no
W1	W1-163	src saved key	`wbsParentUid`	11	4	src/adapter/document-codec/grs-json-schema.ts:144 ; src/adapter/screen-renderer/image-to-grs-json-prompt.json:3 ; src/adapter/screen-renderer/property-items.json:221	c	saved GRS JSON column Task.wbsParentUid; renaming changes the file format -- user must choose; generated from docs/spec/_source/grs-document.schema.json (erd.json)	parentTaskUid	parentTaskUid	yes
W1	W1-164	tests	WBS parent(s)	28	20	tests/contract/cr-633-delay-diagnostics-judges-by-the-link-ends.contract.test.ts:298 ; tests/contract/cr-661-only-the-checked-tasks-are-laid-and-drawn.contract.test.ts:154 ; tests/contract/dfc-406-d-411-the-reason-a-refused-write-carries.test.ts:316	a	the Task WBS parent	親タスク	parent task(s)	no
W1	W1-165	tests	「親」単独（Task の WBS の親: 親の名・親を結ぶ・親が決まらない・親の点 ほか）	26	9	tests/contract/cr-561-the-delay-diagnostics-report.contract.test.ts:29 ; tests/contract/w3-t4-a-child-descendant-is-never-a-parent-candidate.test.ts:13 ; tests/unit/cr-567-an-imported-leaf-task-sits-on-its-parents-row.test.ts:15	a	bare 親 meaning the Task WBS parent	親タスク	parent task	no
W1	W1-166	tests	「WBS の親」	10	6	tests/contract/e24-paste-refused-while-several-rows-are-chosen.test.ts:27 ; tests/system/fr-019-hm-9-the-row-tree-decides-what-is-below.test.ts:667 ; tests/system/w3-t1-the-wbs-parent-and-the-panel-rows.test.ts:16	a	the Task WBS parent (Task.wbsParentUid)	親タスク	parent task	no
W1	W1-167	tests	「親子」単独（Task の WBS の親子・導いた親子）	5	5	tests/contract/cr-430-table-pk-the-pointer-shapes.test.ts:34 ; tests/contract/cr-561-the-delay-diagnostics-report.contract.test.ts:17 ; tests/contract/e24-paste-refused-while-several-rows-are-chosen.test.ts:27	a	WBS parent/child of Tasks	親タスクと子タスク	parent and child tasks	no
W1	W1-168	tests	「導いた親」「明記の親」	5	3	tests/contract/cr-561-the-delay-diagnostics-report.contract.test.ts:27 ; tests/unit/cr-631-wbs-parent-hits-and-hands.test.ts:73 ; tests/unit/cr-631-wbs-parent-resolutions-and-arrows.test.ts:51	a	derived / stated WBS parent (T-318)	導いた親タスク / 明記の親タスク	derived / stated parent task	no
W1	W1-169	tests	「WBS 親」（同じ WBS 親を持つ兄弟）	3	2	tests/system/fr-019-hm-9-the-row-tree-decides-what-is-below.test.ts:681 ; tests/unit/t-051-hf-15-grabbing-a-row.test.ts:801	a	Task WBS parent (HM-9 sibling rank)	親タスク	parent task	no
W1	W1-170	tests	parent link / "WBS parent link"	3	2	tests/unit/cr-631-wbs-parent-hits-and-hands.test.ts:226 ; tests/unit/wl-16-the-parent-link-answers-a-press-as-a-jump.test.ts:1	a	link between a Task and its WBS parent (or the PR-15 link)	親タスクの結び	parent-task link	no
W1	W1-171	tests	「親子関係」「親子の関係」（Task の WBS）	3	2	tests/unit/cr-631-wbs-parent-palette-chooser-and-picture.test.ts:67 ; tests/unit/t-051-hf-15-grabbing-a-row.test.ts:1337	a	WBS parent/child relation of Tasks	親タスクと子タスクの関係	parent-task relation	no
W1	W1-172	tests	「親子の進捗の疑義」（K-140 / FR-131）	1	1	tests/contract/w3-t3-settings-panel-span-status-date-and-scale-fields.test.ts:35	a	progress check between a parent Task and its WBS children	親タスクの進捗の疑義	parent-task progress doubt	no
W1	W1-173	tests	`wbsParentUid`	1243	132	tests/contract/cr-561-agent-api-reads-the-delay-diagnostics.contract.test.ts:65 ; tests/contract/cr-561-the-delay-diagnostics-report.contract.test.ts:27 ; tests/contract/cr-571-agent-api-search.contract.test.ts:67	c	saved GRS JSON column Task.wbsParentUid; renaming changes the file format -- user must choose	parentTaskUid	parentTaskUid	no
W1	W1-174	tests	「WBS の子孫・子・祖先・兄弟・部分木」/ "WBS descendant/child/sibling/ancestor/subtree/pair"	19	9	tests/contract/cr-561-the-delay-diagnostics-report.contract.test.ts:27 ; tests/contract/cr-618-the-mspdi-samples-read-as-managed-projects.contract.test.ts:204 ; tests/contract/cr-633-delay-diagnostics-judges-by-the-link-ends.contract.test.ts:174	c	relative of a Task in the WBS; ruling names only 親, user decides the rest	子孫タスク・子タスク・祖先タスク・兄弟タスク・部分木	descendant / child / ancestor / sibling tasks	no
W1	W1-175	tests	`wbsParentLink`	16	4	tests/unit/cr-631-wbs-parent-hits-and-hands.test.ts:82 ; tests/unit/cr-631-wbs-parent-palette-chooser-and-picture.test.ts:96 ; tests/unit/cr-631-wbs-parent-resolutions-and-arrows.test.ts:256	c	code/data name of the WBS parent; whether code names change is unsettled	parentTaskLink	parentTaskLink	no
W1	W1-176	tests	`wbsParentsOf`	11	2	tests/unit/cr-631-scene.ts:249 ; tests/unit/cr-631-wbs-parent-resolutions-and-arrows.test.ts:36	c	code/data name of the WBS parent; whether code names change is unsettled	parentTasksOf	parentTasksOf	no
W1	W1-177	tests	`wbsParentChoice`	10	2	tests/contract/display-words.contract.test.ts:398 ; tests/unit/cr-631-wbs-parent-palette-chooser-and-picture.test.ts:58	c	code/data name of the WBS parent; whether code names change is unsettled	parentTaskChoice	parentTaskChoice	no
W1	W1-178	tests	`wbsParentResolutionsOf`	10	3	tests/unit/cr-631-scene.ts:9 ; tests/unit/cr-631-wbs-parent-hits-and-hands.test.ts:17 ; tests/unit/cr-631-wbs-parent-resolutions-and-arrows.test.ts:10	c	code/data name of the WBS parent; whether code names change is unsettled	parentTaskResolutionsOf	parentTaskResolutionsOf	no
W1	W1-179	tests	`wbsParentHoldOf`	10	1	tests/unit/cr-631-wbs-parent-palette-chooser-and-picture.test.ts:23	c	code/data name of the WBS parent; whether code names change is unsettled	parentTaskHoldOf	parentTaskHoldOf	no
W1	W1-180	tests	`setTaskWbsParent`	9	2	tests/contract/w3-t4-a-child-descendant-is-never-a-parent-candidate.test.ts:12 ; tests/unit/cr-631-wbs-parent-hits-and-hands.test.ts:196	c	code/data name of the WBS parent; whether code names change is unsettled	setTaskParentTask	setTaskParentTask	no
W1	W1-181	tests	`wbsParents`	7	3	tests/contract/cr-661-only-the-checked-tasks-are-laid-and-drawn.contract.test.ts:246 ; tests/system/duplicate-paste-and-dual-cursor.test.ts:568 ; tests/unit/cr-631-scene.ts:250	c	code/data name of the WBS parent; whether code names change is unsettled	parentTasks	parentTasks	no
W1	W1-182	tests	`wbsParentArmed`	6	4	tests/contract/dfc-295-entering-the-dual-cursor-drops-the-arm.test.ts:336 ; tests/unit/cr-631-scene.ts:198 ; tests/unit/cr-631-wbs-parent-hits-and-hands.test.ts:228	c	code/data name of the WBS parent; whether code names change is unsettled	parentTaskArmed	parentTaskArmed	no
W1	W1-183	tests	`isWbsParentLinksShown`	6	1	tests/unit/cr-631-wbs-parent-palette-chooser-and-picture.test.ts:122	c	code/data name of the WBS parent; whether code names change is unsettled	isParentTaskLinksShown	isParentTaskLinksShown	no
W1	W1-184	tests	`derivedWbsParents`	5	5	tests/contract/cr-633-delay-diagnostics-judges-by-the-link-ends.contract.test.ts:325 ; tests/contract/cr-660-the-two-tables-lead-with-status-and-filter-like-excel.contract.test.ts:270 ; tests/contract/cr-670-the-report-joins-dates-with-a-dash-and-speaks-reasons-in-words.contract.test.ts:105	c	code/data name of the WBS parent; whether code names change is unsettled	derivedParentTasks	derivedParentTasks	no
W1	W1-185	tests	`WbsParentFamilies`	5	2	tests/contract/cr-661-only-the-checked-tasks-are-laid-and-drawn.contract.test.ts:14 ; tests/unit/cr-631-scene.ts:14	c	code/data name of the WBS parent; whether code names change is unsettled	ParentTaskFamilies	ParentTaskFamilies	no
W1	W1-186	tests	`wbsParentOfItself`	5	1	tests/unit/nt-8-enter-keeps-the-telling-its-own-settling-raised.test.ts:253	c	code/data name of the WBS parent; whether code names change is unsettled	parentTaskOfItself	parentTaskOfItself	no
W1	W1-187	tests	`WBS_PARENT_CHOICE`	3	1	tests/contract/display-words.contract.test.ts:2406	c	code/data name of the WBS parent; whether code names change is unsettled	PARENT_TASK_CHOICE	PARENT_TASK_CHOICE	no
W1	W1-188	tests	`wbsParentOf`	3	2	tests/system/w3-t1-stage.ts:16 ; tests/system/w3-t1-the-wbs-parent-and-the-panel-rows.test.ts:46	c	code/data name of the WBS parent; whether code names change is unsettled	parentTaskOf	parentTaskOf	no
W1	W1-189	tests	`ARM_WBS_PARENT`	3	1	tests/system/w3-t1-the-wbs-parent-and-the-panel-rows.test.ts:26	c	code/data name of the WBS parent; whether code names change is unsettled	ARM_PARENT_TASK	ARM_PARENT_TASK	no
W1	W1-190	tests	`t-016-choosing-the-wbs-parent`	2	1	tests/contract/dfc-286-fr-044-emptying-a-set-resume-date-clears-resume-valid.test.ts:51	c	module path / DOM id / sample folder spelled with wbs-parent	t-016-choosing-the-parent-task	t-016-choosing-the-parent-task	no
W1	W1-191	tests	`wbsParentParts`	2	1	tests/unit/cr-631-wbs-parent-palette-chooser-and-picture.test.ts:12	c	code/data name of the WBS parent; whether code names change is unsettled	parentTaskParts	parentTaskParts	no
W1	W1-192	tests	「親子判別」（IC-141 の名・S-484）	2	1	tests/unit/cr-631-wbs-parent-palette-chooser-and-picture.test.ts:69	c	settled icon label IC-141; user picks the new label	親タスク表示	Show Parent Tasks	no
W1	W1-193	tests	`wbs-parent-arrows`	1	1	tests/contract/cr-661-only-the-checked-tasks-are-laid-and-drawn.contract.test.ts:14	c	module path / DOM id / sample folder spelled with wbs-parent	parent-task-arrows	parent-task-arrows	no
W1	W1-194	tests	file name `w3-t1-the-wbs-parent-and-the-panel-rows.test.ts`	1	1	tests/system/w3-t1-the-wbs-parent-and-the-panel-rows.test.ts:0	c	test file NAME	w3-t1-the-parent-task-and-the-panel-rows.test.ts	w3-t1-the-parent-task-and-the-panel-rows.test.ts	no
W1	W1-195	tests	「親定義」（IC-142 の名・親定義のドラッグ）	1	1	tests/system/w3-t2-file-and-picture-clauses.test.ts:15	c	settled icon label IC-142; user picks the new label	親タスク設定	Set Parent Task	no
W1	W1-196	tests	file name `cr-631-wbs-parent-hits-and-hands.test.ts`	1	1	tests/unit/cr-631-wbs-parent-hits-and-hands.test.ts:0	c	test file NAME	cr-631-parent-task-hits-and-hands.test.ts	cr-631-parent-task-hits-and-hands.test.ts	no
W1	W1-197	tests	file name `cr-631-wbs-parent-palette-chooser-and-picture.test.ts`	1	1	tests/unit/cr-631-wbs-parent-palette-chooser-and-picture.test.ts:0	c	test file NAME	cr-631-parent-task-palette-chooser-and-picture.test.ts	cr-631-parent-task-palette-chooser-and-picture.test.ts	no
W1	W1-198	tests	`wbs-parent-hold`	1	1	tests/unit/cr-631-wbs-parent-palette-chooser-and-picture.test.ts:24	c	module path / DOM id / sample folder spelled with wbs-parent	parent-task-hold	parent-task-hold	no
W1	W1-199	tests	`wbs-parent-`	1	1	tests/unit/cr-631-wbs-parent-palette-chooser-and-picture.test.ts:320	c	module path / DOM id / sample folder spelled with wbs-parent	parent-task-	parent-task-	no
W1	W1-200	tests	file name `cr-631-wbs-parent-resolutions-and-arrows.test.ts`	1	1	tests/unit/cr-631-wbs-parent-resolutions-and-arrows.test.ts:0	c	test file NAME	cr-631-parent-task-resolutions-and-arrows.test.ts	cr-631-parent-task-resolutions-and-arrows.test.ts	no
W1	W1-201	tests	「親」= TaskGroup の親（親の行・親へ畳み込む・親をまたぐ・同じ親の下の並び）	40	7	tests/contract/cr-608-an-added-row-opens-until-the-view-shrinks.test.ts:25 ; tests/unit/fr-027-startup-shows-its-depth.test.ts:462 ; tests/unit/t-015-t-051-the-four-folding-controls.test.ts:679	b	axis B TaskGroup parent; stays a parent task group (row wording is the row survey)	-	-	no
W1	W1-202	tests	「WBS」= タスクの親子の木そのもの（G-6。WBS の深さ・WBS の木・依存と WBS・WBS へ伝わる）	38	15	tests/contract/dfc-290-d-321-fr-033-copy-and-paste-reach-the-document.test.ts:267 ; tests/contract/e24-paste-refused-while-several-rows-are-chosen.test.ts:58 ; tests/contract/w3-t4-a-child-descendant-is-never-a-parent-candidate.test.ts:13	b	WBS as the tree name (glossary G-6), not the parent word	-	-	no
W1	W1-203	tests	「親」= XML 要素の親（xsd:all の親・同じ親の下の子）	5	3	tests/contract/cr-429-mr-1-mr-2-ex-10-child-order.test.ts:26 ; tests/contract/cr-429-mr-3-the-first-of-a-repeated-leaf.test.ts:23 ; tests/unit/cr-429-rs-60-the-notice-is-raised.test.ts:310	b	MSPDI XML element parent	-	-	no
W1	W1-204	tests	「外部 WBS マスタ」/ "external WBS master"	3	2	tests/system/fr-073-fr-022-the-difference-review-that-is-not-there.test.ts:905 ; tests/usecase/uc-010-exchange-with-an-external-wbs-master.test.ts:1	b	settled glossary term G-7 (external tool)	-	-	no
W1	W1-205	tests	MSPDI 語（WBSMask / WBSMasks / WBSLevel / `WBS` 要素）	1	1	tests/unit/cr-646-stage.ts:267	b	MSPDI term; keep exactly	-	-	no
W1	W1-206	development-rules	「WBS の親子」	1	1	docs/development-rules/03-implementation.md:103	a	WBS parent/child relation of Tasks	親タスクと子タスク	parent and child tasks	no
W1	W1-207	development-rules	「導いた親」「明記の親」	1	1	docs/development-rules/03-implementation.md:103	a	derived / stated WBS parent (T-318)	導いた親タスク / 明記の親タスク	derived / stated parent task	no
W1	W1-208	development-rules	`NOT_STORED_WBS_PARENT_ARROW_SIZES`	1	1	docs/development-rules/03-implementation.md:103	c	code/data name of the WBS parent; whether code names change is unsettled	NOT_STORED_PARENT_TASK_ARROW_SIZES	NOT_STORED_PARENT_TASK_ARROW_SIZES	no
W1	W1-209	development-rules	「親」= トレースの親（要求・UID・表の親）	46	4	docs/development-rules/08-spec-template/00-ai-guide.md:29 ; docs/development-rules/08-spec-template/01-ai-queries.md:250 ; docs/development-rules/08-spec-template/spec-template.md:374	b	StrictDoc / traceability parent node	-	-	no
W1	W1-210	development-rules	「親」その他（親クラス・親の文脈=親セッション・親の木・親切・表見出し「親」）	14	4	docs/development-rules/04-verification.md:516 ; docs/development-rules/05-working-method.md:233 ; docs/development-rules/07-review-standards.md:128	b	unrelated parent (OOP, agent, checkout, header) or only contains the character	-	-	no
